,cond,cell_tpye
lca_fl_GTGCAGCTCGTAGTGT-1,lca_fl,MP
lca_fl_TTGAGTGCACTAACCA-1,lca_fl,SMC
2dl_GAGACTTCAGCTGTAT-1,2dl,EC
rca_lo_GCAGGCTCACGGGCTT-1,rca_lo,SMC
pcsk9_wtd_AGACAAAAGCGAGTAC-1,pcsk9_wtd,SMC
ctrl_lo_AACGAAACATCGCTGG-1,ctrl_lo,FB
lca_fl_CTAGGTATCGCTGCGA-1,lca_fl,MP
lca_ld_TTGTGGATCGTGTGGC-1,lca_ld,MP
lca_lo_TAGAGTCGTAGCTTTG-1,lca_lo,NK
ctrl_wtd_CATGCGGGTTACCCAA-1,ctrl_wtd,SMC
rca_lo_GGATGTTCAACACACT-1,rca_lo,SMC
pcsk9_wtd_TACAGGTTCCGATCGG-1,pcsk9_wtd,SMC
lca_lo_CGGAATTTCTGTAACG-1,lca_lo,DC
lca_fl_GCTTTCGGTCCAGAAG-1,lca_fl,EC
lca_ld_CCCTGATGTGGTGATG-1,lca_ld,MP
rca_lo_TACACCCCATCAGCAT-1,rca_lo,FB
lca_fl_TCTCTGGAGGTAACTA-1,lca_fl,MP
2wl_CCGTTCAAGTATAACG-1,2wl,SMC
lca_fl_CCGTAGGCATTGAAGA-1,lca_fl,NT
pcsk9_wtd_AGTCAACGTCTTCATT-1,pcsk9_wtd,FB
lca_ld_TGCAGATAGTCAAGCG-1,lca_ld,SMC
2wl_GACTTCCTCATCTGTT-1,2wl,EC
2wr_ATTGGGTTCGGTAACT-1,2wr,EC
lca_ld_CAAGACTTCAATCCGA-1,lca_ld,EC
2wl_GGTCTGGTCCTAGCGG-1,2wl,EC
lca_ld_AACGTCAAGATGGCAC-1,lca_ld,MP
ctrl_wtd_AGCATCAGTGATTCTG-1,ctrl_wtd,SMC
rca_l_AGAACCTTCGGCATAT-1,rca_l,SMC
rca_lo_ATTCAGGAGCTGTCCG-1,rca_lo,SMC
lca_ld_CCGGACATCGGTAACT-1,lca_ld,DC
lca_ld_GCACGTGGTTAGGACG-1,lca_ld,EC
lca_wtd_CCTCAACCACGTAACT-1,lca_wtd,MP
lca_ld_TTGTTTGTCCCTCATG-1,lca_ld,DC
pcsk9_lo_TTGCATTCAATTGAGA-1,pcsk9_lo,MP
rca_lo_GACGCTGAGCTGGAGT-1,rca_lo,SMC
pcsk9_wtd_CTTCTCTGTGGTTTAC-1,pcsk9_wtd,SMC
ctrl_wtd_GACAGCCTCGAACTCA-1,ctrl_wtd,MP
ctrl_wtd_AGCCAGCAGTCTAACC-1,ctrl_wtd,SMC
lca_l_TTGTTTGGTACCGGAA-1,lca_l,SMC
lca_ld_TTCATGTTCTTAGCAG-1,lca_ld,SMC
rca_wtd_GAGCTGCCATGGTGGA-1,rca_wtd,SMC
lca_ld_TTACGCCTCGTCACCT-1,lca_ld,SMC
lca_ld_GAGGCAAAGCCTGCCA-1,lca_ld,SMC
lca_lo_TCTCACGCAGAAGTGC-1,lca_lo,SMC
2dr_CGCCATTGTCCCTCAT-1,2dr,EC
rca_lo_TAGACCAGTCTTACAG-1,rca_lo,SMC
lca_wtd_GATGTTGAGGTCGTAG-1,lca_wtd,FB
lca_ld_ACTCCCATCACTCTTA-1,lca_ld,NT
lca_ld_GTCCCATGTAACAGGC-1,lca_ld,MP
lca_ld_GAAACCTAGAATCGAT-1,lca_ld,MP
lca_lo_CTATCCGTCGCTCCTA-1,lca_lo,MP
pcsk9_wtd_TTCCTCTAGACTCTTG-1,pcsk9_wtd,SMC
rca_ld_CCACGTTAGCGCCATC-1,rca_ld,EC
pcsk9_lo_CAACAGTCACAGCCTG-1,pcsk9_lo,FB
lca_ld_TCATGCCAGGAACGAA-1,lca_ld,DC
rca_lo_TCCTCCCAGCGAAACC-1,rca_lo,SMC
2dr_CATGCGGAGCTGTTCA-1,2dr,EC
lca_ld_GCCAACGCAGTTAAAG-1,lca_ld,SMC
ctrl_lo_CTGAGGCTCTCCCTAG-1,ctrl_lo,EC
lca_ld_CCGTAGGAGGAGTACC-1,lca_ld,SMC
pcsk9_wtd_ATGGGAGCACTTCAAG-1,pcsk9_wtd,FB
pcsk9_lo_GAGTGAGGTCCCAAAT-1,pcsk9_lo,FB
lca_ld_TCATTTGTCCGATCGG-1,lca_ld,SMC
ctrl_lo_CCCGAAGGTCTGTTAG-1,ctrl_lo,EC
lca_lo_TGGAGAGGTTAAACAG-1,lca_lo,MP
lca_lo_GCGAGAAAGGAAGTCC-1,lca_lo,FB
lca_l_TGTCCACCACTTCAAG-1,lca_l,SMC
rca_wtd_ACTATCTTCAGCTTCC-1,rca_wtd,FB
ctrl_lo_CTGATCCCATTACTCT-1,ctrl_lo,FB
lca_ld_CTCCCAATCCCACAGG-1,lca_ld,MP
lca_ld_CTAAGTGGTGAAGCTG-1,lca_ld,SMC
lca_lo_ACAACCAGTCAAAGAT-1,lca_lo,FB
ctrl_fl_CCAAGCGCACTAACCA-1,ctrl_fl,EC
lca_ld_CGTCAAACACGCCAGT-1,lca_ld,MP
lca_fl_ACGGTTAAGCTCGTGC-1,lca_fl,DC
rca_l_GTGGGAACACTGTGTA-1,rca_l,SMC
pcsk9_lo_GTTACCCTCTCTCTAA-1,pcsk9_lo,SMC
pcsk9_lo_GTACAGTGTTCTCCTG-1,pcsk9_lo,FB
2dl_GAGATGGGTGTGCTTA-1,2dl,SMC
pcsk9_lo_TCACATTAGCACGTCC-1,pcsk9_lo,SMC
pcsk9_lo_TAACTTCTCATGACAC-1,pcsk9_lo,EC
lca_l_CGGTCAGGTACGATGG-1,lca_l,SMC
lca_wtd_TCAGTTTCACTCATAG-1,lca_wtd,FB
lca_l_TTCCTAAGTTGCCGCA-1,lca_l,EC
lca_ld_GTAATGCTCAGACTGT-1,lca_ld,EC
lca_ld_AGGCTGCTCCGTAGGC-1,lca_ld,MP
pcsk9_lo_ATCCTATGTGGCTTAT-1,pcsk9_lo,SMC
lca_ld_CACGAATGTGCAGATG-1,lca_ld,DC
2dr_CAATACGGTGGTGATG-1,2dr,EC
2wl_TAATCTCTCGCCTAGG-1,2wl,MP
rca_lo_ACGATCACAGTCAGTT-1,rca_lo,SMC
2wl_CATCGTCGTGCGGTAA-1,2wl,EC
ctrl_wtd_TCGATTTGTGGGAGAG-1,ctrl_wtd,SMC
pcsk9_wtd_GGTGGCTTCCGCAGTG-1,pcsk9_wtd,SMC
lca_ld_AGATCCAGTTCAATCG-1,lca_ld,MP
lca_l_GCGATCGCAGCTTCCT-1,lca_l,SMC
lca_l_CTCCGATCACTACGGC-1,lca_l,TC
2wr_AGTCAACAGCCTGACC-1,2wr,EC
rca_lo_CCGGTGAGTTTCGTGA-1,rca_lo,FB
lca_fl_GTAGGAGGTACCACGC-1,lca_fl,MP
lca_ld_TGTCCTGTCGCTAAAC-1,lca_ld,MP
lca_ld_TCTACATCATGGAATA-1,lca_ld,EC
lca_ld_TTCACGCAGTGGCCTC-1,lca_ld,MP
lca_ld_CCACTTGAGTACCCTA-1,lca_ld,MP
lca_lo_AATGGAAGTGGAATGC-1,lca_lo,FB
2dl_CGTTCTGCATTACTCT-1,2dl,MP
2dr_AGGACTTTCCATTGGA-1,2dr,EC
rca_wtd_AACGAAACACACCAGC-1,rca_wtd,SMC
rca_lo_TCTGTCGCATAACCCA-1,rca_lo,EC
rca_fl_GAAGCGAAGTGGTTAA-1,rca_fl,EC
lca_l_TTCTTCCGTTGCCATA-1,lca_l,FB
rca_l_GCACATAGTCACTTAG-1,rca_l,SMC
lca_ld_GTCATTTCAAATGCTC-1,lca_ld,MP
rca_l_CAGCACGTCGAGTACT-1,rca_l,SMC
lca_l_CTTCGGTAGAAGCCTG-1,lca_l,FB
lca_l_CTCCTCCGTTTCCCAC-1,lca_l,EC
ctrl_wtd_GTCAAGTCACAACCGC-1,ctrl_wtd,SMC
pcsk9_wtd_GTTGAACGTACTCGCG-1,pcsk9_wtd,FB
rca_ld_AGGATCTGTCCTGTTC-1,rca_ld,EC
ctrl_wtd_GTGGGAAGTATCAGCT-1,ctrl_wtd,SMC
lca_ld_AACCAACTCACACCGG-1,lca_ld,DC
lca_ld_TTCTAGTTCGACCACG-1,lca_ld,SMC
lca_lo_ATACTTCGTTGCTGAT-1,lca_lo,FB
lca_ld_GCAGTTAGTCATACCA-1,lca_ld,MP
rca_lo_CATGCTCCAGCGACAA-1,rca_lo,SMC
rca_lo_TGATCTTTCATCCTGC-1,rca_lo,FB
lca_ld_ACTTCGCAGGTTGTTC-1,lca_ld,EC
ctrl_wtd_GGTAATCTCAACTCTT-1,ctrl_wtd,SMC
lca_lo_CGAAGTTGTCTAGGTT-1,lca_lo,SMC
rca_lo_TTACGCCTCTGCTCTG-1,rca_lo,SMC
rca_lo_CGTAGTACACGTCATA-1,rca_lo,FB
ctrl_wtd_GCACGTGGTCTAGTGT-1,ctrl_wtd,SMC
lca_ld_TGAGCATAGACGGTTG-1,lca_ld,EC
lca_ld_AGGGTCCTCTTGAGCA-1,lca_ld,DC
rca_ld_CCCTGATGTTGTTGCA-1,rca_ld,EC
lca_ld_ATAGAGAGTTCTCGTC-1,lca_ld,SMC
lca_lo_ATCACAGAGACTACGG-1,lca_lo,SMC
pcsk9_ld_CACTTCGGTGTTAACC-1,pcsk9_ld,EC
ctrl_fl_TGCTTGCTCTGACAGT-1,ctrl_fl,EC
rca_l_GCAGCCATCTCGCTCA-1,rca_l,FB
lca_ld_CGAGGAAGTCTCAGAT-1,lca_ld,MP
lca_l_TGCTCCAGTGACAGCA-1,lca_l,FB
lca_l_AACCTTTGTGGTCTAT-1,lca_l,SMC
lca_ld_GTCCCATGTCGCATGC-1,lca_ld,MP
lca_lo_GGCAGTCGTTGACTGT-1,lca_lo,MP
2dr_GTCCTCAGTCATAAAG-1,2dr,EC
lca_lo_AGCGCCAAGCTGGCTC-1,lca_lo,SMC
lca_l_AGCCACGAGCTGGCTC-1,lca_l,FB
lca_ld_AACCACACAGTTCCAA-1,lca_ld,MP
lca_ld_TACTGCCCAAGCGAAC-1,lca_ld,MP
lca_fl_TGCACGGGTGGTCTCG-1,lca_fl,NK
lca_l_CCTACGTCACTAGGCC-1,lca_l,FB
2dr_ACTTATCAGCCTGAGA-1,2dr,EC
pcsk9_wtd_GTCTACCCATGAGGGT-1,pcsk9_wtd,SMC
lca_fl_TATTCCAAGACATAGT-1,lca_fl,MP
lca_ld_CAACGGCTCAACTCTT-1,lca_ld,EC
lca_fl_TGAGGAGGTAGGCAGT-1,lca_fl,MP
lca_ld_GAGGCCTAGCCGTTGC-1,lca_ld,SMC
rca_lo_GGATGTTCAGAGCGTA-1,rca_lo,FB
ctrl_lo_GCTTCACGTACCCACG-1,ctrl_lo,SMC
lca_lo_CTTCTCTCAGAACTCT-1,lca_lo,TC
lca_l_TTGGATGAGTGCGACA-1,lca_l,SMC
lca_ld_TGGAGAGGTCGAATTC-1,lca_ld,MP
2wl_GTTACAGTCAAATAGG-1,2wl,EC
lca_ld_GTAGCTAAGTAACCGG-1,lca_ld,SMC
lca_ld_TCAGCCTTCACCGCTT-1,lca_ld,MP
rca_lo_GGAATGGAGAGCTTTC-1,rca_lo,MP
lca_ld_GCTTCACAGATTGGGC-1,lca_ld,MP
lca_ld_GTCGAATTCCTCTCTT-1,lca_ld,MP
rca_lo_TCACTCGTCTAACGGT-1,rca_lo,EC
rca_ld_AGTGATCTCTTTGGAG-1,rca_ld,EC
rca_lo_GAAGGACCAGAGATTA-1,rca_lo,FB
rca_lo_AGCATCAGTAACCCTA-1,rca_lo,SMC
lca_ld_GGCGTCAGTATCCTCC-1,lca_ld,MP
lca_fl_AATGGCTTCTCCTGAC-1,lca_fl,DC
lca_ld_CTTGATTGTTGTCCCT-1,lca_ld,EC
lca_fl_GAGTGAGAGCTTCTAG-1,lca_fl,MP
lca_ld_TGATGCAGTCTTCGAA-1,lca_ld,SMC
lca_lo_GTGAGCCAGCCTGTGC-1,lca_lo,SMC
rca_wtd_GTTCATTGTCCAGAAG-1,rca_wtd,FB
pcsk9_lo_CTTAGGAGTATAGGGC-1,pcsk9_lo,SMC
lca_fl_GATTGGTCAGCTGTGC-1,lca_fl,MP
rca_f_TAACTTCCATTGCTGA-1,rca_f,FB
lca_ld_GAATCGTAGCGAATGC-1,lca_ld,EC
lca_lo_ACTGTCCGTTGCTGAT-1,lca_lo,MP
lca_ld_CTCAGTCAGGTGAGAA-1,lca_ld,EC
lca_ld_GCCATGGCATCTTCGC-1,lca_ld,EC
lca_fl_TGTCCACCATCATTTC-1,lca_fl,SMC
lca_lo_TCCCATGTCCGTCACT-1,lca_lo,FB
lca_ld_CGATGGCAGACGAGCT-1,lca_ld,MP
ctrl_wtd_TTGCATTCACAAGCAG-1,ctrl_wtd,SMC
rca_lo_TGGTACATCGCCTATC-1,rca_lo,SMC
lca_lo_AGAACAATCGGCATCG-1,lca_lo,MP
lca_ld_GTCATTTTCATAGGCT-1,lca_ld,MP
lca_ld_TCAGTTTTCCGCATAA-1,lca_ld,MP
rca_lo_TTCGATTCAACTCGAT-1,rca_lo,SMC
lca_ld_TTTAGTCGTGCGTGCT-1,lca_ld,MP
lca_lo_CATTGAGCATCGGTTA-1,lca_lo,SMC
lca_ld_TCTCTGGAGTGAATAC-1,lca_ld,MP
lca_ld_GGGACAAAGGAATTAC-1,lca_ld,MP
ctrl_lo_TTCTTCCGTTGTGCCG-1,ctrl_lo,SMC
rca_wtd_GGTCTGGGTAAGCAAT-1,rca_wtd,FB
lca_ld_CAAAGAATCCTCTAGC-1,lca_ld,MP
rca_ld_GGTGATTTCAACACGT-1,rca_ld,EC
rca_lo_GGTTAACGTCCTCAGG-1,rca_lo,FB
2dl_AAGCGAGGTCAAGGCA-1,2dl,SMC
lca_l_GAGTTACGTAAGTCAA-1,lca_l,MP
rca_wtd_TATGTTCTCGAATCCA-1,rca_wtd,FB
lca_ld_ACGTTCCTCCGATAAC-1,lca_ld,TC
pcsk9_lo_TTGTTCACAACATACC-1,pcsk9_lo,SMC
lca_l_CTCCGATTCCAACCAA-1,lca_l,MP
lca_ld_CTGGACGGTCCAGGTC-1,lca_ld,MP
lca_fl_TTGGGCGCAAGTGATA-1,lca_fl,MP
lca_ld_CCGGACACACCTTCCA-1,lca_ld,MP
lca_ld_ACTACGAGTGATTGGG-1,lca_ld,EC
pcsk9_wtd_ACCCTCACAATTTCTC-1,pcsk9_wtd,SMC
rca_wtd_ATGTCTTGTATTTCGG-1,rca_wtd,FB
rca_l_TCATACTCATATGCGT-1,rca_l,SMC
rca_lo_CCGGGTAGTCGCACGT-1,rca_lo,SMC
lca_ld_TCAGTTTAGCGATGGT-1,lca_ld,EC
2wl_TCTCCGAAGCTAGAAT-1,2wl,EC
lca_fl_TGACCCTTCTAGCATG-1,lca_fl,MP
rca_lo_CCGGTGATCCGACATA-1,rca_lo,FB
pcsk9_ld_AGTGTTGTCGGAAGGT-1,pcsk9_ld,EC
ctrl_lo_CTAAGTGGTGAGTAGC-1,ctrl_lo,FB
lca_ld_AATGGCTAGACAACAT-1,lca_ld,MP
lca_wtd_CGAGTGCGTGCGGCTT-1,lca_wtd,MP
rca_lo_CCACCATTCTATACGG-1,rca_lo,SMC
rca_wtd_TGGTACATCGACCAAT-1,rca_wtd,SMC
pcsk9_wtd_GAATCGTCAAAGCTAA-1,pcsk9_wtd,EC
lca_ld_TGGGAAGTCACTGTCC-1,lca_ld,EC
2wr_TCTTGCGCACCTCAGG-1,2wr,EC
rca_lo_CTGTATTCACTTGAAC-1,rca_lo,FB
lca_ld_CAGCCAGGTTCATCTT-1,lca_ld,EC
lca_ld_CCTCAACTCTTTCCAA-1,lca_ld,DC
rca_lo_TATTTCGCACACAGCC-1,rca_lo,FB
pcsk9_wtd_ATGAGGGAGAATACAC-1,pcsk9_wtd,EC
lca_lo_TGCCGAGGTAACATAG-1,lca_lo,FB
lca_ld_AGGTGTTTCCCTCATG-1,lca_ld,MP
lca_ld_CCGTAGGAGTATGCAA-1,lca_ld,MP
lca_ld_ACTTAGGGTCTACGAT-1,lca_ld,MP
lca_l_ATCAGGTTCACCTTGC-1,lca_l,SMC
ctrl_lo_TGAGGAGCAAATACGA-1,ctrl_lo,FB
rca_lo_CATGCGGCAAATCAAG-1,rca_lo,FB
rca_lo_TTCCTCTGTTCTATCT-1,rca_lo,FB
lca_lo_GGAGAACTCGCATTAG-1,lca_lo,TC
pcsk9_wtd_ATGTCTTTCGCGATCG-1,pcsk9_wtd,SMC
lca_l_TCAAGTGAGTGATAAC-1,lca_l,FB
lca_lo_TTGTGTTGTCCCTCAT-1,lca_lo,SMC
ctrl_lo_GGATGTTTCAGATTGC-1,ctrl_lo,FB
lca_l_CCTCCTCAGGCATGCA-1,lca_l,SMC
rca_wtd_AACCACATCAAAGGAT-1,rca_wtd,FB
lca_l_GTTATGGAGGGACTGT-1,lca_l,EC
pcsk9_lo_AGATAGAAGACCAGAC-1,pcsk9_lo,FB
lca_ld_ATTCATCAGTCTAACC-1,lca_ld,SMC
ctrl_wtd_AGAACAAGTAATGTGA-1,ctrl_wtd,SMC
pcsk9_wtd_CCTCCTCGTGTAACGG-1,pcsk9_wtd,SMC
ctrl_wtd_CTTTCGGAGAACCCGA-1,ctrl_wtd,SMC
rca_lo_AGAGAATGTATAGCTC-1,rca_lo,FB
2wr_CTGTATTGTAACGATA-1,2wr,EC
lca_fl_GCCATTCAGTTGAAGT-1,lca_fl,EC
pcsk9_wtd_ATGAAAGAGAAGGGAT-1,pcsk9_wtd,SMC
lca_l_ATTACCTCAAATTAGG-1,lca_l,MP
lca_fl_CCGAACGCAAGGCCTC-1,lca_fl,DC
lca_wtd_TTCCTCTTCGTGGCTG-1,lca_wtd,MP
lca_wtd_TTTGTTGGTTGGATCT-1,lca_wtd,FB
lca_ld_CATCCGTAGGTCCGAA-1,lca_ld,EC
lca_ld_GATTCTTCAATAGTCC-1,lca_ld,DC
lca_wtd_TCATACTGTATGGGAC-1,lca_wtd,EC
pcsk9_ld_AGCCACGGTCCGGATC-1,pcsk9_ld,EC
rca_wtd_CGAGAAGGTCTCAGAT-1,rca_wtd,SMC
rca_lo_TCAGTCCGTCCTTTGC-1,rca_lo,SMC
ctrl_ld_AGACACTCATCGTTCC-1,ctrl_ld,EC
rca_lo_ACAAAGAGTTTCTATC-1,rca_lo,FB
lca_ld_GGAACCCTCTGACAGT-1,lca_ld,MP
lca_l_ACTCTCGAGTCACGAG-1,lca_l,SMC
pcsk9_ld_AGGATCTGTGCCTTTC-1,pcsk9_ld,EC
lca_ld_TGATTTCCAGAAGTGC-1,lca_ld,EC
lca_ld_GGGCTCATCCAATCCC-1,lca_ld,MP
lca_ld_ATTTCTGAGGATTACA-1,lca_ld,MP
lca_ld_GCAACATCAAGAATGT-1,lca_ld,SMC
lca_ld_AGATAGAGTAATCAAG-1,lca_ld,DC
pcsk9_ld_GATCGTAGTATGCGTT-1,pcsk9_ld,EC
2dl_ACACAGTCAGCGTAGA-1,2dl,EC
ctrl_wtd_ATAGGCTAGAATAGTC-1,ctrl_wtd,SMC
2dl_GACCCAGTCGATACTG-1,2dl,FB
lca_ld_TGTACAGAGCACTTTG-1,lca_ld,SMC
lca_l_TTCCTAAGTCCTGTTC-1,lca_l,SMC
rca_lo_ATCCGTCCATACCGTA-1,rca_lo,FB
lca_l_AGACCCGAGAGTGAAG-1,lca_l,FB
lca_ld_CGGAATTTCTTCTGGC-1,lca_ld,MP
rca_wtd_GAGACTTTCTCCAATT-1,rca_wtd,FB
lca_ld_CAGATCACATGACTAC-1,lca_ld,MP
lca_ld_GCCGTGAAGGCAGGTT-1,lca_ld,MP
lca_ld_TATTCCAGTGGCTACC-1,lca_ld,MP
ctrl_lo_CAGGCCATCTCTCGCA-1,ctrl_lo,FB
lca_ld_TCCTCCCTCACTGTCC-1,lca_ld,TC
ctrl_lo_CTCCTCCTCCCTTGGT-1,ctrl_lo,EC
pcsk9_wtd_TGTTTGTTCAGTGATC-1,pcsk9_wtd,SMC
rca_lo_CTCCAACAGAACCGCA-1,rca_lo,SMC
rca_wtd_GTTACAGCATCCGGCA-1,rca_wtd,SMC
ctrl_lo_CCGCAAGTCGGACCAC-1,ctrl_lo,FB
rca_lo_ATGCCTCAGCCTCTTC-1,rca_lo,SMC
lca_ld_GTGCTGGAGGCCTGCT-1,lca_ld,MP
rca_lo_TGCTCGTCACAATGAA-1,rca_lo,SMC
rca_lo_GTGTTCCAGAGCACTG-1,rca_lo,SMC
ctrl_lo_CGAAGGAAGCATAGGC-1,ctrl_lo,FB
rca_lo_GAATCACCAACCAGAG-1,rca_lo,SMC
lca_lo_TCCTCCCCAATTGCGT-1,lca_lo,MP
pcsk9_lo_ATGTCCCTCTTTCAGT-1,pcsk9_lo,SMC
lca_fl_TCTACCGAGTACGTCT-1,lca_fl,MP
2wl_AATGGAATCCTCTTTC-1,2wl,EC
lca_ld_AACCACATCATTTGGG-1,lca_ld,NT
rca_lo_TGCAGTATCGGTGTAT-1,rca_lo,FB
lca_fl_TGGAGGATCCATTGTT-1,lca_fl,SMC
rca_wtd_GCAACATCAAACGTGG-1,rca_wtd,SMC
pcsk9_lo_TAACTTCCAGTTTGGT-1,pcsk9_lo,SMC
lca_l_ATTTCACAGTCACGAG-1,lca_l,SMC
rca_lo_GTAATCGGTATTCCGA-1,rca_lo,SMC
lca_ld_TTACGCCAGATGGTCG-1,lca_ld,SMC
lca_ld_ACCTGAAAGGTAAACT-1,lca_ld,SMC
pcsk9_lo_GGGACCTGTTATAGCC-1,pcsk9_lo,FB
2dr_CGATCGGTCAAGCTTG-1,2dr,EC
ctrl_wtd_CGACAGCGTCGTAATC-1,ctrl_wtd,SMC
rca_lo_GTGCTGGAGGACAGCT-1,rca_lo,SMC
lca_fl_CTCATTATCATGCAGT-1,lca_fl,NK
lca_ld_CTGAGCGAGATTCGCT-1,lca_ld,MP
lca_l_CATGCCTTCGGACTTA-1,lca_l,FB
lca_l_GGGCCATTCGTCGATA-1,lca_l,SMC
lca_ld_GTTGTCCTCCCTTGTG-1,lca_ld,MP
lca_ld_GTGTTAGGTCCAGCGT-1,lca_ld,EC
lca_l_CACTTCGCACTCAGAT-1,lca_l,SMC
rca_lo_AGGATCTAGTTGCTCA-1,rca_lo,FB
lca_ld_TGCACGGGTATCATGC-1,lca_ld,NT
lca_ld_CGGGCATCAGCATACT-1,lca_ld,MP
lca_ld_TGCAGATGTGCTCGTG-1,lca_ld,EC
lca_wtd_TCCCAGTCACCTGATA-1,lca_wtd,MP
2wl_TCTTTGAGTCAAACGG-1,2wl,MP
pcsk9_wtd_ACTTTGTAGCATATGA-1,pcsk9_wtd,SMC
rca_lo_TTCCGTGAGCTAAGTA-1,rca_lo,EC
lca_ld_GCAACCGTCCAATCCC-1,lca_ld,EC
lca_lo_GGTAACTTCTTGGGCG-1,lca_lo,FB
rca_wtd_ATTCAGGAGGCCGCTT-1,rca_wtd,SMC
lca_ld_TGTCCACCAGACTGCC-1,lca_ld,DC
lca_ld_ATCCATTAGCGCAATG-1,lca_ld,MP
rca_l_CACAACACAGAGGTTG-1,rca_l,FB
ctrl_wtd_GCATCTCCAGGAAGTC-1,ctrl_wtd,SMC
lca_l_CAATACGTCGGTGCAC-1,lca_l,FB
lca_ld_TTTGGAGCAACTGTGT-1,lca_ld,MP
lca_lo_CTTGAGACAACCGATT-1,lca_lo,SMC
lca_ld_GACCTTCCAGAATGTA-1,lca_ld,TC
lca_ld_ATTGGGTCAGTAACGG-1,lca_ld,EC
lca_ld_TAGACTGCATTATGCG-1,lca_ld,SMC
lca_l_TGTGATGTCTAGCCTC-1,lca_l,SMC
lca_wtd_TCATCATCATAGAAAC-1,lca_wtd,FB
lca_ld_AGATCGTAGCCGGATA-1,lca_ld,MP
ctrl_wtd_GTCAAACTCGGCCTTT-1,ctrl_wtd,FB
rca_lo_TCGAAGTGTAACACCT-1,rca_lo,SMC
ctrl_wtd_ATGAGTCAGGGATCTG-1,ctrl_wtd,MP
ctrl_lo_TGATGGTCATACCAGT-1,ctrl_lo,EC
ctrl_wtd_AAGAACAGTAGTACGG-1,ctrl_wtd,SMC
lca_lo_AGACAGGCAGCTTTGA-1,lca_lo,FB
rca_ld_CCATAAGGTTGCAAGG-1,rca_ld,SMC
lca_ld_TCTGCCAGTACGATTC-1,lca_ld,MP
lca_lo_TTGGATGAGACATATG-1,lca_lo,SMC
lca_ld_GAACTGTCAGAGATTA-1,lca_ld,MP
ctrl_lo_GTCAAACGTTTCCCAC-1,ctrl_lo,SMC
lca_ld_TCGACGGAGTATGAAC-1,lca_ld,SMC
lca_fl_TCCATCGTCCGCTTAC-1,lca_fl,MP
lca_ld_TACCTGCTCCTCTCGA-1,lca_ld,MP
rca_wtd_GTCGAATTCTGGGCGT-1,rca_wtd,FB
lca_fl_TTGGGCGTCACCGACG-1,lca_fl,MP
lca_ld_CCCTTAGGTCCTACGG-1,lca_ld,MP
lca_l_TCTTGCGTCTTGTGCC-1,lca_l,FB
pcsk9_lo_AAACGCTAGCCGTCGT-1,pcsk9_lo,SMC
2wr_ACTGTGACAATGGCAG-1,2wr,NT
pcsk9_wtd_TGAGACTAGGTCGTGA-1,pcsk9_wtd,SMC
rca_l_TGAGCATTCGAGATGG-1,rca_l,FB
lca_ld_CTGAATGAGGAGTATT-1,lca_ld,SMC
lca_lo_ACAGCCGGTGAGATTA-1,lca_lo,SMC
lca_fl_AGCTACAAGTACAACA-1,lca_fl,TC
2wl_GGTCACGAGTGTAGTA-1,2wl,EC
lca_ld_ATGAGGGCAGAAGCGT-1,lca_ld,SMC
pcsk9_lo_AGGTTGTAGCCGTTAT-1,pcsk9_lo,SMC
lca_wtd_ATATCCTTCACCGCTT-1,lca_wtd,DC
rca_l_TACTTACCAATCGTCA-1,rca_l,FB
lca_fl_AGCTACATCCACTTCG-1,lca_fl,MP
lca_ld_GCAACCGCACGCTATA-1,lca_ld,MP
rca_lo_GGTGAAGCAACTACGT-1,rca_lo,SMC
lca_ld_TTCCTAAGTGAGCAGT-1,lca_ld,MP
lca_ld_TAATCTCGTTGATGTC-1,lca_ld,TC
ctrl_lo_GTCATCCTCTTCTGTA-1,ctrl_lo,FB
pcsk9_wtd_GTCTACCGTCTGTAGT-1,pcsk9_wtd,FB
rca_lo_GTTCGCTTCTGTGCGG-1,rca_lo,SMC
lca_l_AAGTCGTTCTGTCGTC-1,lca_l,FB
2dr_CAGATCACAAGCGAAC-1,2dr,FB
lca_ld_CAGTTCCAGGTACATA-1,lca_ld,EC
rca_fl_CAATTTCGTGGAAGTC-1,rca_fl,EC
2dr_CCTCAACCACTCCTTG-1,2dr,EC
pcsk9_wtd_TTGTTTGGTTCAGGTT-1,pcsk9_wtd,SMC
rca_l_TCCACCAAGTCAGCCC-1,rca_l,EC
ctrl_wtd_CCTAACCGTTGCGAAG-1,ctrl_wtd,FB
ctrl_lo_TTCTGTAAGCATCCTA-1,ctrl_lo,EC
ctrl_lo_TTCCTTCGTCATTGCA-1,ctrl_lo,SMC
lca_ld_ATCACAGCAGGATGAC-1,lca_ld,MP
rca_l_TGAATCGGTTGAGGAC-1,rca_l,SMC
ctrl_wtd_CGGGCATTCCAGTGTA-1,ctrl_wtd,SMC
ctrl_lo_TACTTCACACGTACAT-1,ctrl_lo,FB
lca_ld_TGATCAGTCAAGGACG-1,lca_ld,SMC
rca_lo_TGTCCTGGTGTTCCTC-1,rca_lo,SMC
lca_ld_AGAAGCGAGCATGCAG-1,lca_ld,EC
rca_wtd_GGGTTATAGCTCCGAC-1,rca_wtd,SMC
pcsk9_wtd_ACTTTCACACTAGGCC-1,pcsk9_wtd,SMC
rca_lo_CACTGTCTCGTGCTCT-1,rca_lo,SMC
lca_fl_GGGTATTCAACATCGT-1,lca_fl,DC
pcsk9_wtd_GATCAGTAGCGTACAG-1,pcsk9_wtd,SMC
2dr_TAGACCAGTTCGTTCC-1,2dr,EC
lca_ld_TGTCCCAAGGACAAGA-1,lca_ld,MP
pcsk9_wtd_GATCACAGTTAAGGAT-1,pcsk9_wtd,MP
rca_lo_GATAGAACATTCAGGT-1,rca_lo,FB
lca_lo_AGTTAGCAGCCTTTCC-1,lca_lo,SMC
lca_ld_AGGTGTTGTAGCGTAG-1,lca_ld,MP
rca_lo_TACCGGGTCCACTTTA-1,rca_lo,SMC
rca_lo_ATTTCTGTCATAGAGA-1,rca_lo,EC
lca_ld_CAGGTATGTCGCATTA-1,lca_ld,MP
lca_ld_ATGTCTTCACCCTTGT-1,lca_ld,MP
pcsk9_wtd_ATTCAGGAGCGTGCTC-1,pcsk9_wtd,SMC
ctrl_wtd_TAATCTCCAGTTAGAA-1,ctrl_wtd,SMC
rca_ld_GTTACAGAGCGAAACC-1,rca_ld,EC
rca_lo_CCCATTGAGCCACCGT-1,rca_lo,EC
lca_ld_TATTGGGGTTCTCCAC-1,lca_ld,MP
2wl_ACTATCTAGGCATGCA-1,2wl,EC
ctrl_wtd_AATCGACTCATCCTAT-1,ctrl_wtd,SMC
rca_fl_CATCCACTCTCATTTG-1,rca_fl,EC
2wl_AGGACTTAGGGTGAGG-1,2wl,EC
pcsk9_lo_ATTGTTCCAACTCATG-1,pcsk9_lo,SMC
rca_lo_TGGGCTGAGTCATCGT-1,rca_lo,FB
lca_ld_AGGGTCCGTGAATTGA-1,lca_ld,SMC
lca_f_GAAACCTCATACCGTA-1,lca_f,FB
lca_ld_CACCAAATCCTACCGT-1,lca_ld,EC
2wl_CAGGTATCATTGCCGG-1,2wl,MP
pcsk9_lo_CCCTCTCCAATGCAAA-1,pcsk9_lo,SMC
lca_fl_GCTACCTTCGACATTG-1,lca_fl,MP
lca_ld_GCGATCGCATACTTTC-1,lca_ld,MP
rca_l_TTACCGCAGAGGCCAT-1,rca_l,SMC
lca_l_GTGTCCTAGCACTAGG-1,lca_l,MP
2wl_CACGTGGCAAGCTGCC-1,2wl,SMC
rca_lo_GTGAGGATCACATACG-1,rca_lo,SMC
rca_l_CTGCGAGCAAGACGAC-1,rca_l,SMC
pcsk9_wtd_GAACACTTCCATACTT-1,pcsk9_wtd,FB
rca_lo_TGTAACGTCGTTTACT-1,rca_lo,EC
2dl_GAGCCTGGTACTCAAC-1,2dl,EC
rca_lo_GCCGTGAAGTTAGAAC-1,rca_lo,FB
lca_ld_ATCCCTGCAACGATTC-1,lca_ld,SMC
rca_lo_GCTTGGGCAACCGTAT-1,rca_lo,EC
pcsk9_wtd_TCTATACCAAGTTCCA-1,pcsk9_wtd,FB
rca_l_GTGTCCTCATCATTGG-1,rca_l,SMC
lca_ld_AACCACAAGATAGTGT-1,lca_ld,SMC
rca_ld_AGCCAATCATATTCGG-1,rca_ld,EC
lca_lo_ATGGATCCATCGATGT-1,lca_lo,TC
lca_ld_TCGTGCTGTACGATCT-1,lca_ld,MP
rca_lo_TCGCTCAGTCTGCGCA-1,rca_lo,SMC
ctrl_lo_GCATTAGGTGGTCTGC-1,ctrl_lo,SMC
lca_ld_GCTTCACGTCAAATCC-1,lca_ld,MP
pcsk9_ld_GTCTTTACATAGGTTC-1,pcsk9_ld,EC
lca_ld_TCACGGGGTTGGCCTG-1,lca_ld,SMC
ctrl_lo_CATTGCCAGTGCTAGG-1,ctrl_lo,FB
rca_lo_AGCTTCCGTTTAGACC-1,rca_lo,EC
lca_l_TGTGAGTGTCTTCATT-1,lca_l,NT
rca_lo_AGTCAACGTCCACTCT-1,rca_lo,SMC
rca_lo_ATTCATCCATCGATCA-1,rca_lo,FB
lca_lo_CCGATGGAGCAATAGT-1,lca_lo,SMC
lca_ld_TACCGGGGTGTAGTGG-1,lca_ld,MP
lca_ld_TTCGATTCATTCTTCA-1,lca_ld,MP
lca_l_ACCACAACATGCAGCC-1,lca_l,MP
pcsk9_wtd_GACCTTCTCATTTACC-1,pcsk9_wtd,SMC
rca_fl_ATGCATGTCCTTGGAA-1,rca_fl,EC
ctrl_wtd_CATACCCCAGTCCGTG-1,ctrl_wtd,SMC
rca_lo_CACACAAGTCGTACTA-1,rca_lo,SMC
rca_ld_CTGTAGAAGACAGTCG-1,rca_ld,EC
lca_ld_TTGCATTCACATACTG-1,lca_ld,MP
ctrl_wtd_TAGCACATCATTGCTT-1,ctrl_wtd,SMC
lca_ld_CACTGTCCACGGCTAC-1,lca_ld,MP
lca_ld_AACGTCATCCGGTTCT-1,lca_ld,TC
lca_ld_AACCACACACCATTCC-1,lca_ld,TC
lca_ld_TCGGGTGTCGGTAGGA-1,lca_ld,MP
lca_ld_AGGATCTTCCGACATA-1,lca_ld,SMC
lca_ld_TCGTAGAGTAGGTAGC-1,lca_ld,EC
pcsk9_lo_TATTGCTCAGACGATG-1,pcsk9_lo,SMC
lca_ld_TCAGCCTAGCAGGGAG-1,lca_ld,DC
lca_ld_CCGGACAGTCACAGTT-1,lca_ld,MP
lca_lo_ACCCTTGAGGTAATCA-1,lca_lo,MP
lca_l_CCCGGAAAGCTTTCTT-1,lca_l,DC
lca_l_AGTCTCCCAAGTTGGG-1,lca_l,SMC
lca_ld_ACTCCCACAGGCCTGT-1,lca_ld,EC
rca_lo_TAACCAGAGGTGAGCT-1,rca_lo,SMC
ctrl_lo_TCAGGTACAGAACTTC-1,ctrl_lo,SMC
ctrl_wtd_GTCTAGAAGATGACCG-1,ctrl_wtd,SMC
2wr_GAGTGAGAGTGCGTCC-1,2wr,EC
rca_wtd_TCCGGGAGTCCATAGT-1,rca_wtd,SMC
lca_ld_GCCCAGATCTCATTTG-1,lca_ld,MP
lca_lo_ACATCGAGTCAGGTAG-1,lca_lo,NT
lca_ld_ACAGAAAGTATCGAAA-1,lca_ld,SMC
ctrl_wtd_CCCTTAGCAATGGCAG-1,ctrl_wtd,SMC
rca_lo_CGGGACTAGAAGTCAT-1,rca_lo,SMC
lca_ld_AAGCGTTCAAGTTGGG-1,lca_ld,MP
lca_ld_CCTCTAGGTATTGAGA-1,lca_ld,MP
lca_l_GACCCTTGTGTACGCC-1,lca_l,MP
rca_lo_GATTCGACAAGGTACG-1,rca_lo,FB
lca_ld_CATAGACGTTCTCTAT-1,lca_ld,MP
lca_lo_TCTCACGAGGATCACG-1,lca_lo,SMC
lca_ld_AAGTGAAAGCCTCTCT-1,lca_ld,EC
2wl_TTCTTGACATTGCAAC-1,2wl,MP
lca_fl_ATCTTCACAGTGTATC-1,lca_fl,MP
lca_ld_GAGTTTGTCCATCAGA-1,lca_ld,EC
ctrl_lo_CTTCTCTTCCTCACTG-1,ctrl_lo,SMC
pcsk9_wtd_GCACATACAATCGCCG-1,pcsk9_wtd,SMC
ctrl_wtd_TGCTGAAAGGAATGTT-1,ctrl_wtd,FB
lca_ld_CTACCTGGTACAGTAA-1,lca_ld,MP
lca_ld_CATCAAGCAACAGCCC-1,lca_ld,SMC
ctrl_wtd_GTATTGGCAACGCCCA-1,ctrl_wtd,SMC
lca_ld_TGACTCCAGGTTGAGC-1,lca_ld,MP
lca_lo_TCGCTTGCATCGAGCC-1,lca_lo,FB
rca_lo_CCGTTCACAACATCGT-1,rca_lo,EC
2dr_TTCATTGCATAACGGG-1,2dr,EC
lca_ld_TCGTCCACATCATTGG-1,lca_ld,SMC
lca_l_GTGTGATTCCTTCAGC-1,lca_l,FB
ctrl_wtd_ACTGCAAGTGATTCTG-1,ctrl_wtd,SMC
lca_ld_TATCTTGTCCAACTGA-1,lca_ld,MP
lca_fl_CTGGCAGTCCCGTGAG-1,lca_fl,MP
2dr_TTCCTCTTCCATTGTT-1,2dr,EC
lca_ld_GAAGGACGTTCGTGCG-1,lca_ld,EC
lca_ld_TCTATCATCATGAGAA-1,lca_ld,EC
ctrl_lo_TATTTCGGTATGCAAA-1,ctrl_lo,SMC
lca_ld_CTCAGGGGTTGTCATG-1,lca_ld,EC
lca_wtd_AACCAACCACTACTTT-1,lca_wtd,FB
rca_lo_TCAATTCTCCTCTAGC-1,rca_lo,SMC
2wr_ATAGGCTGTGGATTTC-1,2wr,EC
ctrl_wtd_CCCTAACCATTCGATG-1,ctrl_wtd,SMC
rca_l_GCCAGGTGTCAAGGCA-1,rca_l,SMC
lca_l_GCAGGCTGTCCTATAG-1,lca_l,SMC
2dl_AGATCGTTCGCAGTTA-1,2dl,FB
2dl_GACGCTGTCTAACGCA-1,2dl,SMC
lca_ld_GTAGTACCAGAGTGAC-1,lca_ld,EC
2wr_CTTTCAACACAGTACT-1,2wr,EC
lca_ld_TCTCAGCAGGCTTTCA-1,lca_ld,SMC
lca_l_ACTCCCATCAAGGAGC-1,lca_l,SMC
lca_wtd_ACGTAGTTCCACTTTA-1,lca_wtd,SMC
pcsk9_wtd_CACAGGCGTCACTTCC-1,pcsk9_wtd,SMC
lca_lo_TCGAAGTGTGCAGGAT-1,lca_lo,SMC
lca_lo_TCCCAGTAGTCACAGG-1,lca_lo,SMC
lca_ld_ACACGCGCAAAGGCGT-1,lca_ld,MP
rca_lo_AACCAACCAAGGTTGG-1,rca_lo,SMC
lca_l_GATGACTTCGAGAACG-1,lca_l,SMC
lca_ld_CTGGTCTTCGAACCAT-1,lca_ld,MP
lca_ld_GGAGAACCAGCACGAA-1,lca_ld,DC
pcsk9_lo_CCACCATGTACGGCAA-1,pcsk9_lo,FB
lca_fl_TGGAACTAGGAGTCTG-1,lca_fl,EC
lca_ld_ATCGTAGTCTAACGGT-1,lca_ld,EC
ctrl_lo_GTTGTAGTCTAGTACG-1,ctrl_lo,EC
lca_l_AGACAAATCACAATGC-1,lca_l,SMC
ctrl_wtd_TGATCTTAGACTGAGC-1,ctrl_wtd,SMC
pcsk9_lo_TAGGTACCATTGTCGA-1,pcsk9_lo,SMC
lca_l_GCTACAAAGTGTAGTA-1,lca_l,SMC
lca_lo_TCACTCGCAATGTGGG-1,lca_lo,MP
lca_ld_ACGGAAGGTATCCCAA-1,lca_ld,MP
lca_ld_ATGAGTCGTGCATACT-1,lca_ld,MP
ctrl_lo_CTCAGTCTCCCTGGTT-1,ctrl_lo,SMC
rca_lo_AGCGATTGTCCCACGA-1,rca_lo,SMC
rca_l_AAGACTCTCTCGGCTT-1,rca_l,FB
lca_l_TATCTTGCAAGTGGGT-1,lca_l,FB
lca_wtd_CCACCATTCAGGAAGC-1,lca_wtd,FB
rca_lo_TACCGGGTCCGATTAG-1,rca_lo,FB
lca_lo_TGACTCCGTATTTCCT-1,lca_lo,FB
pcsk9_wtd_TCGGGCATCGAAGGAC-1,pcsk9_wtd,SMC
2wl_CTCTCAGTCGTGTGGC-1,2wl,EC
lca_ld_CGACAGCCATGACACT-1,lca_ld,MP
rca_lo_CACTGTCGTAGGGTAC-1,rca_lo,SMC
lca_lo_TCATGGAGTACAAAGT-1,lca_lo,MP
lca_ld_TCAAGTGGTTGGAGGT-1,lca_ld,MP
lca_lo_GCTACAAAGCCACTCG-1,lca_lo,SMC
ctrl_lo_CGTCCATTCGCTCTAC-1,ctrl_lo,FB
pcsk9_wtd_TACTGCCCACTTGAAC-1,pcsk9_wtd,SMC
ctrl_wtd_GATGGAGGTACGTAGG-1,ctrl_wtd,SMC
lca_ld_CTTCTAAGTACGAGCA-1,lca_ld,MP
pcsk9_wtd_AGGTCTAAGCAACTCT-1,pcsk9_wtd,SMC
lca_ld_TTTACGTCATAGACTC-1,lca_ld,MP
lca_l_AGGGCTCGTCACTTCC-1,lca_l,SMC
rca_lo_ACTATCTCAGGTGACA-1,rca_lo,SMC
rca_lo_AACCTGAGTTCTCTCG-1,rca_lo,SMC
lca_l_TGTGTGAGTGTTTCTT-1,lca_l,FB
pcsk9_wtd_TTCCTAAAGAGCTTTC-1,pcsk9_wtd,SMC
lca_lo_TCAGCCTTCTGGACCG-1,lca_lo,SMC
lca_ld_GCCAACGAGACCAAAT-1,lca_ld,NT
lca_fl_TGCACGGCATACTGAC-1,lca_fl,MP
lca_ld_AGGACTTGTCACTACA-1,lca_ld,MP
lca_ld_GTTGCGGGTTGTAGCT-1,lca_ld,MP
pcsk9_lo_TTACTGTGTCAGTCTA-1,pcsk9_lo,SMC
lca_l_CCTGCATAGTCTCCTC-1,lca_l,FB
rca_ld_ATTACTCCAAATGCTC-1,rca_ld,EC
lca_l_AGGAGGTCACGCTATA-1,lca_l,FB
rca_wtd_AGTCATGAGCATATGA-1,rca_wtd,FB
rca_fl_CTTAGGACACCTCAGG-1,rca_fl,FB
rca_l_CTTCCTTTCCCAAGCG-1,rca_l,SMC
rca_ld_AGAGAATTCTGGGCAC-1,rca_ld,SMC
lca_lo_GAGACTTAGCTACGTT-1,lca_lo,MP
lca_l_ATTACCTCATCATTGG-1,lca_l,SMC
rca_wtd_TGGGATTAGATCGCTT-1,rca_wtd,SMC
lca_lo_ACCAACAAGTCGTTAC-1,lca_lo,MP
rca_wtd_TCGATTTGTGGCATCC-1,rca_wtd,SMC
2wl_GTGTGATAGGATACAT-1,2wl,EC
lca_l_GTCCACTAGAGGATGA-1,lca_l,FB
2dr_GATAGCTAGAGCATTA-1,2dr,EC
lca_ld_TGCATGACAAGTGCTT-1,lca_ld,SMC
2wl_CCGGTAGAGCGCATCC-1,2wl,SMC
lca_ld_TTTCACATCTAGACCA-1,lca_ld,SMC
lca_ld_CGCCAGAGTCATTCCC-1,lca_ld,SMC
rca_lo_TATTGCTAGCCTCAAT-1,rca_lo,FB
lca_lo_CTGTCGTTCCCTTTGG-1,lca_lo,FB
lca_ld_TGCCGAGGTCACCACG-1,lca_ld,MP
lca_f_TCACTCGTCCGTCACT-1,lca_f,MP
lca_ld_GGGTTATCACTACAGT-1,lca_ld,MP
2dr_GCTTCACCATCTATCT-1,2dr,EC
lca_ld_TTCGGTCAGACGCATG-1,lca_ld,DC
ctrl_lo_GTCTACCTCTCGCCTA-1,ctrl_lo,SMC
ctrl_lo_GCCCGAAGTTGAGGAC-1,ctrl_lo,SMC
pcsk9_wtd_ATTTCTGAGCCTCATA-1,pcsk9_wtd,SMC
lca_lo_CCTATCGTCCGTGTAA-1,lca_lo,FB
pcsk9_lo_AGACACTTCCTGGGTG-1,pcsk9_lo,SMC
rca_l_GTTGTCCAGGGAGGAC-1,rca_l,EC
lca_lo_TGCGACGCACCAAATC-1,lca_lo,MP
rca_wtd_TGGATGTGTGGCTGCT-1,rca_wtd,SMC
lca_lo_TGACTCCTCACATACG-1,lca_lo,SMC
rca_lo_CCAATGATCCCAGCGA-1,rca_lo,SMC
lca_ld_TTACGTTAGGTGATCG-1,lca_ld,SMC
lca_ld_CTCTGGTCATATCTGG-1,lca_ld,MP
lca_ld_AGTGACTAGTTTCGGT-1,lca_ld,SMC
lca_ld_CCACGAGCATTGAAGA-1,lca_ld,MP
lca_ld_GTTGTGATCCGTTGGG-1,lca_ld,EC
lca_ld_TTACCGCGTAACCCTA-1,lca_ld,MP
lca_ld_TGTAACGTCTGAACGT-1,lca_ld,SMC
pcsk9_lo_AGCTTCCCACCCGTAG-1,pcsk9_lo,SMC
pcsk9_wtd_GACGCTGTCGTGTCAA-1,pcsk9_wtd,SMC
lca_ld_CGGAACCGTATACCCA-1,lca_ld,MP
lca_ld_ACTGATGGTGATTGGG-1,lca_ld,MP
pcsk9_lo_ACGTAGTGTAGGTTTC-1,pcsk9_lo,SMC
ctrl_fl_GATGAGGCATGACTAC-1,ctrl_fl,EC
lca_ld_ATTCCATTCGTCCTCA-1,lca_ld,MP
lca_fl_AAAGTCCAGCTGACAG-1,lca_fl,MP
lca_ld_ATTCACTGTAGACAAT-1,lca_ld,MP
2wl_ATCGTCCCAGCCCACA-1,2wl,SMC
pcsk9_wtd_GGCAGTCCAGAAGCTG-1,pcsk9_wtd,FB
lca_l_TCACTATGTCGTCGGT-1,lca_l,FB
2wr_CACCGTTCATTGTAGC-1,2wr,EC
pcsk9_wtd_ACGGGTCAGAACAAGG-1,pcsk9_wtd,SMC
ctrl_lo_AACCTGAAGGGCTAAC-1,ctrl_lo,SMC
lca_ld_CTACCTGCACTCCCTA-1,lca_ld,MP
rca_l_GCCAACGAGCGCGTTC-1,rca_l,SMC
lca_ld_TTGTTTGGTAAGGCTG-1,lca_ld,MP
lca_l_ATTCCCGCAGCGTATT-1,lca_l,SMC
pcsk9_lo_TTCCAATCAGTCGGTC-1,pcsk9_lo,EC
2wr_CGAGGCTGTATCGTTG-1,2wr,EC
lca_ld_ACCTGAACAAGACGGT-1,lca_ld,MP
lca_ld_TTCTAGTGTCATCCGG-1,lca_ld,MP
ctrl_fl_CACAACATCGCGTGCA-1,ctrl_fl,EC
rca_lo_CGAGTTAGTGATACTC-1,rca_lo,FB
lca_ld_GAGGGATCATCGCTCT-1,lca_ld,SMC
rca_ld_TCTCCGAAGTAAGGGA-1,rca_ld,EC
rca_lo_ACGTAGTAGCAGGGAG-1,rca_lo,SMC
rca_l_CACAGATCAAAGGGTC-1,rca_l,EC
lca_l_TGTAGACAGGTGCTTT-1,lca_l,EC
ctrl_wtd_CGAGTTAAGTGCTCGC-1,ctrl_wtd,FB
rca_wtd_TGCTTGCCAGTGCCTG-1,rca_wtd,FB
lca_ld_GTTGTAGCATCGATAC-1,lca_ld,TC
ctrl_wtd_ACTGATGCATAAGATG-1,ctrl_wtd,SMC
lca_wtd_CTAGGTAAGTGCGACA-1,lca_wtd,EC
rca_l_TCTACATCACGCACCA-1,rca_l,EC
lca_fl_GGCAGTCTCCGGACTG-1,lca_fl,TC
ctrl_lo_GACGTTAAGATGCTAA-1,ctrl_lo,FB
lca_ld_ACTTTCAAGTTGCATC-1,lca_ld,SMC
rca_ld_GGGCTACCACGATTCA-1,rca_ld,EC
rca_f_CAGTGCGAGTGAATAC-1,rca_f,EC
ctrl_lo_GTGCTGGGTGTGGTCC-1,ctrl_lo,EC
2wl_GCGTGCAGTTAGAGTA-1,2wl,SMC
lca_ld_GTTCATTTCAGGTAAA-1,lca_ld,EC
lca_fl_CAGGGCTCAGGGCTTC-1,lca_fl,SMC
lca_ld_CATTTCAAGTAATCCC-1,lca_ld,SMC
2wl_TTACCATTCCTAGCGG-1,2wl,MP
lca_lo_TCTTTGAAGTACTCGT-1,lca_lo,SMC
2dr_CTGCATCCACCAGCTG-1,2dr,EC
lca_l_GTTCTATAGATCGCCC-1,lca_l,SMC
lca_l_CATGCAAGTCAGCTTA-1,lca_l,MP
lca_fl_TTGCATTCACAACCGC-1,lca_fl,DC
lca_ld_CCACACTAGATTAGAC-1,lca_ld,MP
2dr_ATTATCCTCCAAGGGA-1,2dr,EC
lca_ld_AAGTCGTAGGGTCAAC-1,lca_ld,MP
ctrl_wtd_ATTGGGTCACTGCACG-1,ctrl_wtd,SMC
ctrl_lo_CAGCAATAGGCTTTCA-1,ctrl_lo,SMC
lca_ld_TCAGCCTTCAAATGCC-1,lca_ld,MP
rca_lo_ACCGTTCCAAAGCTCT-1,rca_lo,SMC
lca_lo_GCCAGGTCAGTCGGTC-1,lca_lo,SMC
lca_ld_CGGAATTAGAGTGACC-1,lca_ld,MP
lca_l_GTTGAACCAATGAAAC-1,lca_l,EC
rca_wtd_GTAGATCGTGTACAGG-1,rca_wtd,EC
rca_ld_ACCAACAGTGCGTTTA-1,rca_ld,EC
pcsk9_wtd_CAATGACAGAATCTAG-1,pcsk9_wtd,SMC
rca_lo_CTGGTCTCAATACGCT-1,rca_lo,FB
lca_lo_TGAATGCGTGCCCTTT-1,lca_lo,MP
lca_ld_TCCATGCCACCTCTGT-1,lca_ld,MP
lca_ld_GACGCTGTCCAGTTCC-1,lca_ld,EC
pcsk9_lo_GAGGCCTAGGTCCCTG-1,pcsk9_lo,MP
lca_l_AAAGGATAGTGGTTGG-1,lca_l,FB
pcsk9_lo_GTAGAGGTCCGGCAGT-1,pcsk9_lo,SMC
lca_ld_TCATCCGAGTATCTGC-1,lca_ld,SMC
pcsk9_ld_TCATGGAAGCACTAGG-1,pcsk9_ld,EC
rca_l_GTGATGTAGCTATCCA-1,rca_l,SMC
lca_fl_TTGAACGAGCCATTCA-1,lca_fl,BC
rca_l_ACTCCCATCACGTCCT-1,rca_l,SMC
lca_ld_TGGGAAGCAACCAACT-1,lca_ld,MP
ctrl_lo_GAATCGTGTCGCATTA-1,ctrl_lo,SMC
lca_fl_CTCCGATTCGCACGAC-1,lca_fl,SMC
lca_ld_TCTGCCATCGGTAACT-1,lca_ld,SMC
lca_ld_GCACATACAGTTTGGT-1,lca_ld,SMC
2wl_TCATGCCCAATAGGAT-1,2wl,MP
lca_ld_CACAGATTCCACGGGT-1,lca_ld,EC
lca_ld_ACTATCTTCTCACGAA-1,lca_ld,DC
lca_lo_TGTTACTGTGGTTTGT-1,lca_lo,EC
lca_lo_GATTTCTGTACCCGCA-1,lca_lo,SMC
rca_l_TCACAAGTCGAAGAAT-1,rca_l,FB
rca_lo_TGAATGCAGACTAAGT-1,rca_lo,SMC
ctrl_wtd_GTTGTCCAGCGACTTT-1,ctrl_wtd,SMC
lca_lo_GTTGCTCTCGGACTTA-1,lca_lo,SMC
lca_ld_GCCTGTTTCATTCCTA-1,lca_ld,EC
lca_ld_CATGCTCCACAACCGC-1,lca_ld,MP
lca_ld_GAGACTTGTTGGGTTT-1,lca_ld,SMC
lca_ld_GACTCTCGTGGCACTC-1,lca_ld,MP
lca_fl_GGGAGTAGTTGTGCCG-1,lca_fl,MP
pcsk9_lo_CCTCATGCAGTTGGTT-1,pcsk9_lo,SMC
ctrl_wtd_TTCCTTCAGGAATTAC-1,ctrl_wtd,SMC
lca_wtd_AAGTTCGTCCTTCAGC-1,lca_wtd,FB
pcsk9_wtd_TGGGCGTTCTTCTTCC-1,pcsk9_wtd,FB
rca_l_AAAGAACGTCGTGCCA-1,rca_l,SMC
ctrl_wtd_TCCACCACAGCAGTAG-1,ctrl_wtd,SMC
lca_l_TCGGGCATCTCCCTAG-1,lca_l,FB
lca_lo_ACACTGACATATGAAG-1,lca_lo,FB
lca_l_TCCTCTTTCATTACTC-1,lca_l,FB
lca_ld_TTTCATGTCAATCCGA-1,lca_ld,SMC
lca_ld_AGGGTGACAATGGCCC-1,lca_ld,MP
ctrl_wtd_GAATCACTCATTGAGC-1,ctrl_wtd,SMC
lca_ld_GCTTTCGTCGAGAGAC-1,lca_ld,MP
lca_ld_TCAAGCAAGCATCTTG-1,lca_ld,MP
lca_lo_CGTTAGACAACCACAT-1,lca_lo,EC
rca_wtd_AGCTCAACATTGCTGA-1,rca_wtd,SMC
pcsk9_wtd_TCACACCTCCTGTTGC-1,pcsk9_wtd,SMC
ctrl_wtd_CGACAGCTCGCAATTG-1,ctrl_wtd,SMC
lca_ld_CGATGGCCAGTCAGCC-1,lca_ld,MP
rca_lo_TCGTGCTAGTTGGCGA-1,rca_lo,SMC
lca_fl_GCGATCGAGAGGCGTT-1,lca_fl,SMC
ctrl_lo_GTCTCACTCGTCCTCA-1,ctrl_lo,SMC
2dr_CGTTGGGCAGCGATTT-1,2dr,EC
lca_wtd_AGGGTCCTCGCATTGA-1,lca_wtd,FB
lca_ld_GTGTTCCCACAGTGTT-1,lca_ld,MP
rca_l_GGCTTGGCAGTTGAAA-1,rca_l,EC
lca_ld_TAGACTGCATGCCGGT-1,lca_ld,SMC
lca_ld_GATAGAATCTTTCGAT-1,lca_ld,SMC
lca_wtd_AAGAACACATGTCTAG-1,lca_wtd,MP
lca_ld_TGGGCGTTCAGATTGC-1,lca_ld,MP
2dl_GCAACATCATCGGATT-1,2dl,EC
lca_l_AACCACAGTTCCTAGA-1,lca_l,EC
lca_ld_AAGACAAAGAGATTCA-1,lca_ld,EC
pcsk9_wtd_TTTACTGCATGGCTGC-1,pcsk9_wtd,SMC
lca_fl_TCAAGACCATGGGTCC-1,lca_fl,MP
ctrl_fl_ACATCGAGTTAGGCTT-1,ctrl_fl,SMC
pcsk9_lo_GACCAATAGCTGAAGC-1,pcsk9_lo,SMC
lca_ld_CCTCATGCACGGCCAT-1,lca_ld,MP
rca_lo_ACTATTCCATCCTAAG-1,rca_lo,SMC
lca_fl_CCACAAAGTCTGTTAG-1,lca_fl,MP
lca_lo_TACTTACCATTCAGCA-1,lca_lo,SMC
pcsk9_lo_ACATCGACATCTTCGC-1,pcsk9_lo,SMC
lca_l_TGGAGGAGTGGGCTTC-1,lca_l,MP
lca_fl_CCTCAGTGTGAGTTGG-1,lca_fl,MP
rca_lo_CAGTTAGTCGTACCTC-1,rca_lo,SMC
rca_ld_GTCAAGTCATGTGACT-1,rca_ld,EC
lca_l_AGATCGTTCAACGCTA-1,lca_l,SMC
rca_lo_AACAAAGGTACGATTC-1,rca_lo,SMC
lca_ld_CTTTCGGGTTCGTACA-1,lca_ld,EC
lca_ld_AGACAGGAGCGTGAAC-1,lca_ld,MP
ctrl_wtd_TTGACCCCAAATGGTA-1,ctrl_wtd,SMC
lca_fl_CACGAATGTTCGATTG-1,lca_fl,MP
2dl_ATGGGAGCAATTTCTC-1,2dl,EC
2wl_AAAGGATGTGCATTAC-1,2wl,EC
rca_wtd_AAGTACCCAGGTTCGC-1,rca_wtd,SMC
ctrl_wtd_AGAGAATCAGAGATGC-1,ctrl_wtd,SMC
pcsk9_lo_TTCTAGTCAAACTCTG-1,pcsk9_lo,SMC
lca_ld_CACTGTCCATAGGTAA-1,lca_ld,MP
lca_f_ACCAAACCAGGATCTT-1,lca_f,TC
ctrl_wtd_ACTCTCGCACATCATG-1,ctrl_wtd,FB
lca_l_ATCGTCCCACTTGTCC-1,lca_l,SMC
rca_wtd_CATCCGTAGTACAACA-1,rca_wtd,SMC
rca_lo_AGCTCAAAGGGACACT-1,rca_lo,FB
pcsk9_wtd_CCGATCTAGGAGGCAG-1,pcsk9_wtd,SMC
lca_ld_TTGTTCACATCTAACG-1,lca_ld,MP
lca_ld_ACCTGTCCACTCTCGT-1,lca_ld,TC
lca_ld_CAACCTCCAACGGCTC-1,lca_ld,MP
lca_ld_TCACGCTAGCGTACAG-1,lca_ld,EC
2wl_GATCATGGTGCCTTTC-1,2wl,MP
lca_fl_GGTGATTTCCAAGCTA-1,lca_fl,NT
lca_ld_GGTGGCTTCTAGCCTC-1,lca_ld,TC
pcsk9_wtd_GGGTATTGTGTACAGG-1,pcsk9_wtd,SMC
lca_ld_AGTGTTGAGAGATGCC-1,lca_ld,MP
lca_l_TCTACCGAGGGCAGTT-1,lca_l,SMC
pcsk9_lo_TCCTCGAAGTTGGCTT-1,pcsk9_lo,SMC
rca_lo_CTGCCTACACATGGTT-1,rca_lo,SMC
ctrl_lo_GAAGTAAGTCTTTATC-1,ctrl_lo,FB
lca_fl_TCATATCTCCATGATG-1,lca_fl,DC
lca_l_TGCGATACACACCGAC-1,lca_l,SMC
rca_lo_GTGTTAGCATCGGTTA-1,rca_lo,FB
2wl_GCATCTCGTGCAGTGA-1,2wl,MP
rca_wtd_TCCTCGATCTACGGTA-1,rca_wtd,SMC
rca_lo_ATTTCACAGTTCGGTT-1,rca_lo,SMC
rca_fl_GACCTTCTCCTAGCCT-1,rca_fl,EC
pcsk9_lo_GGAATGGGTACCGGAA-1,pcsk9_lo,SMC
pcsk9_lo_GATTGGTCAGGTTCCG-1,pcsk9_lo,SMC
lca_ld_TGTGCGGTCGTTCTAT-1,lca_ld,SMC
2wl_AGACTCAAGTAGCATA-1,2wl,EC
lca_l_TGTTGAGCATTGTAGC-1,lca_l,FB
rca_lo_GCAGGCTAGTCACGCC-1,rca_lo,FB
pcsk9_ld_CATGCAAGTTCTTGCC-1,pcsk9_ld,EC
lca_fl_GCTTGGGAGACGACTG-1,lca_fl,MP
lca_wtd_CGAGGAACATCCGGTG-1,lca_wtd,TC
lca_l_GATTCGACATCGTTCC-1,lca_l,MP
lca_ld_CCAATTTTCTAACGCA-1,lca_ld,MP
rca_lo_TGACGCGCACCTAAAC-1,rca_lo,FB
2wl_GCGGATCTCTTGGATG-1,2wl,TC
rca_ld_CAACGATGTGGAATGC-1,rca_ld,EC
lca_l_GTACAGTGTAACTAAG-1,lca_l,MP
lca_ld_AACCACAGTACGTAGG-1,lca_ld,EC
lca_ld_TGACCCTTCTTTGCTA-1,lca_ld,EC
lca_l_CGAGGAAAGATTGAGT-1,lca_l,SMC
rca_ld_ATGCGATGTACCGTCG-1,rca_ld,EC
lca_ld_GGAATCTAGAATTTGG-1,lca_ld,NT
ctrl_lo_TCCGAAAAGCAAACAT-1,ctrl_lo,EC
lca_ld_GATCACATCCTGCCAT-1,lca_ld,MP
lca_ld_CTCCCAACAGTCGGTC-1,lca_ld,MP
lca_ld_CTCAAGATCTTACTGT-1,lca_ld,EC
lca_fl_GTAGAAATCTCTAAGG-1,lca_fl,MP
lca_l_TCGCACTTCTGCTCTG-1,lca_l,SMC
rca_ld_CGGGTCACATCGAAGG-1,rca_ld,EC
ctrl_ld_GATTGGTCAGTGTACT-1,ctrl_ld,EC
lca_ld_CAGATACGTCCAGCCA-1,lca_ld,SMC
rca_lo_TGAATCGCATGGTACT-1,rca_lo,EC
ctrl_lo_CAGCGTGCACTGTCGG-1,ctrl_lo,FB
lca_ld_TCAAGTGCAATCAGCT-1,lca_ld,MP
2wl_AGCGCCACACACCAGC-1,2wl,EC
ctrl_lo_CGAGGCTTCGCCGTGA-1,ctrl_lo,FB
pcsk9_wtd_TCGGATATCCAGCACG-1,pcsk9_wtd,SMC
lca_ld_GTCGAATAGTGGTTCT-1,lca_ld,MP
2dr_GACATCACAAGAGCTG-1,2dr,EC
lca_lo_CCTCTAGAGCTACAAA-1,lca_lo,SMC
pcsk9_wtd_AATGGCTCATTGAGCT-1,pcsk9_wtd,SMC
lca_ld_TCAGGTACACTGATTG-1,lca_ld,EC
lca_fl_TGTGCGGGTAGTCGTT-1,lca_fl,MP
rca_wtd_ACCAACAAGCCTCAAT-1,rca_wtd,FB
lca_ld_TCCACCACATACCGTA-1,lca_ld,MP
lca_fl_GAGGCAATCAGACCTA-1,lca_fl,SMC
lca_l_GGCTGTGAGTAGGGTC-1,lca_l,SMC
lca_l_TATTTCGAGTACCCTA-1,lca_l,SMC
lca_ld_CGGAGAATCATTCATC-1,lca_ld,MP
rca_lo_TTTGGTTCAGTAGATA-1,rca_lo,SMC
lca_ld_TAGACCACACGAGAAC-1,lca_ld,MP
pcsk9_lo_ACGATGTAGCAGCCCT-1,pcsk9_lo,SMC
ctrl_wtd_CGATGGCAGACCAAAT-1,ctrl_wtd,SMC
rca_lo_AATTTCCTCGGATAAA-1,rca_lo,SMC
lca_ld_CTCTCGACATCCTTGC-1,lca_ld,MP
2wr_CAACAACCACCCAACG-1,2wr,EC
2wl_TGTGTGAGTTGTTGCA-1,2wl,DC
lca_ld_TCAGCAACAGCACCCA-1,lca_ld,NT
rca_l_CATGCGGTCACGAGGA-1,rca_l,EC
lca_ld_TGAGGTTAGCAGGCTA-1,lca_ld,TC
lca_ld_GACGCTGCACTCTCGT-1,lca_ld,EC
lca_fl_CCGATGGAGTTGAATG-1,lca_fl,DC
pcsk9_wtd_ACAGGGAAGAAGCGCT-1,pcsk9_wtd,SMC
lca_fl_AAACGAAAGGTGGGTT-1,lca_fl,SMC
rca_lo_TTTCGATAGTCATGAA-1,rca_lo,FB
rca_wtd_TCTCACGGTCCACTCT-1,rca_wtd,SMC
lca_lo_TCCCACATCCTCTGCA-1,lca_lo,SMC
rca_lo_TTCAGGAAGGATTTAG-1,rca_lo,FB
ctrl_wtd_TATCGCCTCAGTGATC-1,ctrl_wtd,SMC
rca_lo_GAAGCCCAGGCGCTTC-1,rca_lo,SMC
pcsk9_lo_TCGAAGTAGCATCGAG-1,pcsk9_lo,EC
rca_lo_TGTTCCGCATCTATCT-1,rca_lo,SMC
lca_ld_CAAGCTAAGCGTACAG-1,lca_ld,SMC
lca_wtd_ACAGAAACAATCTAGC-1,lca_wtd,FB
rca_l_CATTGAGCAGACGCTC-1,rca_l,SMC
lca_lo_TCGACCTCAATGACCT-1,lca_lo,FB
ctrl_lo_CCTCACAGTACACTCA-1,ctrl_lo,SMC
2dr_CATGAGTAGCTGGCTC-1,2dr,EC
rca_lo_TTACCGCCAACTCCAA-1,rca_lo,SMC
pcsk9_wtd_CCTAAGATCGTAGTCA-1,pcsk9_wtd,SMC
lca_l_GCATTAGCAGTGCGCT-1,lca_l,MP
ctrl_ld_GTAGATCAGGTAAGGA-1,ctrl_ld,EC
rca_f_CGGAACCAGATGTTCC-1,rca_f,FB
pcsk9_wtd_AATAGAGGTCGTCTCT-1,pcsk9_wtd,SMC
ctrl_wtd_GGGTATTAGGGTACAC-1,ctrl_wtd,MP
lca_ld_GTAGAGGCACCCTATC-1,lca_ld,MP
lca_fl_TCCATCGGTCAAACGG-1,lca_fl,MP
2wr_GATGAGGCAGTCCGTG-1,2wr,EC
lca_fl_AGTCACAGTGATTCTG-1,lca_fl,SMC
ctrl_lo_CTTTCAAAGTTGAATG-1,ctrl_lo,SMC
rca_lo_CGTAGTACAGCGATTT-1,rca_lo,SMC
lca_ld_TCACTATTCGTTCATT-1,lca_ld,SMC
lca_ld_GTGTTAGCAGTCGTTA-1,lca_ld,MP
lca_ld_GACCTTCTCAGACATC-1,lca_ld,EC
lca_ld_CAACCTCGTAGACACG-1,lca_ld,MP
rca_fl_GACCCAGAGTAAACAC-1,rca_fl,EC
lca_lo_CGGGTGTGTTGTCATG-1,lca_lo,MP
rca_l_GCCGATGCAGTGACCC-1,rca_l,SMC
rca_ld_GAGTGTTAGATGCTAA-1,rca_ld,EC
ctrl_wtd_ATGAAAGAGTACTCGT-1,ctrl_wtd,SMC
rca_lo_TGTCCACAGATGGTAT-1,rca_lo,SMC
rca_lo_TCAAGTGTCTAATTCC-1,rca_lo,FB
rca_lo_GTCACTCAGTATAACG-1,rca_lo,FB
rca_lo_AGTCACATCTAGACCA-1,rca_lo,FB
2wr_TGTGGCGTCATAGAGA-1,2wr,SMC
rca_lo_ACGTTCCGTCAACCAT-1,rca_lo,EC
lca_ld_AGGGCTCTCAAGCCGC-1,lca_ld,SMC
rca_wtd_TAGACTGTCCGTACGG-1,rca_wtd,FB
ctrl_wtd_GGTGAAGAGCACGTCC-1,ctrl_wtd,SMC
lca_ld_AAAGGTATCATCTACT-1,lca_ld,MP
lca_wtd_GACCAATTCATGGATC-1,lca_wtd,DC
pcsk9_ld_CGTGCTTTCGGTAGAG-1,pcsk9_ld,EC
2dl_AACAAGAAGTTGGAGC-1,2dl,EC
lca_wtd_GGGCCATGTCACCCTT-1,lca_wtd,MP
pcsk9_wtd_TCGTGCTGTGTCTTAG-1,pcsk9_wtd,SMC
lca_l_TGGGATTGTTGGACCC-1,lca_l,FB
rca_wtd_TGCAGTATCTACCCAC-1,rca_wtd,FB
ctrl_wtd_AAAGGGCTCTCATTGT-1,ctrl_wtd,SMC
lca_ld_ACATCCCTCACATCAG-1,lca_ld,MP
pcsk9_fl_GAACGTTCATCGCCTT-1,pcsk9_fl,FB
2dr_TTCTAACGTGGCTTGC-1,2dr,FB
lca_ld_AATCGTGAGTTAACGA-1,lca_ld,EC
rca_lo_TCCTTTCAGTCCGCGT-1,rca_lo,EC
rca_l_ACAAGCTTCTATCGGA-1,rca_l,FB
lca_ld_TGCCGAGAGGTGCCTC-1,lca_ld,MP
lca_wtd_TATTCCACAATCACGT-1,lca_wtd,FB
lca_fl_TCGGATAAGAGGTTAT-1,lca_fl,NT
2wr_TGTTTGTAGCCAACCC-1,2wr,EC
ctrl_wtd_ATGGAGGGTTGCGTAT-1,ctrl_wtd,SMC
2wr_AAGCATCCATGGGAAC-1,2wr,EC
ctrl_lo_CATGCGGCATATTCGG-1,ctrl_lo,EC
lca_ld_TCCAGAATCTCGGTAA-1,lca_ld,SMC
lca_l_CCTCCAAGTCCCAAAT-1,lca_l,EC
lca_ld_AGCCAATGTTACGGAG-1,lca_ld,MP
lca_ld_CTTCTCTTCAGTCCGG-1,lca_ld,MP
lca_ld_AACGGGAGTACAGTCT-1,lca_ld,MP
2wl_CCCTCAAGTGGAAGTC-1,2wl,MP
ctrl_lo_CAACAACTCCTCACCA-1,ctrl_lo,SMC
pcsk9_wtd_TTGTTGTAGACCATTC-1,pcsk9_wtd,SMC
lca_l_TACCGAAAGGCGCTCT-1,lca_l,SMC
ctrl_lo_TACCCACAGTTCCTGA-1,ctrl_lo,FB
ctrl_wtd_ACTACGACAGGCAATG-1,ctrl_wtd,SMC
rca_ld_AATAGAGTCCATGAGT-1,rca_ld,EC
lca_f_CAAGGGACAGTAACAA-1,lca_f,EC
rca_lo_TACGTCCGTAGCTTGT-1,rca_lo,FB
rca_wtd_TCCACGTAGGTCTACT-1,rca_wtd,DC
lca_ld_TATCTTGCACCCTAAA-1,lca_ld,MP
rca_l_GTTTACTAGACATCAA-1,rca_l,EC
ctrl_lo_AAAGGTAAGACCTGGA-1,ctrl_lo,SMC
rca_wtd_GCAGGCTAGTCTCCTC-1,rca_wtd,FB
lca_ld_GGAAGTGCAGCGAGTA-1,lca_ld,MP
rca_lo_CATACTTCACTGTGTA-1,rca_lo,EC
lca_lo_GTTACCCGTACCACGC-1,lca_lo,SMC
lca_ld_ATGTCCCAGCACTTTG-1,lca_ld,SMC
rca_fl_ATCCACCGTCATCACA-1,rca_fl,EC
lca_ld_GAGACTTGTGATAGTA-1,lca_ld,SMC
pcsk9_lo_ATCACAGCACGGCTAC-1,pcsk9_lo,SMC
lca_ld_TACGTCCAGACCAGCA-1,lca_ld,NT
pcsk9_lo_GTTCTATGTACCACGC-1,pcsk9_lo,SMC
lca_ld_TCGTAGATCCACAGGC-1,lca_ld,EC
ctrl_wtd_TGTAAGCTCCATTGGA-1,ctrl_wtd,SMC
rca_lo_TCCATCGGTATCGAGG-1,rca_lo,SMC
rca_lo_TTACCGCAGAGAGTGA-1,rca_lo,FB
lca_ld_AGTACTGTCGCTTGAA-1,lca_ld,MP
lca_ld_TCAGGTATCACTGATG-1,lca_ld,MP
rca_lo_AAGCGAGAGTGTTGTC-1,rca_lo,EC
lca_wtd_GATAGAAAGAGTCGAC-1,lca_wtd,DC
ctrl_wtd_TGCGATAGTGAACGGT-1,ctrl_wtd,SMC
lca_ld_ACCAAACGTTTGAACC-1,lca_ld,MP
lca_ld_GCGTTTCGTCGATTAC-1,lca_ld,MP
lca_ld_GAAGCCCGTGACAACG-1,lca_ld,SMC
pcsk9_ld_GTAACCACAGTAACGG-1,pcsk9_ld,FB
pcsk9_lo_CTCCGATGTGACGCCT-1,pcsk9_lo,SMC
lca_ld_AGTGATCAGGTCCGAA-1,lca_ld,SMC
lca_l_CGCCAGAGTTTGGAAA-1,lca_l,FB
lca_fl_TGGAACTGTTGGGTAG-1,lca_fl,MP
pcsk9_lo_AATGAAGGTTAGTCGT-1,pcsk9_lo,SMC
rca_lo_TCATTACCATGTGACT-1,rca_lo,SMC
pcsk9_lo_ACGGGTCAGGGAGATA-1,pcsk9_lo,FB
lca_ld_AGATCGTAGAAGTGTT-1,lca_ld,MP
rca_lo_TGAGGAGAGCCTGAGA-1,rca_lo,FB
rca_lo_AGAAATGCACGAGAAC-1,rca_lo,FB
pcsk9_lo_CATACAGAGATAGCTA-1,pcsk9_lo,SMC
rca_lo_ATCGTCCTCCTACGAA-1,rca_lo,EC
lca_ld_GCAGTTATCAACCTCC-1,lca_ld,MP
lca_ld_ATACCGAGTCTAACGT-1,lca_ld,MP
pcsk9_lo_TCAGGGCTCTGCATAG-1,pcsk9_lo,FB
lca_ld_GACATCACAAGTGCAG-1,lca_ld,MP
lca_ld_CCCTGATGTGATACTC-1,lca_ld,MP
rca_fl_TTGCGTCCATAACGGG-1,rca_fl,EC
2dl_AACCAACTCAAGTTGC-1,2dl,EC
lca_ld_CATGCTCAGACTACCT-1,lca_ld,MP
pcsk9_wtd_CTTCTCTGTGGCGTAA-1,pcsk9_wtd,SMC
lca_l_CAACGGCAGCTGAGCA-1,lca_l,FB
pcsk9_ld_GTCAAACTCTGGCCGA-1,pcsk9_ld,EC
rca_l_CTGAGGCGTGCGGTAA-1,rca_l,FB
lca_ld_TCTTAGTTCCCGTGTT-1,lca_ld,SMC
lca_ld_GAAGCCCTCTTTCTAG-1,lca_ld,MP
pcsk9_wtd_GTGTCCTTCTTTGGAG-1,pcsk9_wtd,SMC
2wr_TGCTGAATCTAGTTCT-1,2wr,EC
ctrl_wtd_CCGTTCAGTTCAGCTA-1,ctrl_wtd,FB
lca_ld_TACATTCTCGGTGTTA-1,lca_ld,MP
lca_ld_GAACGTTAGTTCCAGT-1,lca_ld,MP
pcsk9_wtd_ACAAGCTCATCGGAGA-1,pcsk9_wtd,SMC
lca_ld_GACCTTCCACACGGAA-1,lca_ld,SMC
pcsk9_wtd_CGAGAAGAGCCTATTG-1,pcsk9_wtd,SMC
lca_wtd_TCCACCAGTCACAATC-1,lca_wtd,SMC
lca_ld_GCGTGCAGTGTGAATA-1,lca_ld,MP
pcsk9_lo_CGTGATACAGTTCTAG-1,pcsk9_lo,SMC
lca_fl_TTCGATTCACCATTCC-1,lca_fl,DC
lca_ld_ACGCACGTCCATTGCC-1,lca_ld,MP
lca_l_TACGGGCAGATTAGAC-1,lca_l,SMC
lca_ld_GGTGATTCAGCTTTCC-1,lca_ld,DC
rca_l_ATTCCATAGCGCCTAC-1,rca_l,FB
lca_ld_TGTACAGAGGCCTGAA-1,lca_ld,TC
rca_lo_CTCTCGAGTGCCTGAC-1,rca_lo,FB
lca_ld_ATCACGAAGGGCGAGA-1,lca_ld,EC
lca_ld_ACATTTCTCACTACGA-1,lca_ld,MP
lca_fl_TTGGATGAGGTGCATG-1,lca_fl,MP
2dr_TCTCTGGCAGATGCGA-1,2dr,EC
ctrl_wtd_CTCCTTTCAACGCCCA-1,ctrl_wtd,SMC
lca_ld_ATCACTTGTGGACTAG-1,lca_ld,SMC
rca_wtd_TCAGTGACAATGTCAC-1,rca_wtd,SMC
lca_ld_CATTCCGGTGAGCTCC-1,lca_ld,EC
pcsk9_lo_GATCCCTGTTATTCTC-1,pcsk9_lo,EC
lca_ld_GGTGTTAGTCGCCTAG-1,lca_ld,EC
ctrl_lo_ACAGGGACATCTGGGC-1,ctrl_lo,FB
rca_l_GGCTTTCCATGCAGCC-1,rca_l,FB
pcsk9_lo_TGATCTTAGTTCCATG-1,pcsk9_lo,EC
ctrl_lo_CAACCTCTCGAAGCCC-1,ctrl_lo,FB
lca_ld_ACCTACCCAGAAGTTA-1,lca_ld,MP
lca_ld_TCGCTTGAGGCCTGCT-1,lca_ld,MP
2wl_CTAAGTGTCATTTACC-1,2wl,EC
rca_lo_ATGAAAGAGACTCTTG-1,rca_lo,SMC
2wr_TAGATCGGTGCCGAAA-1,2wr,SMC
lca_ld_ACATGCAAGCGCTTCG-1,lca_ld,DC
lca_ld_GGGACAATCTCCGTGT-1,lca_ld,SMC
rca_l_GACATCAGTCGAGATG-1,rca_l,EC
lca_ld_TCCTCTTTCCCTGTTG-1,lca_ld,TC
ctrl_wtd_CCGGTGATCTGCGTCT-1,ctrl_wtd,FB
ctrl_lo_ACACCAAGTTCTCCTG-1,ctrl_lo,FB
rca_wtd_TTTCCTCGTATCGCGC-1,rca_wtd,FB
lca_ld_TTTCAGTAGCCAGAGT-1,lca_ld,EC
lca_lo_ATTCAGGTCGACGCTG-1,lca_lo,FB
ctrl_wtd_CAGGTATAGCGGGTAT-1,ctrl_wtd,SMC
pcsk9_lo_CCTGCATAGAGGTGCT-1,pcsk9_lo,SMC
rca_fl_GCGGATCAGTCAGAGC-1,rca_fl,EC
rca_lo_ATCGGCGCACCTGATA-1,rca_lo,SMC
ctrl_ld_CACTAAGTCGCCTATC-1,ctrl_ld,EC
lca_ld_TCCTGCATCACGTCCT-1,lca_ld,MP
ctrl_fl_GCTGGGTAGTGGAAGA-1,ctrl_fl,EC
2wl_AGGATCTCAAGTGGCA-1,2wl,EC
lca_ld_CAGATTGGTTACCGTA-1,lca_ld,EC
lca_ld_AACACACCAGTAACCT-1,lca_ld,MP
ctrl_ld_GAGAGGTAGGAGAATG-1,ctrl_ld,EC
rca_lo_CATACAGTCGAGTCCG-1,rca_lo,FB
2wl_CTCAAGACACGTTGGC-1,2wl,EC
lca_wtd_ATTCAGGCAAACACGG-1,lca_wtd,SMC
lca_ld_ATCGTGAGTCGCCACA-1,lca_ld,MP
rca_l_GAACTGTGTTAGGCTT-1,rca_l,FB
lca_ld_CCACACTAGGCCTGAA-1,lca_ld,MP
2wr_CTTCAATTCTCCCAAC-1,2wr,EC
2wl_ACCACAACATCGGATT-1,2wl,MP
lca_ld_GTCGTTCGTGTTTCTT-1,lca_ld,MP
lca_ld_TCTATCAAGACCAAAT-1,lca_ld,MP
2wl_ATACCTTGTCTACAGT-1,2wl,EC
lca_ld_TCTACATTCTTAGCAG-1,lca_ld,MP
lca_ld_AGTCATGGTGACTGTT-1,lca_ld,MP
lca_ld_CCTGCATGTAACGCGA-1,lca_ld,MP
rca_wtd_GCATTAGCACGTTGGC-1,rca_wtd,SMC
pcsk9_wtd_TCTCAGCCACCAACAT-1,pcsk9_wtd,SMC
pcsk9_wtd_CGGAACCCACAATCTG-1,pcsk9_wtd,SMC
ctrl_lo_AAAGTGAGTGCTGTCG-1,ctrl_lo,FB
lca_l_GTAGAAAAGCTCGGCT-1,lca_l,MP
lca_ld_CCTTTGGCAGCCATTA-1,lca_ld,MP
lca_l_TCCCAGTAGTGAGGTC-1,lca_l,FB
lca_ld_GAGGCCTCAACCACGC-1,lca_ld,MP
2dl_ACCTGTCAGTATGATG-1,2dl,MP
lca_ld_AGGTTACGTCCGGACT-1,lca_ld,SMC
lca_l_AACCTGACACCCATAA-1,lca_l,FB
ctrl_lo_CGAGGCTGTTAGTCGT-1,ctrl_lo,FB
pcsk9_lo_GGGTCACTCGGACCAC-1,pcsk9_lo,EC
rca_lo_GTGCAGCGTTTCCCAC-1,rca_lo,EC
pcsk9_wtd_GATTTCTTCAGCCTCT-1,pcsk9_wtd,SMC
rca_lo_CCCTGATGTTAAGGAT-1,rca_lo,SMC
lca_ld_ATCTTCACATCGCTCT-1,lca_ld,MP
rca_lo_TCTTGCGAGGAGCTGT-1,rca_lo,SMC
lca_ld_ATACCTTCAAATAAGC-1,lca_ld,MP
ctrl_fl_GATCCCTCACTTGACA-1,ctrl_fl,EC
lca_ld_CGATGCGCACGTGAGA-1,lca_ld,FB
ctrl_wtd_ATTACCTTCTCCATAT-1,ctrl_wtd,SMC
lca_lo_CCAAGCGGTTTCACTT-1,lca_lo,EC
lca_ld_GTTACGACATTCAGGT-1,lca_ld,MP
lca_ld_TACGTCCGTTGTAAAG-1,lca_ld,EC
rca_lo_TACACCCAGGTGCAGT-1,rca_lo,SMC
lca_lo_TGAATCGGTGCCTACG-1,lca_lo,MP
ctrl_lo_GATAGCTTCTACGGGC-1,ctrl_lo,SMC
rca_lo_AAGTACCGTGAGCTCC-1,rca_lo,FB
rca_ld_CGTTGGGCAGAGAATT-1,rca_ld,EC
ctrl_lo_GCCAGCACAATTGTGC-1,ctrl_lo,SMC
lca_ld_ATGGATCTCCAATGCA-1,lca_ld,DC
lca_l_CCTCCTCAGCATATGA-1,lca_l,SMC
rca_wtd_GTTGCTCTCAGGAAGC-1,rca_wtd,FB
lca_ld_GTAGATCAGGAGAATG-1,lca_ld,EC
rca_ld_CAGGCCACATGTGGTT-1,rca_ld,SMC
lca_lo_ACGGAAGAGAGCTTTC-1,lca_lo,SMC
ctrl_lo_TTTGGTTTCTCGGTAA-1,ctrl_lo,SMC
rca_l_AGGTGTTAGAGAGCAA-1,rca_l,FB
lca_ld_CCCAACTAGGTGCCTC-1,lca_ld,MP
lca_lo_CGAGGCTCAATACGCT-1,lca_lo,SMC
rca_lo_AGTAACCCACGACAAG-1,rca_lo,FB
lca_ld_AGGGCCTGTTGCCATA-1,lca_ld,MP
2wr_TGGTTAGTCGCCGTGA-1,2wr,EC
2dr_CGTTAGACATGACTGT-1,2dr,SMC
lca_ld_CTAGGTACAAACTAGA-1,lca_ld,MP
lca_lo_TCGGGACAGGACCCAA-1,lca_lo,FB
2wl_TCTCACGTCAACGTGT-1,2wl,MP
ctrl_lo_CTGGACGCAAGTGCAG-1,ctrl_lo,SMC
lca_ld_GAGAGGTAGTCTGTAC-1,lca_ld,SMC
2wl_TCGATTTTCGTGCATA-1,2wl,EC
lca_ld_TACCTGCAGACCTCCG-1,lca_ld,SMC
lca_ld_GTAACACGTTGCATTG-1,lca_ld,MP
lca_l_CGGAACCGTAACTTCG-1,lca_l,MP
rca_l_CAGATCAAGCGGTATG-1,rca_l,SMC
ctrl_wtd_AGAGAGCTCACGGGAA-1,ctrl_wtd,SMC
lca_l_TTCTCTCGTCCTTAAG-1,lca_l,MP
lca_ld_ATCGTCCCAGCGACCT-1,lca_ld,DC
ctrl_wtd_GTGCACGAGTCGGCCT-1,ctrl_wtd,SMC
rca_lo_GTCTTTAGTACGGCAA-1,rca_lo,SMC
lca_fl_TGCTTCGAGGAGCTGT-1,lca_fl,MP
lca_ld_TCCACCATCGCAATGT-1,lca_ld,MP
rca_fl_GTGGTTATCTGATTCT-1,rca_fl,FB
lca_l_TACCGAATCCTATGGA-1,lca_l,FB
lca_fl_CAATCGAAGACATAGT-1,lca_fl,SMC
lca_fl_TCTAACTAGGGCATGT-1,lca_fl,NT
lca_fl_TATCGCCCAGTCGCAC-1,lca_fl,SMC
rca_lo_GATAGAACAAACGGCA-1,rca_lo,SMC
pcsk9_wtd_GTAATGCCACATTACG-1,pcsk9_wtd,FB
pcsk9_lo_CATTCATCATAATGAG-1,pcsk9_lo,FB
lca_ld_CAGCGTGGTTGCTTGA-1,lca_ld,MP
rca_lo_TTCTTCCAGCTCTGTA-1,rca_lo,SMC
lca_ld_AACCCAAAGACCTGGA-1,lca_ld,MP
lca_ld_ATTCTACCAGGCATTT-1,lca_ld,DC
lca_wtd_ATTCGTTGTGACTGTT-1,lca_wtd,MP
ctrl_wtd_ATTTCACCACGCGTCA-1,ctrl_wtd,SMC
lca_ld_CCACTTGCACCTGTCT-1,lca_ld,DC
lca_lo_GTAAGTCCAGCGAGTA-1,lca_lo,MP
2wl_TCATGTTAGCAAACAT-1,2wl,EC
lca_ld_AGAGCAGGTATCGCAT-1,lca_ld,MP
rca_lo_AACGAAATCTCACGAA-1,rca_lo,SMC
ctrl_lo_GTGCTTCAGGTCCCGT-1,ctrl_lo,SMC
lca_ld_TAATCTCTCGGTCGAC-1,lca_ld,TC
lca_l_TCGGTCTCAAACCACT-1,lca_l,SMC
rca_lo_TGTTCTAAGCGTCTGC-1,rca_lo,SMC
lca_lo_TACGGGCGTCTCTCTG-1,lca_lo,FB
lca_fl_CTGCCATCAATTGGTC-1,lca_fl,MP
lca_ld_ATGTCTTCAAAGAACT-1,lca_ld,MP
lca_lo_TGGTAGTAGGAGACCT-1,lca_lo,SMC
lca_lo_TCTGGCTCAGGACTAG-1,lca_lo,SMC
lca_ld_AAAGGGCCAAATCCCA-1,lca_ld,SMC
lca_l_TGAGTCATCGCTCATC-1,lca_l,SMC
pcsk9_wtd_AAGACAAGTAGTCTGT-1,pcsk9_wtd,SMC
rca_lo_TATATCCGTTGCTGAT-1,rca_lo,SMC
lca_l_GTTAGACGTTGCTGAT-1,lca_l,SMC
lca_ld_ATGAAAGGTGACCGTC-1,lca_ld,MP
2dr_CGCCAGAAGACCAGCA-1,2dr,EC
lca_ld_TTGCGTCGTCGCATGC-1,lca_ld,MP
lca_ld_TACCCGTCATTGCCGG-1,lca_ld,MP
rca_l_GTCTGTCTCACATACG-1,rca_l,SMC
lca_l_GGTTAACTCTAAGCCA-1,lca_l,MP
pcsk9_lo_CGGCAGTCATAACTCG-1,pcsk9_lo,SMC
2dr_GCATGATCACCGGTCA-1,2dr,EC
ctrl_lo_CCGGTAGTCCTTGGAA-1,ctrl_lo,EC
rca_lo_CATTGCCAGGAGATAG-1,rca_lo,SMC
lca_fl_TGACTCCTCTCCGAGG-1,lca_fl,SMC
rca_fl_TTTCCTCTCAAGCTTG-1,rca_fl,EC
lca_ld_ATTCCATAGGGCAATC-1,lca_ld,SMC
lca_l_GTAACACGTCGCTTGG-1,lca_l,SMC
lca_l_GTTCCGTTCATGAGGG-1,lca_l,EC
rca_fl_TGAGACTTCGTGGGTC-1,rca_fl,EC
lca_ld_TTGCGTCTCACTCTTA-1,lca_ld,MP
pcsk9_lo_GAGTTACGTTACCTTT-1,pcsk9_lo,SMC
ctrl_wtd_AGGGTCCGTCAGGTAG-1,ctrl_wtd,SMC
lca_ld_CCCTCAACAAGGTTGG-1,lca_ld,MP
pcsk9_lo_ACATGCACACTAGAGG-1,pcsk9_lo,FB
ctrl_wtd_AATGGAACATGGGATG-1,ctrl_wtd,SMC
lca_ld_GTTATGGTCTTTCAGT-1,lca_ld,MP
lca_ld_CACAGGCCATAGATCC-1,lca_ld,EC
lca_l_TCCTTTCAGTAGGTTA-1,lca_l,EC
lca_ld_GAGTGTTTCCTCTCGA-1,lca_ld,MP
rca_wtd_TTAATCCGTTTGGCTA-1,rca_wtd,SMC
pcsk9_wtd_CGGACACAGCTCGGCT-1,pcsk9_wtd,SMC
rca_lo_CAATACGGTCTCTCTG-1,rca_lo,FB
lca_l_TTAGGCAGTGATGAAT-1,lca_l,SMC
rca_lo_TGAGACTCATACCATG-1,rca_lo,SMC
lca_lo_AGTGATCGTTCAGCGC-1,lca_lo,SMC
rca_lo_CAACGATGTGCCCTTT-1,rca_lo,SMC
lca_l_GACATCATCAACCTCC-1,lca_l,EC
lca_fl_TCGCTCAGTGCAAGAC-1,lca_fl,MP
lca_ld_GACATCATCTGTCGTC-1,lca_ld,MP
lca_ld_GATCACATCTGCCCTA-1,lca_ld,MP
pcsk9_lo_GGGTTTAAGAAGCTCG-1,pcsk9_lo,EC
rca_lo_AGCGCTGGTCTGCAAT-1,rca_lo,SMC
2dl_ATTATCCTCGGACGTC-1,2dl,EC
lca_ld_TACCTCGAGATCCTAC-1,lca_ld,SMC
lca_ld_GAGTCTACACTTCTCG-1,lca_ld,MP
rca_lo_TTCCTCTAGCGAATGC-1,rca_lo,FB
rca_lo_CGAGGAAGTTTCCAAG-1,rca_lo,FB
rca_lo_TAAGCCACAACAAAGT-1,rca_lo,SMC
rca_lo_TTCTAGTCAACTCGAT-1,rca_lo,EC
lca_l_CTCCCTCCAGGACATG-1,lca_l,FB
lca_ld_TTACTGTAGAACTTCC-1,lca_ld,EC
lca_ld_TGATTCTTCCACAGGC-1,lca_ld,MP
lca_ld_TTCGCTGCAGTGGCTC-1,lca_ld,EC
lca_ld_TAGATCGGTTCAGTAC-1,lca_ld,EC
lca_l_ATGGATCTCCTTGAAG-1,lca_l,FB
2wr_CTACATTTCTGAGCAT-1,2wr,EC
2dl_CTCAAGACAAATCGTC-1,2dl,EC
ctrl_lo_ACAGCCGGTACAAGCG-1,ctrl_lo,SMC
ctrl_lo_TCAATTCCATGATGCT-1,ctrl_lo,FB
rca_lo_TCGTCCACATACCAGT-1,rca_lo,FB
2wl_TATCTTGGTTTACACG-1,2wl,EC
rca_ld_TATTCCACAGAGATGC-1,rca_ld,FB
lca_ld_GGTTGTAGTCTTGGTA-1,lca_ld,MP
rca_lo_TTGGTTTGTATTGGCT-1,rca_lo,FB
rca_l_CTAGACAGTAGCTGAG-1,rca_l,SMC
lca_ld_AAGCCATCACTCACTC-1,lca_ld,MP
rca_wtd_TAACCAGCAAGGCTTT-1,rca_wtd,SMC
lca_ld_AGAACAAGTTCCCACT-1,lca_ld,MP
2wr_GCTCAAACAGGCTCTG-1,2wr,EC
lca_ld_AGTGATCCACTACTTT-1,lca_ld,NT
rca_fl_CACTGTCAGCACCGTC-1,rca_fl,EC
lca_l_TATGTTCGTCAGTCGC-1,lca_l,FB
ctrl_wtd_TCCATGCGTTGGGTTT-1,ctrl_wtd,SMC
lca_wtd_CCTAACCAGGTTCCAT-1,lca_wtd,MP
lca_ld_CCCTCTCGTTGGGAAC-1,lca_ld,MP
rca_lo_ACTTAGGGTTGCCATA-1,rca_lo,FB
lca_ld_TGATGCATCTTGATTC-1,lca_ld,MP
lca_ld_CTGCCATTCTCGACGG-1,lca_ld,MP
lca_ld_CCCATTGGTGGAACAC-1,lca_ld,SMC
lca_ld_AAGACTCCACTGCTTC-1,lca_ld,EC
rca_lo_CTGTATTCAGGACAGT-1,rca_lo,FB
rca_lo_AACGAAAAGGATCATA-1,rca_lo,FB
2wl_GAGTGAGTCCGTCAAA-1,2wl,MP
ctrl_wtd_TCATGAGAGTCCTGCG-1,ctrl_wtd,SMC
lca_fl_CGCATGGAGCCACTCG-1,lca_fl,DC
lca_ld_TTGCTGCAGTGTTGAA-1,lca_ld,SMC
lca_ld_CACAGGCTCCACTGAA-1,lca_ld,SMC
lca_ld_GTTACAGAGTGCACCC-1,lca_ld,MP
lca_lo_GCGGAAAAGCGCCTCA-1,lca_lo,EC
ctrl_wtd_CGATCGGTCGTTCTCG-1,ctrl_wtd,SMC
lca_fl_GCCGTGAGTAGGCAGT-1,lca_fl,MP
2dl_TTGTTTGGTGACAGGT-1,2dl,NT
pcsk9_wtd_TCAAGTGCAGGGTCTC-1,pcsk9_wtd,SMC
pcsk9_lo_AATGGCTCAATTGCAC-1,pcsk9_lo,SMC
ctrl_wtd_TCGCAGGCAGGTTCCG-1,ctrl_wtd,SMC
2wl_GAACACTTCAACTTTC-1,2wl,DC
pcsk9_wtd_TCCTGCACATGAGTAA-1,pcsk9_wtd,SMC
lca_wtd_GTTACGACAATTGTGC-1,lca_wtd,NT
lca_ld_GAAGGACAGGCACCAA-1,lca_ld,MP
rca_l_GGGTTATAGCAAGGAA-1,rca_l,FB
lca_ld_GTTGAACGTTGCCAAT-1,lca_ld,MP
lca_ld_CAAGCTATCGCTTGAA-1,lca_ld,MP
rca_lo_CCTTGTGAGACAGTCG-1,rca_lo,FB
lca_ld_GATCCCTGTCGTGATT-1,lca_ld,MP
2dl_CTGGTCTCAACCAATC-1,2dl,FB
rca_wtd_CGCCAGAAGTCCCAAT-1,rca_wtd,SMC
rca_l_AAGCCATTCGTAACCA-1,rca_l,FB
pcsk9_lo_GTCTACCGTATTGACC-1,pcsk9_lo,FB
lca_ld_ATGCGATTCGATACGT-1,lca_ld,SMC
lca_ld_ATTATCCAGTCGAAAT-1,lca_ld,EC
ctrl_lo_GCACTAAAGTCTAGAA-1,ctrl_lo,EC
lca_wtd_TCATTTGTCCCACAGG-1,lca_wtd,MP
lca_ld_TCAAGACCAGGTTACT-1,lca_ld,SMC
ctrl_wtd_TCCTGCACAGAACATA-1,ctrl_wtd,SMC
lca_l_ATGCGATGTGCACAAG-1,lca_l,FB
rca_lo_ACTTATCAGAATTGTG-1,rca_lo,FB
2dr_TTGTGTTGTGGGCTTC-1,2dr,EC
ctrl_lo_TTTGGTTGTATGAAGT-1,ctrl_lo,SMC
rca_l_GAACGTTTCTGGTTGA-1,rca_l,SMC
lca_l_AGGCTGCGTATGAAGT-1,lca_l,TC
lca_ld_GTAGGTTGTGTGGACA-1,lca_ld,DC
rca_lo_ATTCTTGGTGTGTGTT-1,rca_lo,FB
2dr_ACGTTCCTCTCTAGGA-1,2dr,EC
ctrl_wtd_GAGAGGTCAATTGAGA-1,ctrl_wtd,SMC
2dr_TAACCAGAGAGAGTTT-1,2dr,EC
lca_lo_GTAGAAAAGCATTGAA-1,lca_lo,MP
ctrl_wtd_GCAGTTACATGCCATA-1,ctrl_wtd,SMC
lca_fl_TCCACGTAGGATTCAA-1,lca_fl,MP
lca_lo_CAGCAGCCACAGTCCG-1,lca_lo,EC
lca_ld_CTCCCTCAGCTCATAC-1,lca_ld,MP
rca_lo_GATTCTTCAACTGTGT-1,rca_lo,SMC
lca_ld_GAAGTAACATCTCCCA-1,lca_ld,EC
lca_ld_AAGCGTTAGCGCGTTC-1,lca_ld,MP
rca_lo_CGTGATATCTGGCTGG-1,rca_lo,SMC
pcsk9_wtd_ACGTTCCAGTTCACTG-1,pcsk9_wtd,SMC
lca_lo_GCCAGTGAGATGCCGA-1,lca_lo,BC
lca_l_TACGTCCGTAACTTCG-1,lca_l,FB
2wl_ATTTCTGAGTTGGAGC-1,2wl,MP
pcsk9_lo_TGTGATGCAGCATGCC-1,pcsk9_lo,SMC
lca_ld_ATTACCTTCACACCCT-1,lca_ld,MP
lca_ld_CCGGTAGAGTTGCGAG-1,lca_ld,MP
lca_ld_CCGATGGTCTAGTGTG-1,lca_ld,MP
rca_lo_CATCAAGTCCCGTAAA-1,rca_lo,FB
rca_lo_GTCATGACATCGAGCC-1,rca_lo,FB
ctrl_wtd_TCCACGTAGCATACTC-1,ctrl_wtd,FB
pcsk9_wtd_GCTTTCGCAGTCAACT-1,pcsk9_wtd,SMC
lca_ld_GATTGGTAGAACTGAT-1,lca_ld,MP
lca_ld_CCCTCAAGTGTATTCG-1,lca_ld,DC
lca_ld_GTCCACTTCATTTCCA-1,lca_ld,MP
lca_ld_GCCGTGAGTTCGAACT-1,lca_ld,SMC
pcsk9_lo_TTCACCGAGAGAACCC-1,pcsk9_lo,SMC
pcsk9_ld_ATTCCTACACTCCTTG-1,pcsk9_ld,EC
lca_ld_AGGTAGGGTCAAGCCC-1,lca_ld,MP
rca_ld_CCGTGAGTCGATAACC-1,rca_ld,EC
pcsk9_wtd_CATTTCATCCATCTCG-1,pcsk9_wtd,FB
rca_wtd_ATTTCACAGGGCATGT-1,rca_wtd,SMC
lca_ld_ACTCTCGAGTCACTCA-1,lca_ld,SMC
rca_lo_AGTGCCGCATCATTTC-1,rca_lo,FB
lca_fl_GGGTGTCAGTCCGCCA-1,lca_fl,SMC
lca_ld_TTGTGTTGTACCTATG-1,lca_ld,SMC
rca_l_GTAACACTCGCTACGG-1,rca_l,SMC
rca_l_TGTTTGTAGAAGCTCG-1,rca_l,FB
ctrl_wtd_TGTTGGAAGGGAGAAT-1,ctrl_wtd,SMC
lca_fl_CATACCCTCCGTACGG-1,lca_fl,MP
pcsk9_lo_CCCAACTCATTGCCGG-1,pcsk9_lo,EC
lca_ld_GTGAGCCGTCACCGAC-1,lca_ld,MP
lca_ld_TGCAGGCGTTGGGATG-1,lca_ld,SMC
lca_ld_ACAACCATCGTACACA-1,lca_ld,MP
rca_lo_GAGAAATGTAAGTAGT-1,rca_lo,SMC
2wl_TGCGACGGTTCGGCGT-1,2wl,SMC
ctrl_lo_GTCTTTATCTGGCCAG-1,ctrl_lo,SMC
lca_ld_GAATCACCACTTCTCG-1,lca_ld,MP
lca_ld_GAACACTAGTGCCCGT-1,lca_ld,MP
lca_fl_GCCATTCAGTTGTACC-1,lca_fl,MP
2dl_AACACACCAATCTCGA-1,2dl,EC
lca_ld_ATAGACCTCACGATCA-1,lca_ld,EC
lca_ld_GTGCACGTCGGTCGAC-1,lca_ld,MP
lca_wtd_TTTACCACAAGAAATC-1,lca_wtd,MP
lca_fl_TTAGGGTCATAGGCGA-1,lca_fl,MP
ctrl_wtd_GGATCTAAGTACAACA-1,ctrl_wtd,SMC
ctrl_ld_TTGACCCAGAGCCATG-1,ctrl_ld,EC
lca_ld_CTACATTAGGGTAATT-1,lca_ld,SMC
lca_ld_TGAACGTGTAACATAG-1,lca_ld,MP
lca_l_TGTGGCGAGAGCATCG-1,lca_l,SMC
2wl_TGTGATGCAGAGATGC-1,2wl,EC
lca_ld_CATTTCAAGCCGCACT-1,lca_ld,TC
ctrl_wtd_TTGGGATAGCGAGGAG-1,ctrl_wtd,FB
lca_ld_TATCAGGTCGCCGAGT-1,lca_ld,EC
lca_ld_TGGGTTAAGGGCCAAT-1,lca_ld,MP
rca_lo_ACTTCGCTCGCGCCAA-1,rca_lo,FB
lca_l_TACGCTCCAGAACTTC-1,lca_l,FB
lca_wtd_TACGCTCCACCGGTCA-1,lca_wtd,MP
rca_wtd_TTGCATTTCTCCTGTG-1,rca_wtd,SMC
lca_ld_CTGCCATTCGACGATT-1,lca_ld,MP
rca_lo_AAAGTCCCAATGCAGG-1,rca_lo,EC
rca_lo_AACCCAATCGAGTCCG-1,rca_lo,FB
lca_ld_CGTAAGTCACACTGGC-1,lca_ld,SMC
lca_ld_AGTAACCCAAGAGTTA-1,lca_ld,MP
lca_ld_AGCCAATGTGATCGTT-1,lca_ld,EC
ctrl_wtd_AAAGAACTCATCTCTA-1,ctrl_wtd,SMC
2wr_GTCCCATCAGTAGTTC-1,2wr,EC
lca_lo_GTTGTAGAGGAGACCT-1,lca_lo,SMC
pcsk9_wtd_ATTTACCGTAACTAAG-1,pcsk9_wtd,SMC
ctrl_ld_AATTTCCGTCACGACC-1,ctrl_ld,EC
rca_lo_GTTTACTCACTTCATT-1,rca_lo,SMC
rca_l_AACCTTTCATGTGGTT-1,rca_l,EC
rca_lo_TGGGAAGGTAACATGA-1,rca_lo,FB
ctrl_wtd_ACCTGTCTCTACTGCC-1,ctrl_wtd,SMC
lca_l_TGTTCATCATATGAAG-1,lca_l,NT
lca_ld_ACTATGGTCCTGTTGC-1,lca_ld,MP
ctrl_wtd_AGTAACCCATCCAATG-1,ctrl_wtd,SMC
lca_ld_AGGGTGACATGCCGCA-1,lca_ld,MP
lca_l_GTGCAGCGTATCAAGA-1,lca_l,FB
lca_wtd_GATGCTATCAAAGAAC-1,lca_wtd,FB
rca_wtd_CACCAAACAGTTCACA-1,rca_wtd,SMC
pcsk9_wtd_TGACGCGTCTTGGTCC-1,pcsk9_wtd,SMC
lca_l_CGAATTGGTACAGAGC-1,lca_l,FB
rca_l_AAGATAGCACCCGTAG-1,rca_l,EC
2dr_ATGGATCCACAAGGTG-1,2dr,EC
rca_l_AGATCGTGTGCAATAA-1,rca_l,EC
lca_f_TTACGTTCAACTACGT-1,lca_f,EC
lca_ld_GATGATCGTACAGTTC-1,lca_ld,MP
ctrl_lo_TCATCATGTGCCTATA-1,ctrl_lo,EC
lca_lo_CACTGGGTCCTACGAA-1,lca_lo,MP
lca_ld_CTACATTGTGGTATGG-1,lca_ld,EC
lca_l_CATAAGCGTCTCTCAC-1,lca_l,EC
lca_l_GGTTCTCGTGCCGAAA-1,lca_l,FB
lca_ld_CTACCCACAACAGCTT-1,lca_ld,MP
lca_ld_CAATGACAGGTCACTT-1,lca_ld,MP
lca_l_TGTTCCGCAACCAGAG-1,lca_l,SMC
lca_ld_TCCGTGTCATTACTCT-1,lca_ld,DC
lca_l_CCTAACCCATACCACA-1,lca_l,MP
ctrl_lo_TCTGTCGAGACGAGCT-1,ctrl_lo,FB
pcsk9_wtd_ACCTGAAGTGGAGGTT-1,pcsk9_wtd,FB
rca_lo_CAGTTAGCAGGTGTTT-1,rca_lo,FB
lca_fl_AGCCACGAGCCTCAGC-1,lca_fl,MP
lca_ld_GGCACGTGTCAAAGCG-1,lca_ld,EC
lca_ld_GTTGAACCAAATCAGA-1,lca_ld,TC
rca_lo_CCGATCTCATGATAGA-1,rca_lo,SMC
rca_lo_CGAGTTATCCTCTCTT-1,rca_lo,SMC
lca_ld_GTCTAGATCCCATAAG-1,lca_ld,EC
lca_fl_CCCGAAGAGGTCCAGA-1,lca_fl,TC
ctrl_wtd_ACTATTCTCGCCAACG-1,ctrl_wtd,SMC
lca_ld_GCACTAACAATTGCAC-1,lca_ld,MP
lca_l_AGTGTTGTCCAGTACA-1,lca_l,FB
lca_l_CATCGTCCAGAGGAAA-1,lca_l,SMC
2wl_CGATGCGCAATTCTCT-1,2wl,SMC
2wr_CAGTTCCGTATGTCCA-1,2wr,EC
rca_l_ATATCCTCAAATAGCA-1,rca_l,EC
2wl_TTCTTCCAGCTCACTA-1,2wl,EC
lca_ld_CTAACTTCACACTTAG-1,lca_ld,MP
lca_ld_GCAGTTAAGATGAATC-1,lca_ld,MP
lca_ld_GTTCATTCACCAGCCA-1,lca_ld,MP
lca_ld_GTCCACTGTATTGGCT-1,lca_ld,MP
lca_ld_CATTTCAAGTAGTCTC-1,lca_ld,MP
lca_ld_TGTCCCATCGGATACT-1,lca_ld,MP
rca_ld_TAGGTACGTCACTTAG-1,rca_ld,EC
pcsk9_lo_CGATGGCTCTCCGCAT-1,pcsk9_lo,SMC
2wr_GGTAATCGTCGATGCC-1,2wr,EC
lca_ld_ACGTACATCTTCGCTG-1,lca_ld,MP
lca_ld_TTACTGTGTCCAGCCA-1,lca_ld,MP
lca_lo_CAGTTCCCAAATCAAG-1,lca_lo,MP
rca_l_TCGGATAAGTCACTAC-1,rca_l,FB
ctrl_fl_CCCTCAAGTAGCACAG-1,ctrl_fl,EC
rca_wtd_CAGATCATCCACCTGT-1,rca_wtd,FB
pcsk9_lo_CAGCGTGTCACTGTCC-1,pcsk9_lo,FB
rca_lo_TTCCTTCAGACTTAAG-1,rca_lo,SMC
lca_lo_CCTATCGCAGTTGTCA-1,lca_lo,MP
pcsk9_wtd_AGTCTCCGTTCGTGCG-1,pcsk9_wtd,SMC
lca_fl_TGCTCCACACTCTAGA-1,lca_fl,MP
rca_l_TATTGGGGTTGTGCCG-1,rca_l,SMC
lca_ld_CAACGATAGTGGTGAC-1,lca_ld,SMC
lca_lo_TAGGTACTCGAGTGGA-1,lca_lo,MP
lca_lo_ACACAGTAGTTAGTAG-1,lca_lo,DC
lca_wtd_ACTGTCCCAATGTGGG-1,lca_wtd,MP
lca_fl_TTCCAATGTGCTTCAA-1,lca_fl,DC
lca_ld_CGGAATTAGATTAGTG-1,lca_ld,EC
rca_l_CGATGCGAGATGATTG-1,rca_l,SMC
lca_l_TCATCATGTTGCATTG-1,lca_l,SMC
2wl_GTACAACTCTTGCGCT-1,2wl,MP
lca_ld_GTTTGGACAGCATGCC-1,lca_ld,MP
lca_lo_ACGTACACACTCTGCT-1,lca_lo,MP
ctrl_lo_GGCTTTCGTGAAAGTT-1,ctrl_lo,EC
2wl_GAAATGAAGAGCATTA-1,2wl,EC
lca_ld_GTGACGCCAAGAGTGC-1,lca_ld,EC
ctrl_wtd_TTGGGATGTAGGATAT-1,ctrl_wtd,SMC
rca_lo_TGAGTCAAGACCCTTA-1,rca_lo,EC
lca_l_CCAAGCGTCGTAACTG-1,lca_l,FB
rca_lo_ATCGTCCAGGAAAGTG-1,rca_lo,SMC
rca_wtd_GGGTCACTCGCTGACG-1,rca_wtd,SMC
lca_l_GCTTCACGTCTGTAAC-1,lca_l,SMC
ctrl_wtd_TCAATTCAGCCTTGAT-1,ctrl_wtd,SMC
rca_f_ACAAAGACATGGCCCA-1,rca_f,FB
2dr_CCGGACACATTAGGCT-1,2dr,EC
lca_ld_TGTCCTGCAGTTTCAG-1,lca_ld,MP
lca_l_GGTAACTGTGCCCGTA-1,lca_l,FB
pcsk9_fl_CCCTGATCAGTCGGAA-1,pcsk9_fl,EC
lca_ld_ACATCGATCATTTCCA-1,lca_ld,EC
ctrl_lo_GTGCACGGTCGACGCT-1,ctrl_lo,FB
lca_wtd_TAACGACTCCGAAATC-1,lca_wtd,MP
lca_lo_TTTCGATTCCGCACTT-1,lca_lo,EC
lca_ld_GAGTTTGTCGCTGATA-1,lca_ld,NT
ctrl_lo_GTCATTTCATCGTCCT-1,ctrl_lo,FB
rca_l_GTGCACGTCCTACGGG-1,rca_l,FB
lca_ld_CCTATCGTCACCTGTC-1,lca_ld,MP
pcsk9_wtd_TCTGCCATCAGCTTGA-1,pcsk9_wtd,SMC
lca_ld_GTCACTCGTTGTCTAG-1,lca_ld,MP
rca_lo_GACGTTAAGTGGGAAA-1,rca_lo,EC
lca_ld_CCCTCAAGTGGCCCAT-1,lca_ld,MP
ctrl_fl_CCTATCGTCATTTGCT-1,ctrl_fl,EC
rca_wtd_AGCTACATCGGTAGGA-1,rca_wtd,SMC
lca_l_CGGAGAAAGCGTCAAG-1,lca_l,MP
ctrl_wtd_TTCGGTCGTCCACAGC-1,ctrl_wtd,SMC
lca_l_GCTCAAATCAGCTCTC-1,lca_l,SMC
pcsk9_lo_TGAGGTTGTTACCCTC-1,pcsk9_lo,SMC
ctrl_lo_TAGACCATCATTGTTC-1,ctrl_lo,EC
lca_ld_CATCCCATCAATCCGA-1,lca_ld,MP
pcsk9_lo_TTGCGTCAGGACGGAG-1,pcsk9_lo,SMC
lca_ld_ATGCATGGTTCGATTG-1,lca_ld,SMC
2dr_ACTATGGCATACCACA-1,2dr,EC
pcsk9_wtd_TTCGCTGTCAGACCTA-1,pcsk9_wtd,FB
lca_lo_CAAGCTAAGCTAGTTC-1,lca_lo,FB
lca_ld_TGTTCTATCTAGTGAC-1,lca_ld,MP
2dr_TCATACTAGAGAGGTA-1,2dr,EC
lca_ld_GTAGATCGTAGACACG-1,lca_ld,SMC
lca_fl_CATGCAAAGCTGACCC-1,lca_fl,MP
lca_ld_TTGGATGGTTTCGTGA-1,lca_ld,SMC
pcsk9_ld_AGACACTAGGTCCAGA-1,pcsk9_ld,EC
lca_fl_TCCCATGTCTTAGCCC-1,lca_fl,TC
lca_ld_CAGCACGAGTGCCAGA-1,lca_ld,MP
lca_l_TGGAGGAAGACAGCTG-1,lca_l,MP
rca_lo_CTCCCTCAGCGATGAC-1,rca_lo,FB
rca_l_TTACCGCTCACTTGGA-1,rca_l,FB
lca_ld_CATACCCAGTTTGTCG-1,lca_ld,MP
lca_fl_CTGTACCTCGGTTCAA-1,lca_fl,NT
rca_wtd_GGCAGTCGTTCGTTCC-1,rca_wtd,SMC
ctrl_wtd_CTACCTGTCGGTCTGG-1,ctrl_wtd,SMC
lca_ld_TTTCGATAGTTCTACG-1,lca_ld,SMC
lca_fl_GAGATGGAGACAGTCG-1,lca_fl,MP
2wl_AAGATAGAGGGCTGAT-1,2wl,EC
lca_fl_ATTCAGGGTACTCAAC-1,lca_fl,SMC
lca_ld_GTACAACTCATTGCCC-1,lca_ld,SMC
lca_lo_GTCCACTCAGACACAG-1,lca_lo,MP
rca_l_GGGTCTGAGTGCGCTC-1,rca_l,FB
2dl_AAGACTCTCGACGCTG-1,2dl,EC
2wl_CTGGTCTTCAACCGAT-1,2wl,DC
ctrl_wtd_AACAAAGTCACCATCC-1,ctrl_wtd,SMC
rca_lo_AGAGAATTCCCATTTA-1,rca_lo,FB
ctrl_wtd_AATCGTGCACCCTTGT-1,ctrl_wtd,FB
pcsk9_lo_GTTAGACAGTTCTACG-1,pcsk9_lo,EC
lca_ld_CATGAGTCAGTCGGAA-1,lca_ld,MP
lca_ld_ATCCATTAGAGTTGAT-1,lca_ld,MP
lca_wtd_AGGGTTTGTGTTCATG-1,lca_wtd,MP
rca_wtd_AATGACCCATCGAAGG-1,rca_wtd,SMC
ctrl_wtd_ATCACTTTCGAGCACC-1,ctrl_wtd,SMC
lca_ld_CTGCCTACAGTCAGCC-1,lca_ld,EC
2dl_AACCTTTCAAGATGTA-1,2dl,EC
2dl_CTACGGGCATGGACAG-1,2dl,EC
pcsk9_lo_TTCCACGTCTCTGCTG-1,pcsk9_lo,SMC
rca_lo_CCAAGCGTCTTACCAT-1,rca_lo,SMC
2wr_TGGAGAGTCAAAGGTA-1,2wr,EC
lca_lo_CAGATTGCACACTGGC-1,lca_lo,SMC
lca_lo_ACACAGTCAGAGTGAC-1,lca_lo,SMC
rca_wtd_TTGCTGCTCTCTCTAA-1,rca_wtd,SMC
lca_ld_GGTTAACCAGTTGGTT-1,lca_ld,TC
ctrl_wtd_CCCTTAGTCCATCTGC-1,ctrl_wtd,SMC
rca_ld_AATGGAATCCATCGTC-1,rca_ld,EC
pcsk9_lo_TCTCAGCTCCCAGTGG-1,pcsk9_lo,SMC
ctrl_wtd_TCCATCGAGATGAATC-1,ctrl_wtd,SMC
rca_wtd_CAAGACTCATGACAAA-1,rca_wtd,SMC
rca_fl_TAAGTCGGTCCTTAAG-1,rca_fl,EC
lca_ld_CTGTACCTCCTTATCA-1,lca_ld,MP
2wl_TGTTCTACATGTGGCC-1,2wl,FB
rca_lo_GTTCATTTCGTTCATT-1,rca_lo,SMC
rca_ld_GGGCCATGTACAAACA-1,rca_ld,EC
lca_ld_TGAGGAGTCCGTGTGG-1,lca_ld,MP
lca_fl_CAGATACCACGACGTC-1,lca_fl,SMC
rca_lo_TGACAGTAGCCAGTAG-1,rca_lo,FB
lca_lo_CTGTACCCAAGTAGTA-1,lca_lo,SMC
lca_fl_TGCTTGCGTCGTCATA-1,lca_fl,SMC
rca_lo_CTGAGGCGTGACACAG-1,rca_lo,SMC
lca_ld_AGGTCATGTTTACCTT-1,lca_ld,MP
rca_fl_GTCGCGAAGACCATTC-1,rca_fl,EC
lca_fl_ATTACCTGTTTCAGAC-1,lca_fl,DC
lca_fl_TAGACCACACCCTCTA-1,lca_fl,MP
pcsk9_wtd_GCATGATGTTTCCATT-1,pcsk9_wtd,FB
pcsk9_ld_GGAAGTGAGAAAGCGA-1,pcsk9_ld,FB
lca_ld_AACGGGATCGAGCACC-1,lca_ld,MP
rca_wtd_GCAACATAGCGTCAGA-1,rca_wtd,FB
lca_ld_AAATGGATCCCTCGAT-1,lca_ld,DC
2dl_AAGCCATGTATTCCGA-1,2dl,EC
lca_ld_GCGAGAACACTAGGTT-1,lca_ld,MP
lca_ld_GATGTTGAGCAAATCA-1,lca_ld,EC
rca_lo_ATCGTAGGTCTGGTTA-1,rca_lo,FB
lca_l_CTCCCAAGTACCATAC-1,lca_l,FB
2wr_AGTTAGCCAGCGTATT-1,2wr,EC
lca_l_TCAGGTAAGAGTTGAT-1,lca_l,SMC
lca_fl_TCGGGCACAACCAACT-1,lca_fl,DC
lca_ld_CGGAGAACATTCTTCA-1,lca_ld,NT
ctrl_fl_GGGTTTAAGGATATGT-1,ctrl_fl,EC
pcsk9_wtd_GACACGCTCATGTCTT-1,pcsk9_wtd,SMC
lca_ld_CCCATTGCAATCAAGA-1,lca_ld,SMC
lca_ld_GCTGGGTCACAAGCAG-1,lca_ld,EC
lca_l_AGGGCTCGTTACGCCG-1,lca_l,FB
pcsk9_wtd_GATGGAGCAGTTAGAA-1,pcsk9_wtd,SMC
lca_lo_CAACGATTCCACACCT-1,lca_lo,MP
2wl_GCCAACGGTAGGACTG-1,2wl,EC
ctrl_lo_AACACACCAATTTCTC-1,ctrl_lo,SMC
rca_lo_CTTCTAAAGGGAGGAC-1,rca_lo,SMC
rca_lo_TTGAACGTCGTGACTA-1,rca_lo,SMC
rca_lo_TCTCCGAAGCGTATGG-1,rca_lo,SMC
rca_lo_GATCATGGTGGCTGAA-1,rca_lo,FB
lca_ld_TCTATCACAAGCCATT-1,lca_ld,SMC
lca_ld_TCTTAGTCATCACGGC-1,lca_ld,BC
lca_ld_TGATGCATCTACCCAC-1,lca_ld,SMC
lca_ld_CCTCATGGTATGCGGA-1,lca_ld,MP
lca_l_TCCTAATGTATGGTAA-1,lca_l,NK
lca_l_AGGGTGAGTCTCGCGA-1,lca_l,FB
ctrl_lo_TAACCAGTCAGGTAAA-1,ctrl_lo,EC
2dl_AGGTCATGTAAGAACT-1,2dl,MP
lca_wtd_CTGCTCAGTCTGTAAC-1,lca_wtd,EC
lca_ld_TCCTCTTTCACCATGA-1,lca_ld,MP
lca_ld_ATGCGATCATTCGGGC-1,lca_ld,MP
2wl_TAAGCGTCACTATGTG-1,2wl,EC
lca_l_GGCTTTCTCCGTTGGG-1,lca_l,SMC
lca_lo_GGTTCTCAGGCAGTCA-1,lca_lo,FB
lca_wtd_CTACCCATCTACTTCA-1,lca_wtd,MP
ctrl_lo_GACCCAGTCCATCACC-1,ctrl_lo,FB
lca_ld_TTGGTTTTCTATTTCG-1,lca_ld,MP
rca_lo_TGGGATTCAACCTAAC-1,rca_lo,FB
lca_fl_GAAACCTAGCTGCGAA-1,lca_fl,TC
2wl_TTCCACGGTTATGGTC-1,2wl,MP
lca_ld_GATTGGTGTCAGGTAG-1,lca_ld,EC
lca_ld_GTTCATTAGTCGGGAT-1,lca_ld,EC
rca_lo_AATGACCTCATTATCC-1,rca_lo,FB
lca_wtd_ACGTCCTGTGTCGATT-1,lca_wtd,NT
rca_lo_ATTCTACCACTTCTCG-1,rca_lo,SMC
rca_lo_CGTTGGGTCTGCCTGT-1,rca_lo,EC
pcsk9_lo_TCGGATACAGAACTCT-1,pcsk9_lo,EC
lca_ld_GAGCCTGTCCGTCCTA-1,lca_ld,MP
2wl_CACCGTTTCTACCAGA-1,2wl,MP
lca_ld_CCTAAGAGTTACCCTC-1,lca_ld,MP
ctrl_wtd_ATTTACCGTGAGATAT-1,ctrl_wtd,SMC
rca_wtd_GGGCCATCAGTCGCTG-1,rca_wtd,SMC
rca_ld_TCAGTCCAGGATTTAG-1,rca_ld,EC
pcsk9_ld_TTCAATCGTATGAGCG-1,pcsk9_ld,FB
lca_ld_TTACTGTTCAAGCTGT-1,lca_ld,NT
lca_ld_GTCATCCTCAGGAACG-1,lca_ld,SMC
2wl_GCCATTCCAGAGCTAG-1,2wl,MP
lca_l_TAACACGGTTCCGCAG-1,lca_l,SMC
lca_l_TCAAGCAAGGATGGCT-1,lca_l,SMC
lca_l_ACCCTTGGTCCCTAAA-1,lca_l,SMC
rca_lo_TAGACCATCGCCTTTG-1,rca_lo,SMC
rca_wtd_CAGATTGAGGCAGTCA-1,rca_wtd,SMC
rca_lo_GGTGTCGCAGCATTGT-1,rca_lo,FB
rca_lo_CCTCCTCTCGTTGTTT-1,rca_lo,SMC
lca_ld_CCACTTGCAAAGCACG-1,lca_ld,EC
lca_lo_TTACTGTCAATAACCC-1,lca_lo,MP
lca_ld_TTACGTTAGCCGATCC-1,lca_ld,SMC
lca_ld_CTCCCTCAGATGTAGT-1,lca_ld,EC
lca_ld_TACCCGTTCTGTGCAA-1,lca_ld,MP
rca_lo_TCTCTGGAGGCGAACT-1,rca_lo,SMC
lca_wtd_CAACAGTTCCAGTGTA-1,lca_wtd,FB
lca_ld_TGTTTGTTCACACGAT-1,lca_ld,MP
lca_ld_TCCATGCTCTACCCAC-1,lca_ld,MP
pcsk9_wtd_CAATCGAAGTAGACCG-1,pcsk9_wtd,SMC
rca_lo_GGTGTCGTCCATACAG-1,rca_lo,FB
lca_lo_GTGGTTACATGAGTAA-1,lca_lo,FB
rca_l_ACTATTCAGACTGTTC-1,rca_l,FB
ctrl_lo_TCAAGTGAGACCGCCT-1,ctrl_lo,FB
lca_ld_CTCCAACAGCGGGTTA-1,lca_ld,MP
2wl_TGTCCCAAGTCTCCTC-1,2wl,SMC
lca_l_CAGCACGGTTCGTGCG-1,lca_l,FB
lca_ld_TCAATCTAGACAGCTG-1,lca_ld,MP
lca_l_AGGTTGTTCACACCCT-1,lca_l,SMC
lca_ld_CGGCAGTAGGTACAAT-1,lca_ld,MP
ctrl_wtd_GAGTTACAGACAGTCG-1,ctrl_wtd,SMC
lca_l_TTGCGTCCATCCTAAG-1,lca_l,FB
lca_ld_TACTTACTCTAACGGT-1,lca_ld,MP
rca_f_GGCTGTGTCCCAATAG-1,rca_f,EC
pcsk9_lo_TCTATACTCTTTGATC-1,pcsk9_lo,EC
rca_lo_CAGCCAGGTACAGGTG-1,rca_lo,FB
lca_ld_GTTATGGTCTTCTCAA-1,lca_ld,MP
lca_lo_CCGGTGACAGACCTAT-1,lca_lo,MP
pcsk9_wtd_TGCTTGCCATTGGCAT-1,pcsk9_wtd,SMC
ctrl_wtd_TTGACCCAGGGATGTC-1,ctrl_wtd,SMC
2wl_TGTCCTGAGTTGGAGC-1,2wl,EC
pcsk9_wtd_GCATCTCAGTTCCGGC-1,pcsk9_wtd,SMC
ctrl_lo_GCAGCTGGTTACCTGA-1,ctrl_lo,SMC
ctrl_wtd_AGGCCACGTGGAAATT-1,ctrl_wtd,SMC
lca_ld_GTTACCCCAAGTCGTT-1,lca_ld,SMC
lca_wtd_ACACTGACAGGCACTC-1,lca_wtd,DC
rca_lo_TTTACCAGTACAGTCT-1,rca_lo,MP
lca_ld_ACCATTTCAACAGAGC-1,lca_ld,MP
lca_ld_CCACTTGTCACCTGTC-1,lca_ld,DC
2wl_TCCGTGTGTTAGAGAT-1,2wl,SMC
2dl_TTGCCTGGTCGTCATA-1,2dl,FB
lca_fl_TGCATGAGTGTCCTAA-1,lca_fl,NT
lca_ld_TGAGCGCAGTTCCGGC-1,lca_ld,MP
lca_ld_GAAGCCCTCGCGTAGC-1,lca_ld,SMC
pcsk9_wtd_CACTGTCCATGGCCCA-1,pcsk9_wtd,FB
pcsk9_wtd_TCCACGTTCATCAGTG-1,pcsk9_wtd,SMC
ctrl_lo_TCAAGCATCTATCGCC-1,ctrl_lo,EC
rca_lo_AGCTACATCTGAGAAA-1,rca_lo,SMC
lca_ld_CCTCTCCAGGACCCAA-1,lca_ld,EC
lca_fl_GACCCAGCAACGACTT-1,lca_fl,DC
lca_ld_CCTCTAGGTGCCTAAT-1,lca_ld,MP
lca_ld_TCACAAGTCACTACTT-1,lca_ld,MP
pcsk9_lo_TGATGCAAGGTTGTTC-1,pcsk9_lo,SMC
lca_ld_ATTCCCGAGCGTACAG-1,lca_ld,MP
2wl_TCTGGCTTCTATTGTC-1,2wl,MP
lca_ld_TTTCGATTCCAGCCTT-1,lca_ld,SMC
lca_ld_GAGCTGCCAGTCGTTA-1,lca_ld,SMC
lca_l_TGATCTTAGAGCATAT-1,lca_l,FB
2dl_TGTTCTACAGCAATTC-1,2dl,SMC
lca_ld_CAACAGTTCTGTGCAA-1,lca_ld,DC
rca_lo_AACACACTCGCAGTCG-1,rca_lo,SMC
lca_fl_CCGGACACATAACCCA-1,lca_fl,SMC
rca_lo_GGGATCCGTCTGTCCT-1,rca_lo,FB
lca_ld_TTATTGCAGGTTGTTC-1,lca_ld,SMC
lca_ld_CCGTGAGTCCAAACCA-1,lca_ld,MP
ctrl_lo_CTATCTAAGCAGCCTC-1,ctrl_lo,EC
ctrl_lo_GCTACCTCAGACATCT-1,ctrl_lo,SMC
ctrl_lo_CGTAGTAGTTCTTGCC-1,ctrl_lo,SMC
lca_lo_CTTCTAACAGTTGAAA-1,lca_lo,MP
lca_ld_AACCCAAGTATCGGTT-1,lca_ld,MP
ctrl_lo_CGTAATGCACGCGTCA-1,ctrl_lo,FB
lca_ld_GTTTGGAGTCCGCAGT-1,lca_ld,MP
lca_ld_TTCGCTGGTCCACGCA-1,lca_ld,MP
rca_lo_AGCGTATTCGTGTTCC-1,rca_lo,SMC
pcsk9_wtd_AGTGATCTCAAGTTGC-1,pcsk9_wtd,SMC
rca_l_TCCTTTCCAAACCGGA-1,rca_l,SMC
lca_ld_GTCGTAAAGTACGAGC-1,lca_ld,EC
lca_l_GTTATGGAGTCGCCAC-1,lca_l,SMC
rca_l_GTCAAACAGCTTAGTC-1,rca_l,SMC
lca_lo_GGGACAAAGGTAAGGA-1,lca_lo,EC
lca_l_AGCTCAAGTAGCTTAC-1,lca_l,FB
2dl_GGAGATGGTTTAGAGA-1,2dl,MP
pcsk9_lo_GCAGCCATCTTTGATC-1,pcsk9_lo,FB
lca_lo_ATACTTCGTAGGACCA-1,lca_lo,SMC
2dr_TAGGGTTGTACTGCCG-1,2dr,EC
lca_lo_CACAGGCAGCACTTTG-1,lca_lo,FB
lca_lo_AACACACTCGGACGTC-1,lca_lo,NT
lca_ld_TTAATCCGTATTAAGG-1,lca_ld,MP
lca_ld_ACGCACGCACTCCCTA-1,lca_ld,SMC
rca_l_TTAGGGTGTCAGCGTC-1,rca_l,SMC
ctrl_wtd_TCCCACATCGGTAACT-1,ctrl_wtd,SMC
ctrl_lo_GATCACAAGTGTTGAA-1,ctrl_lo,SMC
rca_l_ACTGTGAAGCAGAAAG-1,rca_l,FB
2wl_TTTGACTCAAATTAGG-1,2wl,SMC
lca_ld_TGCGATATCGTTCCCA-1,lca_ld,MP
lca_fl_TCAGGTACATGCGTGC-1,lca_fl,MP
lca_ld_TCCTTTCTCGGCACTG-1,lca_ld,MP
lca_ld_ACTTTCATCTACTTCA-1,lca_ld,MP
lca_ld_CTCCTTTCAAAGGCGT-1,lca_ld,MP
lca_ld_AGCCAGCCACCATATG-1,lca_ld,MP
lca_fl_TTCATTGTCTCAGAAC-1,lca_fl,NK
lca_ld_TGCAGTACAGAAGTGC-1,lca_ld,EC
lca_lo_TAAGCCATCGATCCCT-1,lca_lo,NT
lca_ld_TCAAGCAGTCTGTAAC-1,lca_ld,MP
2dr_TCCGAAAGTGGTTTAC-1,2dr,EC
lca_ld_CGTTCTGCAGTGTGCC-1,lca_ld,SMC
lca_ld_CAACAGTGTCAGTCGC-1,lca_ld,MP
pcsk9_wtd_CGAGTTACATTCTCTA-1,pcsk9_wtd,SMC
pcsk9_lo_GTACAGTCACAATGAA-1,pcsk9_lo,SMC
rca_lo_TCTTGCGGTGCAGATG-1,rca_lo,SMC
rca_lo_GTGGCGTCAAGGTCGA-1,rca_lo,SMC
2wl_TTGGTTTGTTAGTTCG-1,2wl,EC
lca_fl_TGAGGAGAGGGAACAA-1,lca_fl,MP
lca_ld_ATTCCCGTCCGGTAAT-1,lca_ld,MP
lca_ld_ACCTGAAAGATCACTC-1,lca_ld,MP
pcsk9_lo_TCGCTTGCAGCGGTCT-1,pcsk9_lo,SMC
ctrl_lo_ACATTTCCATCGTCCT-1,ctrl_lo,FB
lca_fl_TGATCTTAGCCGCTTG-1,lca_fl,NK
lca_l_TCCTCCCCACGACCTG-1,lca_l,MP
ctrl_ld_CCTCAGTCAGGGTTGA-1,ctrl_ld,EC
pcsk9_wtd_TCCATGCCATGACAAA-1,pcsk9_wtd,FB
lca_ld_CGTGAATCACTACCGG-1,lca_ld,MP
lca_ld_CTACCCATCTGACCCT-1,lca_ld,MP
rca_fl_TTAGTCTGTTGCTCCT-1,rca_fl,EC
pcsk9_wtd_TCACACCGTTCCGCAG-1,pcsk9_wtd,FB
pcsk9_wtd_CATCCACTCAGACCTA-1,pcsk9_wtd,MP
rca_ld_GTAGGTTGTCGTTGCG-1,rca_ld,EC
ctrl_lo_CTATCTATCGCTGATA-1,ctrl_lo,SMC
lca_fl_GATGATCCACCTTCGT-1,lca_fl,DC
lca_ld_AGCCAGCTCAGTGTCA-1,lca_ld,MP
lca_l_CTCAACCGTACATTGC-1,lca_l,FB
lca_ld_GCAGCCAAGATGGCAC-1,lca_ld,MP
rca_lo_GTAGAAAAGCTATCTG-1,rca_lo,EC
rca_lo_TATCTTGGTACGGCAA-1,rca_lo,FB
lca_fl_GACGCTGAGTAGTGCG-1,lca_fl,MP
lca_ld_CTGTGAAAGACTCAAA-1,lca_ld,MP
lca_ld_GTGATGTCATAGATGA-1,lca_ld,NT
rca_fl_GCCTGTTTCCTTGGAA-1,rca_fl,EC
ctrl_fl_CAATCGATCGTAGTGT-1,ctrl_fl,EC
lca_ld_CTTTCAACACTGAGTT-1,lca_ld,MP
lca_ld_CATTGTTCAATCCTTT-1,lca_ld,SMC
ctrl_wtd_TGCTCCAGTCGGAAAC-1,ctrl_wtd,SMC
lca_ld_GGGCCATCAAGATGGC-1,lca_ld,DC
lca_l_ACGGTCGCAAACGTGG-1,lca_l,SMC
lca_ld_GAGGCCTAGTCCCGGT-1,lca_ld,SMC
lca_fl_AACCACAGTCATAGTC-1,lca_fl,MP
lca_ld_ATGCATGAGTTGTCGT-1,lca_ld,SMC
rca_lo_GACCCTTGTACACTCA-1,rca_lo,SMC
lca_ld_GATTCTTCAATCGCAT-1,lca_ld,MP
lca_ld_GAAGGACCAACAGCTT-1,lca_ld,SMC
lca_ld_AACCATGCAGGTTCAT-1,lca_ld,MP
ctrl_lo_TTCACGCTCGTCTACC-1,ctrl_lo,FB
rca_lo_GGATGTTCACTCATAG-1,rca_lo,FB
ctrl_lo_TACCCACGTTAGAGTA-1,ctrl_lo,SMC
ctrl_wtd_GCGATCGAGTTGCCCG-1,ctrl_wtd,SMC
pcsk9_wtd_CTTGAGACAAATGGTA-1,pcsk9_wtd,MP
ctrl_wtd_AGAACCTCAGGTCTCG-1,ctrl_wtd,SMC
rca_lo_CCTCTAGCATCCTTCG-1,rca_lo,FB
lca_ld_GCCGATGCAAAGCGTG-1,lca_ld,EC
lca_lo_CACAGGCAGGTCACAG-1,lca_lo,MP
lca_fl_GTAATCGTCGAGTCCG-1,lca_fl,FB
rca_lo_ACCTGAAAGTGCCTCG-1,rca_lo,FB
lca_ld_CCACCATTCCGTGTCT-1,lca_ld,SMC
lca_lo_GAGACTTGTGCTGCAC-1,lca_lo,SMC
lca_fl_TGCATCCGTATCACGT-1,lca_fl,MP
lca_fl_CCTGCATCAGTGTATC-1,lca_fl,MP
lca_lo_AGGATCTTCGAATCCA-1,lca_lo,MP
lca_ld_CTTTCGGGTAGTGGCA-1,lca_ld,SMC
lca_l_TCATACTAGGCCCAAA-1,lca_l,MP
lca_ld_TTCCTTCTCCTACTGC-1,lca_ld,SMC
2dr_GAAGAATTCCATTGTT-1,2dr,EC
lca_l_CACGGGTTCGCAGAGA-1,lca_l,SMC
lca_l_ACCATTTAGACGACGT-1,lca_l,SMC
pcsk9_lo_GTCTTTAAGTAAACGT-1,pcsk9_lo,SMC
lca_ld_CCACGAGGTAATCAAG-1,lca_ld,MP
rca_lo_CGACAGCCATACAGAA-1,rca_lo,SMC
pcsk9_wtd_AGCTCAATCAACTGGT-1,pcsk9_wtd,SMC
lca_fl_GCCCAGAAGGCTAAAT-1,lca_fl,DC
lca_ld_CTGAGCGCAGTCAGCC-1,lca_ld,MP
lca_ld_TTCAATCCAAGAGTTA-1,lca_ld,MP
ctrl_lo_TTAATCCTCCTGTACC-1,ctrl_lo,SMC
lca_ld_CACTGTCGTTTAAGGA-1,lca_ld,MP
lca_ld_AAAGAACTCACCTTAT-1,lca_ld,MP
pcsk9_ld_GGAGCAACAATTGCAC-1,pcsk9_ld,EC
lca_l_AGGGTCCTCAAAGACA-1,lca_l,SMC
rca_lo_GTCACTCAGTAGGAAG-1,rca_lo,FB
lca_ld_CTCAATTAGTTTGTCG-1,lca_ld,EC
rca_lo_TTCCGTGAGAGGCTGT-1,rca_lo,SMC
lca_ld_AGCATCAGTAGCTTGT-1,lca_ld,EC
rca_wtd_CTTAGGATCGACATTG-1,rca_wtd,SMC
lca_fl_GCACATATCATGCGGC-1,lca_fl,EC
rca_lo_AATAGAGAGCCGTTGC-1,rca_lo,FB
lca_l_AGGTTGTAGCCTGTGC-1,lca_l,FB
lca_ld_GGCTTGGTCCGTAGGC-1,lca_ld,MP
2wl_TGCGATATCTAGTCAG-1,2wl,MP
lca_fl_CTCCACAGTGACAGCA-1,lca_fl,DC
rca_ld_ACCTACCAGGGATGTC-1,rca_ld,EC
lca_ld_TGCTCGTCAAGACGAC-1,lca_ld,MP
pcsk9_lo_GGTCACGCAAGACCTT-1,pcsk9_lo,FB
lca_ld_AGATGCTAGAACGTGC-1,lca_ld,MP
lca_wtd_GTGTTAGCACAGTATC-1,lca_wtd,MP
lca_ld_TGCACGGGTACCAGAG-1,lca_ld,EC
lca_ld_CAACCTCTCAGCAATC-1,lca_ld,DC
lca_ld_TAACGACCACGGCGTT-1,lca_ld,MP
lca_l_TCAAGTGTCGGTCTGG-1,lca_l,MP
rca_lo_TATACCTAGAGCTGCA-1,rca_lo,SMC
lca_l_CGTAGTACACCGTCTT-1,lca_l,SMC
rca_lo_ACTGTCCTCCTATTTG-1,rca_lo,FB
lca_ld_TTTCACACATGGAACG-1,lca_ld,MP
rca_wtd_GTGCGTGAGGACCCAA-1,rca_wtd,SMC
lca_ld_CGGAATTCAATGGCAG-1,lca_ld,SMC
lca_l_TGTTACTAGAGAATCT-1,lca_l,MP
lca_lo_GATCCCTTCGCCGTGA-1,lca_lo,SMC
pcsk9_lo_TGGGATTGTTCAACGT-1,pcsk9_lo,SMC
rca_lo_TCTCACGAGATTAGTG-1,rca_lo,FB
ctrl_wtd_TTTGGTTCAGAGTGTG-1,ctrl_wtd,SMC
pcsk9_ld_TCAGTGATCGGTATGT-1,pcsk9_ld,EC
rca_ld_ATGGAGGGTTCCCAAA-1,rca_ld,EC
lca_ld_TACCTCGAGTCCCTAA-1,lca_ld,MP
ctrl_lo_TTACGCCTCGTCCTTG-1,ctrl_lo,FB
pcsk9_lo_CTCAATTTCTATCACT-1,pcsk9_lo,FB
rca_lo_AAAGGTAGTACGGTTT-1,rca_lo,SMC
ctrl_lo_TTAGTCTTCCACGTGG-1,ctrl_lo,EC
lca_ld_CTGTATTGTTCGGCGT-1,lca_ld,MP
ctrl_lo_TTCCACGCACGGTCTG-1,ctrl_lo,FB
2dr_TCACGGGCAAAGAACT-1,2dr,EC
2dr_AGATCCAAGGTACAAT-1,2dr,EC
2wl_ATTCGTTAGTAGCATA-1,2wl,EC
rca_lo_GATGTTGTCACACCGG-1,rca_lo,SMC
ctrl_wtd_GGTAATCTCTAGTCAG-1,ctrl_wtd,SMC
ctrl_wtd_AATGACCTCTCACTCG-1,ctrl_wtd,SMC
lca_ld_ACTTTCATCTACGGGC-1,lca_ld,SMC
pcsk9_lo_GCCAGTGTCTTCCACG-1,pcsk9_lo,FB
lca_fl_AAAGGATCAACACGTT-1,lca_fl,SMC
rca_ld_TAACACGTCACACGAT-1,rca_ld,EC
lca_lo_AGTAACCTCTGACGCG-1,lca_lo,SMC
ctrl_wtd_AAAGTGAAGGTTGCCC-1,ctrl_wtd,SMC
lca_lo_GGGTAGATCTTCCCGA-1,lca_lo,FB
lca_ld_TCAAGACTCCCTCTCC-1,lca_ld,MP
rca_lo_TACATTCCAGAATCGG-1,rca_lo,FB
lca_fl_GACCCAGTCGGACTTA-1,lca_fl,MP
lca_ld_TATTCCAGTACTGCCG-1,lca_ld,MP
rca_lo_ACATGCACAAACCATC-1,rca_lo,SMC
lca_l_GTTCCGTGTCCTGTCT-1,lca_l,MP
lca_fl_CAACGGCGTTCAAAGA-1,lca_fl,SMC
lca_ld_TACTGCCCAGAGTGAC-1,lca_ld,MP
ctrl_wtd_ATTCCCGTCGACGAGA-1,ctrl_wtd,SMC
pcsk9_wtd_CCACGAGTCAGCCTTC-1,pcsk9_wtd,SMC
lca_l_CTAACCCCATAATGAG-1,lca_l,SMC
lca_ld_GGTCTGGGTAGGACCA-1,lca_ld,SMC
lca_ld_TACCGAACATTAAGCC-1,lca_ld,EC
2wl_CCGTGAGGTCGTCATA-1,2wl,EC
lca_l_TCCGATCGTCTAATCG-1,lca_l,FB
lca_ld_ATCCATTCAGTCTCTC-1,lca_ld,MP
lca_ld_ACAGCCGAGAGGGCGA-1,lca_ld,MP
ctrl_wtd_GATGGAGGTCTTGAAC-1,ctrl_wtd,SMC
rca_lo_CCATAAGAGCCTATTG-1,rca_lo,FB
2wr_GTTGTCCCAGTCGGTC-1,2wr,EC
2dl_CTCCAACAGGTCCCGT-1,2dl,MP
rca_ld_CTGGTCTGTAAGTCAA-1,rca_ld,EC
2dr_TCGGGACCATGACGAG-1,2dr,EC
lca_ld_CCACCATCATCGATAC-1,lca_ld,EC
lca_l_TCCTCTTAGGTTGGAC-1,lca_l,MP
rca_wtd_GCTTGGGCATCGTCCT-1,rca_wtd,FB
2wl_TCTACCGAGCAATAAC-1,2wl,MP
ctrl_wtd_AGGCCACGTTGATCGT-1,ctrl_wtd,SMC
lca_ld_AATGACCAGGAATGTT-1,lca_ld,MP
lca_l_TTTACGTCAGGTGTTT-1,lca_l,MP
lca_ld_GCCAGTGTCCTAGCGG-1,lca_ld,MP
lca_ld_GATCCCTAGGCTGTAG-1,lca_ld,EC
lca_l_ATCGATGAGCAATTCC-1,lca_l,FB
pcsk9_lo_TCGACGGCAAGAGTGC-1,pcsk9_lo,SMC
pcsk9_lo_GCAGCTGTCGCTCTAC-1,pcsk9_lo,FB
ctrl_lo_GACAGCCAGACCTGGA-1,ctrl_lo,FB
ctrl_wtd_CCTCAACCACACGTGC-1,ctrl_wtd,SMC
lca_lo_AGATGCTGTATAGGAT-1,lca_lo,MP
lca_ld_TCATGAGGTGGCTCTG-1,lca_ld,EC
lca_ld_GTTGCTCAGGACTTCT-1,lca_ld,EC
rca_lo_AGGGTCCCAGTCTCTC-1,rca_lo,SMC
2dl_TCGGTCTTCCGAGGCT-1,2dl,FB
2dr_GTGTTAGAGCCTATTG-1,2dr,EC
lca_ld_CTCAGTCCAATGCAGG-1,lca_ld,EC
lca_ld_TATTTCGGTACTGGGA-1,lca_ld,MP
lca_ld_AGCATCAAGAAGGATG-1,lca_ld,SMC
lca_ld_GCTTCACTCTTGCGCT-1,lca_ld,MP
rca_ld_TCCGGGATCGCCACTT-1,rca_ld,EC
lca_ld_GTGCGTGTCAACTACG-1,lca_ld,EC
lca_ld_ATAGGCTTCAGTCATG-1,lca_ld,MP
lca_ld_GTTAGACTCTGTCGCT-1,lca_ld,MP
lca_fl_GCTGAATGTTTACGTG-1,lca_fl,MP
ctrl_lo_AATGGCTGTAAGTCAA-1,ctrl_lo,EC
lca_ld_GATTCGACAGAAGTTA-1,lca_ld,MP
rca_ld_AGGAAATCACTCCACT-1,rca_ld,EC
lca_ld_GAGGCCTCAGCCGTTG-1,lca_ld,EC
2dr_CATGGTATCTCACTCG-1,2dr,EC
rca_lo_GCCTGTTCAATCACGT-1,rca_lo,SMC
pcsk9_wtd_TCCTCTTGTTCCACGG-1,pcsk9_wtd,SMC
lca_l_ACTGATGTCCACTGAA-1,lca_l,NT
lca_ld_GTTTGGAGTATGCTTG-1,lca_ld,SMC
lca_ld_ACTGTCCGTATTGACC-1,lca_ld,MP
2dl_CCCATTGAGATTCGCT-1,2dl,FB
lca_l_GTCAAACAGATGCCGA-1,lca_l,FB
rca_wtd_TGTGATGGTCAGCTTA-1,rca_wtd,SMC
ctrl_ld_ATTCCTAGTAACGATA-1,ctrl_ld,EC
rca_l_CCCTTAGTCGCCAGTG-1,rca_l,EC
lca_l_AGTAGTCTCTTGCAAG-1,lca_l,SMC
lca_l_CTTGATTGTGACCTGC-1,lca_l,FB
rca_lo_GTGCAGCAGATGGTAT-1,rca_lo,FB
lca_ld_ACCCTCATCCACTGGG-1,lca_ld,DC
2dr_TGAGTCAGTATGGTTC-1,2dr,EC
lca_fl_CCTTTGGGTGGTTTGT-1,lca_fl,DC
lca_lo_GATGAGGCAAACACCT-1,lca_lo,SMC
pcsk9_lo_ACTATTCAGTTGCTGT-1,pcsk9_lo,SMC
lca_fl_AGGACTTGTAGCGTTT-1,lca_fl,SMC
lca_ld_TATTTCGCATGTCTAG-1,lca_ld,MP
ctrl_lo_TCTTGCGGTGTGGTCC-1,ctrl_lo,EC
rca_lo_CCCTTAGAGCGAAACC-1,rca_lo,SMC
lca_ld_TACCTCGTCGCTGCGA-1,lca_ld,MP
lca_ld_TAGGTTGCAGTGTATC-1,lca_ld,MP
lca_ld_CCCTCTCAGATCCCAT-1,lca_ld,MP
lca_ld_TAAGCCATCTACACAG-1,lca_ld,DC
pcsk9_wtd_CTGAGCGGTGGCTTGC-1,pcsk9_wtd,SMC
lca_l_CGTTAGAGTCTAGATC-1,lca_l,FB
rca_l_AGGATAATCGCCTATC-1,rca_l,SMC
lca_ld_AGTAGTCCAATTTCTC-1,lca_ld,MP
lca_ld_TTCTAACCACAAGCCC-1,lca_ld,SMC
pcsk9_wtd_TACTTCACAGATCACT-1,pcsk9_wtd,SMC
pcsk9_wtd_GTTCTATAGGCGCTCT-1,pcsk9_wtd,SMC
2wl_TCATGCCGTCTACTGA-1,2wl,SMC
lca_ld_CCTGCATAGAAGCGGG-1,lca_ld,SMC
2wr_TCAGGGCGTACAGAGC-1,2wr,EC
ctrl_fl_CAGATCAAGAACTGAT-1,ctrl_fl,EC
lca_ld_GTTACGAAGTACCCTA-1,lca_ld,SMC
lca_ld_TCATGTTAGAGCCATG-1,lca_ld,SMC
pcsk9_wtd_TTTACTGAGTCAGCGA-1,pcsk9_wtd,SMC
rca_wtd_GTAGAGGTCCCTTGTG-1,rca_wtd,MP
ctrl_wtd_GAATCACCACGGTCTG-1,ctrl_wtd,SMC
lca_ld_GGTTAACCATTGGGAG-1,lca_ld,SMC
2dl_ACTTATCAGGAGCTGT-1,2dl,EC
rca_wtd_CATCAAGGTTAGGACG-1,rca_wtd,SMC
lca_fl_GATCATGCAAATGGCG-1,lca_fl,MP
2dr_CACAGATTCAATGCAC-1,2dr,EC
ctrl_lo_GGTGAAGTCGTTATCT-1,ctrl_lo,FB
pcsk9_lo_CAAAGAAAGCAACCAG-1,pcsk9_lo,SMC
pcsk9_lo_ACTATCTCAAGCTCTA-1,pcsk9_lo,SMC
lca_fl_CGTAAGTCACAGAGCA-1,lca_fl,SMC
lca_l_AGGATAACAGTACTAC-1,lca_l,EC
pcsk9_lo_TGGGTTACAAATGCGG-1,pcsk9_lo,SMC
ctrl_wtd_AGGACTTGTAGAGTTA-1,ctrl_wtd,SMC
rca_lo_GTTGCTCTCACGGAGA-1,rca_lo,SMC
ctrl_lo_AGATCGTAGGCTAAAT-1,ctrl_lo,SMC
rca_fl_AACCAACTCCCAGTGG-1,rca_fl,EC
lca_ld_TGGTGATCACACACTA-1,lca_ld,MP
2wr_GAGTGAGCAGAAGCTG-1,2wr,EC
lca_lo_TACTTGTGTGTTCAGT-1,lca_lo,SMC
ctrl_ld_GTGAGCCCAGCACAAG-1,ctrl_ld,EC
rca_lo_GCCGTGAGTTACGTAC-1,rca_lo,SMC
pcsk9_wtd_GCAGCCAAGTTTCGAC-1,pcsk9_wtd,SMC
lca_lo_TAGATCGAGGTTCACT-1,lca_lo,MP
lca_ld_CCCGGAAGTGGGATTG-1,lca_ld,SMC
lca_ld_GGACGTCTCTGTTCAT-1,lca_ld,MP
rca_lo_CTTTCAAGTAATCAAG-1,rca_lo,SMC
lca_l_CAAGCTATCTGGACCG-1,lca_l,FB
rca_wtd_CCTCATGGTGGGTCAA-1,rca_wtd,SMC
rca_wtd_TCACAAGAGGAACATT-1,rca_wtd,SMC
lca_ld_TCACTATGTTTCCATT-1,lca_ld,EC
lca_l_TTCTAACAGACATGCG-1,lca_l,FB
2dl_ATTCACTAGGGATGTC-1,2dl,MP
2dr_TGGGAGAAGCACTTTG-1,2dr,EC
pcsk9_lo_ACTGCAACAAACCACT-1,pcsk9_lo,MP
pcsk9_lo_GACTTCCGTCCTGTCT-1,pcsk9_lo,FB
lca_ld_GCTTTCGGTTACCCAA-1,lca_ld,MP
ctrl_ld_GATGCTAGTGCCGAAA-1,ctrl_ld,EC
lca_ld_TAAGCGTCAGCCCAGT-1,lca_ld,SMC
pcsk9_lo_CATCCCAGTGTGCTTA-1,pcsk9_lo,SMC
rca_lo_CTCAAGATCCCGAGTG-1,rca_lo,SMC
rca_wtd_CCTTCAGTCCTTGGAA-1,rca_wtd,SMC
lca_l_GATCCCTAGGAATCGC-1,lca_l,SMC
lca_ld_GGTAGAGGTACAAACA-1,lca_ld,NT
pcsk9_lo_GATGACTGTCTTCCGT-1,pcsk9_lo,SMC
2dl_TACTTCAGTATCTCGA-1,2dl,EC
ctrl_lo_CTTGAGATCGCTCATC-1,ctrl_lo,SMC
lca_ld_GTAGGTTAGGGCCTCT-1,lca_ld,TC
lca_lo_GTAAGTCCATCTCCCA-1,lca_lo,MP
pcsk9_wtd_CCATCACAGTCTACCA-1,pcsk9_wtd,MP
2dr_TAAGTCGTCACGATAC-1,2dr,EC
lca_l_ATTGGGTTCCTCAGAA-1,lca_l,FB
rca_lo_TCCTTTCGTGGTAATA-1,rca_lo,SMC
lca_ld_GTAGGAGTCGGTCACG-1,lca_ld,EC
rca_wtd_GCCTGTTTCAGCTGTA-1,rca_wtd,SMC
lca_lo_TTCTAGTCAGGTTCCG-1,lca_lo,MP
lca_lo_CTCTCAGGTATATGGA-1,lca_lo,SMC
lca_ld_ATCGTCCGTATTCCGA-1,lca_ld,TC
pcsk9_wtd_TATGTTCAGATCGCCC-1,pcsk9_wtd,SMC
rca_lo_ACCTACCAGCTTCATG-1,rca_lo,SMC
lca_fl_CGTGCTTAGCTGACAG-1,lca_fl,DC
lca_fl_GCGAGAAAGGTAACTA-1,lca_fl,TC
lca_fl_CGGGCATCATAATGCC-1,lca_fl,MP
lca_ld_ATCCGTCAGCTACTAC-1,lca_ld,SMC
lca_ld_CTCTGGTAGCTCTTCC-1,lca_ld,MP
lca_ld_TCCCAGTCATCGGAGA-1,lca_ld,MP
lca_ld_ATTGTTCGTTATTCTC-1,lca_ld,MP
ctrl_wtd_TTAGGGTCAGAGGAAA-1,ctrl_wtd,FB
rca_wtd_TCTTCCTTCAGCCTCT-1,rca_wtd,FB
2dl_AAGCCATGTTCAATCG-1,2dl,EC
rca_l_GTGCGTGAGAGTGACC-1,rca_l,FB
lca_wtd_CTGCCTACAGAACTCT-1,lca_wtd,FB
rca_wtd_TGTACAGAGCCTAGGA-1,rca_wtd,SMC
lca_fl_AGGATCTCAACACGAG-1,lca_fl,SMC
lca_ld_CTGAATGCACATCCCT-1,lca_ld,SMC
lca_ld_CATGCGGTCAGCCCAG-1,lca_ld,EC
lca_ld_AGGGCTCCATAGATCC-1,lca_ld,EC
rca_lo_TCCGAAACAGCTGCCA-1,rca_lo,SMC
lca_ld_CCTTGTGAGGTATAGT-1,lca_ld,MP
pcsk9_lo_ACTGTCCCAATAGAGT-1,pcsk9_lo,SMC
pcsk9_ld_GTGATGTTCACTGGTA-1,pcsk9_ld,EC
lca_ld_TGTCCCAGTGTAAATG-1,lca_ld,MP
lca_ld_ATAGAGACAGACCTGC-1,lca_ld,EC
lca_ld_ACTATTCCAACCCTAA-1,lca_ld,MP
lca_ld_TTGAGTGCACTTACAG-1,lca_ld,MP
lca_wtd_TGGAGGATCCAACCGG-1,lca_wtd,EC
rca_lo_TCATATCCACGCGGTT-1,rca_lo,SMC
ctrl_lo_GACTCAACAATTTCCT-1,ctrl_lo,SMC
2dl_GCTCAAAAGGGTTAGC-1,2dl,EC
lca_ld_TGAGACTTCATACAGC-1,lca_ld,EC
lca_ld_AGATCCAGTTACGGAG-1,lca_ld,MP
lca_ld_TTCACCGTCTTACCGC-1,lca_ld,MP
2dr_GCACATAAGACGGATC-1,2dr,EC
rca_wtd_TTTCGATTCCTATTGT-1,rca_wtd,SMC
ctrl_wtd_AGGGTCCAGTGGCAGT-1,ctrl_wtd,SMC
lca_l_GCACGTGCACATCCCT-1,lca_l,TC
rca_fl_CTGCAGGCATTCAGCA-1,rca_fl,EC
lca_f_GTGCACGAGGGCAATC-1,lca_f,DC
lca_l_TCTCTGGTCTAGAACC-1,lca_l,SMC
lca_ld_TGGAACTGTCGTTATG-1,lca_ld,MP
ctrl_lo_CGATGGCAGCCATTGT-1,ctrl_lo,FB
pcsk9_wtd_ACATGCACAATAGGAT-1,pcsk9_wtd,SMC
rca_wtd_GACCGTGCACTATCCC-1,rca_wtd,FB
lca_ld_CTGCATCAGTACTCGT-1,lca_ld,MP
lca_fl_TCCGATCCACATTGTG-1,lca_fl,MP
rca_lo_TCATACTGTGTAGGAC-1,rca_lo,EC
2wl_CTGAGGCAGGAAGTAG-1,2wl,MP
rca_lo_GCTACAAAGCAAACAT-1,rca_lo,SMC
lca_ld_GTCACTCAGGTGTGAC-1,lca_ld,NT
rca_l_CATGGATTCTGCACCT-1,rca_l,SMC
lca_fl_CGATCGGAGAAATCCA-1,lca_fl,TC
lca_ld_CTCCGATTCTTGAACG-1,lca_ld,MP
lca_fl_ATCATTCAGCCATTGT-1,lca_fl,SMC
lca_l_TCACGGGTCGATCCCT-1,lca_l,SMC
lca_ld_TCATACTCATACATCG-1,lca_ld,MP
pcsk9_wtd_ATATCCTCAATGACCT-1,pcsk9_wtd,SMC
lca_l_GGAGGTAAGGGTGGGA-1,lca_l,FB
lca_lo_TTGCTGCGTGCCGTAC-1,lca_lo,SMC
lca_ld_CTGCCTAAGGACAACC-1,lca_ld,SMC
2dl_TAGAGTCCATTAAAGG-1,2dl,EC
2wl_AAAGGGCTCAGCAGAG-1,2wl,MP
ctrl_wtd_AGACAGGGTAGACGGT-1,ctrl_wtd,FB
pcsk9_lo_TACCCACTCTGTGCTC-1,pcsk9_lo,SMC
lca_l_CACGTGGTCCCATAAG-1,lca_l,FB
rca_l_CATTCATGTGATATAG-1,rca_l,SMC
lca_l_CCACACTTCCTCTCTT-1,lca_l,FB
lca_ld_AGATGAAGTCCAAATC-1,lca_ld,MP
lca_l_TCAGTCCAGCTCTATG-1,lca_l,MP
lca_fl_CCACCATTCTGAATGC-1,lca_fl,SMC
lca_l_CTGCGAGCAAATTGGA-1,lca_l,SMC
rca_wtd_GAACGTTCATGGCTGC-1,rca_wtd,SMC
lca_fl_AACCTGACACCGTGGT-1,lca_fl,NT
lca_l_GTTGTAGGTTAAAGTG-1,lca_l,EC
rca_lo_CATCCACAGGAACTCG-1,rca_lo,SMC
lca_fl_TCGCAGGAGTACCATC-1,lca_fl,DC
rca_lo_GTGAGCCCACTACACA-1,rca_lo,SMC
lca_ld_TCCTCTTCACAGAGCA-1,lca_ld,TC
lca_ld_GGGTTTAGTGGCTGCT-1,lca_ld,SMC
ctrl_lo_ATTTCACGTCAAATCC-1,ctrl_lo,SMC
lca_ld_TCTTGCGAGGATATGT-1,lca_ld,SMC
lca_ld_CCGTTCACAGCTGAAG-1,lca_ld,MP
2dl_TCGCTCATCACTTCTA-1,2dl,EC
2wl_CCGTAGGTCCTCATAT-1,2wl,EC
rca_fl_TCCGTGTTCTAAACGC-1,rca_fl,EC
pcsk9_wtd_AACCATGGTTCTCTCG-1,pcsk9_wtd,SMC
lca_ld_CTCATCGCAACTCCCT-1,lca_ld,DC
rca_l_CCGGACACAAGTGTCT-1,rca_l,EC
lca_l_CAGCGTGTCAGTCAGT-1,lca_l,MP
lca_fl_CAGGCCACACTTGTCC-1,lca_fl,DC
lca_ld_CTGTAGACATGACGAG-1,lca_ld,MP
lca_ld_GAGACCCGTATCATGC-1,lca_ld,MP
rca_lo_CTGCTCATCCCGAGTG-1,rca_lo,EC
pcsk9_lo_CCCAACTCAGCCGTCA-1,pcsk9_lo,SMC
lca_fl_TGGTTAGAGTCGCTAT-1,lca_fl,TC
lca_ld_TGGGATTCAAACACGG-1,lca_ld,EC
lca_ld_ATGTCTTCAAGTATAG-1,lca_ld,MP
rca_ld_CATCGTCCAGCTGGTC-1,rca_ld,EC
rca_l_CAACAGTTCGCTACAA-1,rca_l,EC
rca_wtd_CTTGATTTCCTCAGAA-1,rca_wtd,SMC
ctrl_wtd_CCGGGTATCTAGGAAA-1,ctrl_wtd,SMC
2wl_ACGATCAGTTGATCGT-1,2wl,MP
lca_fl_TGTAAGCCACTAGGTT-1,lca_fl,MP
rca_lo_AGGGCCTCAAGTACCT-1,rca_lo,SMC
lca_l_AGCGATTCATTGGGAG-1,lca_l,EC
rca_wtd_AATGGAAGTCGAGCTC-1,rca_wtd,FB
pcsk9_lo_GATCCCTAGGGCTTCC-1,pcsk9_lo,SMC
rca_l_GCGAGAATCGCGTCGA-1,rca_l,EC
ctrl_wtd_GAGTCTATCGCTACAA-1,ctrl_wtd,SMC
lca_ld_TAATCTCGTGGTTTGT-1,lca_ld,NK
pcsk9_wtd_CCTCTCCTCCAAGCAT-1,pcsk9_wtd,SMC
lca_ld_TACCCGTCATCAGCTA-1,lca_ld,MP
rca_lo_GTAGTACTCATCGCAA-1,rca_lo,SMC
rca_lo_CGAGGAATCAAAGACA-1,rca_lo,SMC
lca_l_TTGCCTGTCTTCCCGA-1,lca_l,SMC
lca_ld_AGGATCTGTGAATATG-1,lca_ld,SMC
rca_wtd_GTCGCGACAGAATGTA-1,rca_wtd,SMC
pcsk9_lo_AGGACTTGTAGTCCTA-1,pcsk9_lo,FB
lca_l_ACGGGTCTCTCGACGG-1,lca_l,EC
lca_ld_ACTGTGACATGATAGA-1,lca_ld,MP
lca_l_GGGTCACCACCCTATC-1,lca_l,MP
rca_lo_GTGCTTCTCGTCGGGT-1,rca_lo,EC
lca_ld_TATACCTAGTCCGCCA-1,lca_ld,SMC
lca_ld_TGCTCGTCACTCTAGA-1,lca_ld,MP
lca_l_TCATCCGCACCTGCGA-1,lca_l,SMC
lca_lo_GCTTGGGGTAAGTTGA-1,lca_lo,MP
rca_wtd_TAACACGTCAGGAAGC-1,rca_wtd,FB
ctrl_lo_TCCGGGAAGCGATGAC-1,ctrl_lo,EC
rca_ld_GTAGATCCATAGATCC-1,rca_ld,SMC
lca_ld_TGCATGAAGCAACTCT-1,lca_ld,SMC
pcsk9_lo_TCGCTCAAGGTTAGTA-1,pcsk9_lo,FB
2dr_AAAGAACGTCGCTTGG-1,2dr,EC
rca_lo_TGTAGACCAACACAGG-1,rca_lo,FB
lca_ld_AACCTGACAACGTATC-1,lca_ld,MP
pcsk9_wtd_GAGCTGCAGGAAGTCC-1,pcsk9_wtd,SMC
lca_ld_GCACGGTCAGACCGCT-1,lca_ld,EC
rca_lo_TAAGTCGCATGACTTG-1,rca_lo,FB
lca_ld_CATTGTTAGATGGGCT-1,lca_ld,EC
ctrl_wtd_GGCTTTCTCCGTCCTA-1,ctrl_wtd,SMC
ctrl_lo_TTACGTTTCCAACTAG-1,ctrl_lo,EC
lca_ld_AATAGAGCATGACGTT-1,lca_ld,MP
lca_ld_TACGGTATCGATAACC-1,lca_ld,SMC
lca_ld_CGGGTCAAGGGACACT-1,lca_ld,EC
ctrl_lo_ACGTCCTGTTCCGGTG-1,ctrl_lo,FB
2wl_AATTCCTGTAGCACGA-1,2wl,SMC
rca_f_TCCTTCTAGTCTCCTC-1,rca_f,FB
ctrl_lo_TGGTTAGAGGTACAGC-1,ctrl_lo,SMC
lca_ld_CATCAAGAGTCACGAG-1,lca_ld,MP
rca_fl_AGCCAGCGTCACTTAG-1,rca_fl,EC
lca_fl_TGAGCATTCATTCTTG-1,lca_fl,DC
2wl_ACCACAAAGACTCAAA-1,2wl,MP
lca_ld_CATCCACCAGGCAATG-1,lca_ld,MP
lca_ld_TCAGCAACAGTTCTAG-1,lca_ld,MP
ctrl_lo_TGAGGAGGTCTTGAAC-1,ctrl_lo,FB
2wl_CAGTGCGTCTATACGG-1,2wl,SMC
2wl_CACTGGGTCGGCGATC-1,2wl,EC
2wl_ATCGTCCAGTTTCTTC-1,2wl,TC
lca_ld_ATCACTTGTCCGAAGA-1,lca_ld,MP
ctrl_wtd_CTAACTTTCGGCATTA-1,ctrl_wtd,SMC
rca_f_AAGATAGAGCGTCTCG-1,rca_f,EC
lca_ld_TATCTTGCAATGCAGG-1,lca_ld,MP
2wl_GGACGTCCATGCCGAC-1,2wl,TC
rca_ld_AAGGAATAGTATAGAC-1,rca_ld,EC
2wl_TCCTCTTGTTCGTAAC-1,2wl,MP
lca_fl_CTCCCTCGTCATGACT-1,lca_fl,TC
ctrl_lo_ATGAAAGGTACGGCAA-1,ctrl_lo,SMC
rca_lo_AGCCACGGTATCGCAT-1,rca_lo,FB
ctrl_lo_CAGCACGTCTGCAGCG-1,ctrl_lo,FB
pcsk9_wtd_TGAATGCAGTCACACT-1,pcsk9_wtd,SMC
lca_l_GTGCAGCAGAAGTCCG-1,lca_l,SMC
lca_ld_GTTGTCCTCATTCGGA-1,lca_ld,MP
rca_lo_ATATCCTTCTTGCAGA-1,rca_lo,FB
ctrl_ld_CGAGAAGTCCACAAGT-1,ctrl_ld,EC
lca_ld_AGAACAAGTACGGGAT-1,lca_ld,SMC
ctrl_wtd_GTAAGTCGTCTTTCAT-1,ctrl_wtd,SMC
lca_lo_ATCTCTATCAAGAATG-1,lca_lo,SMC
2wl_GTGTAACGTGATAGTA-1,2wl,MP
rca_l_TCTCTGGTCCCGTGTT-1,rca_l,FB
2wl_GGGACTCTCAGAGCAG-1,2wl,MP
lca_lo_TGGAGGAGTCATTCCC-1,lca_lo,EC
pcsk9_lo_GGCTTTCAGCGTGAGT-1,pcsk9_lo,SMC
lca_ld_TTGACCCTCGTTCTAT-1,lca_ld,TC
lca_ld_CAACGGCTCTCGTCAC-1,lca_ld,EC
lca_l_GGGTGTCAGTGGCAGT-1,lca_l,FB
lca_ld_CGATGCGTCGGAGCAA-1,lca_ld,TC
rca_lo_TAACACGGTCAGTCGC-1,rca_lo,FB
lca_wtd_TCCCAGTGTTTCTATC-1,lca_wtd,DC
lca_l_AACCTGAAGACGATAT-1,lca_l,SMC
lca_lo_GGGACAACAATTCGTG-1,lca_lo,MP
pcsk9_wtd_AGGGTGACACTATCCC-1,pcsk9_wtd,SMC
lca_ld_CTTTCAACAACCCTCT-1,lca_ld,SMC
lca_ld_GTTACCCTCTGGTCAA-1,lca_ld,SMC
ctrl_lo_TCCATGCTCCTCAGAA-1,ctrl_lo,EC
lca_ld_TTTGACTGTCTTTATC-1,lca_ld,DC
lca_l_ATCTCTACATGGGATG-1,lca_l,SMC
ctrl_wtd_CTCAATTCATTCATCT-1,ctrl_wtd,SMC
lca_lo_CTGCATCGTCGTCAGC-1,lca_lo,MP
rca_lo_AGACCCGAGACGGAAA-1,rca_lo,SMC
lca_ld_CGGCAGTGTATCTTCT-1,lca_ld,MP
pcsk9_lo_CAAGACTGTAACAGTA-1,pcsk9_lo,SMC
lca_ld_CCTTCAGCAAGTTCCA-1,lca_ld,MP
lca_wtd_CTCCCTCAGGATACGC-1,lca_wtd,FB
lca_wtd_CAGATTGGTTTCGTTT-1,lca_wtd,MP
lca_ld_AGAGAATGTGACATCT-1,lca_ld,MP
2dl_GGGCTACAGGCTAACG-1,2dl,EC
rca_lo_AATGGAAAGCAACTTC-1,rca_lo,FB
pcsk9_wtd_AAGAACACATGCCGCA-1,pcsk9_wtd,SMC
lca_l_GGTTCTCGTCAACACT-1,lca_l,MP
2dl_ACTGCAATCAACTACG-1,2dl,EC
lca_fl_TACTTGTGTAGTCACT-1,lca_fl,MP
rca_wtd_TGGAGGACATGGGAAC-1,rca_wtd,MP
lca_ld_GAGCTGCCAATGCAGG-1,lca_ld,MP
lca_ld_GCAACATTCAACGAGG-1,lca_ld,MP
ctrl_ld_ACCATTTCAGGGAATC-1,ctrl_ld,EC
rca_lo_TCCCACAGTATTCCGA-1,rca_lo,SMC
ctrl_wtd_ACAACCAGTCCTATAG-1,ctrl_wtd,SMC
lca_ld_TGATGGTTCACTGTTT-1,lca_ld,MP
lca_l_TGGGCTGCACCGCTAG-1,lca_l,EC
lca_ld_TCAATCTGTCTAGATC-1,lca_ld,MP
rca_l_TATCCTAAGCACGTCC-1,rca_l,SMC
lca_ld_CAATACGGTCCAGTTA-1,lca_ld,MP
ctrl_lo_GTCAAGTGTAGGTGCA-1,ctrl_lo,EC
lca_ld_CTTACCGGTTCTCACC-1,lca_ld,MP
rca_lo_TTTGATCCAGCCGTTG-1,rca_lo,SMC
rca_lo_CATGGATGTGACTCGC-1,rca_lo,EC
lca_fl_TGCAGTACATGTCTAG-1,lca_fl,MP
ctrl_lo_CAATCGATCGCTTTAT-1,ctrl_lo,SMC
lca_ld_ATGCCTCAGGTAATCA-1,lca_ld,MP
rca_lo_AGGGAGTTCGACCACG-1,rca_lo,EC
lca_ld_AAGGAATCAACGATTC-1,lca_ld,SMC
lca_ld_GTCGAATTCTTCGACC-1,lca_ld,MP
pcsk9_lo_CATTCTAAGAAGTCTA-1,pcsk9_lo,EC
ctrl_lo_TTCCGGTTCGTGTGGC-1,ctrl_lo,FB
ctrl_lo_ACCCTCACACAGAGAC-1,ctrl_lo,FB
rca_fl_CATCGGGAGTAGGGTC-1,rca_fl,EC
lca_ld_ACGTCCTCATGAATAG-1,lca_ld,MP
lca_lo_CTTTCGGTCGATGCTA-1,lca_lo,BC
lca_l_TTCGCTGGTATGCAAA-1,lca_l,MP
lca_fl_CATGCCTGTGCTGTCG-1,lca_fl,MP
lca_l_AATTTCCCAAGAATAC-1,lca_l,MP
pcsk9_lo_TAGAGTCCAATCGCAT-1,pcsk9_lo,SMC
rca_wtd_CCTGTTGAGAGCCCAA-1,rca_wtd,SMC
rca_ld_GAATCGTAGCTCCACG-1,rca_ld,EC
2wl_TAACGACGTGGTTTAC-1,2wl,EC
lca_lo_ATGAGTCAGCAGTAAT-1,lca_lo,FB
lca_ld_GTGGCGTCACGGTGAA-1,lca_ld,SMC
lca_ld_CCACGAGAGCCGATAG-1,lca_ld,MP
lca_l_ACATGCACAGGACTAG-1,lca_l,SMC
lca_ld_CACTAAGTCCATCCGT-1,lca_ld,SMC
lca_lo_TACAACGAGTCACAGG-1,lca_lo,FB
lca_ld_TGCATCCGTGCTATTG-1,lca_ld,MP
lca_ld_ATGGTTGCATTGGGAG-1,lca_ld,MP
rca_lo_TCGCTCAGTACGGGAT-1,rca_lo,MP
rca_wtd_ATGGGAGGTAAGGCCA-1,rca_wtd,SMC
2dl_AGATCCATCGTGGGTC-1,2dl,EC
lca_fl_GGTGTCGAGACAGCGT-1,lca_fl,MP
2wl_TCCTTTCTCAGCTAGT-1,2wl,TC
rca_ld_ATGAGTCTCCACGTCT-1,rca_ld,FB
rca_ld_TTGGGCGCAGTCCCGA-1,rca_ld,EC
rca_ld_TTCGATTAGAATTCAG-1,rca_ld,EC
lca_ld_GTTTGGATCCACACCT-1,lca_ld,MP
lca_ld_AGGGTTTCATGGACAG-1,lca_ld,MP
rca_lo_CGTCCATCAACACACT-1,rca_lo,FB
lca_ld_CATGCTCAGGAAGAAC-1,lca_ld,MP
rca_wtd_AGACTCAAGCATTTCG-1,rca_wtd,EC
ctrl_lo_CAAGACTTCGGCATAT-1,ctrl_lo,EC
lca_ld_TGGAGGATCGGATACT-1,lca_ld,EC
lca_ld_TTAATCCGTCGCTGCA-1,lca_ld,MP
pcsk9_lo_TCTACCGCAACTGGTT-1,pcsk9_lo,SMC
lca_ld_GCGGATCAGCACCTGC-1,lca_ld,MP
lca_l_GAAGCGATCTTGCGCT-1,lca_l,SMC
lca_ld_GAAATGACACTCCTGT-1,lca_ld,SMC
lca_l_GTCATGAGTGAAGCGT-1,lca_l,SMC
rca_f_CATAGACCAGGTCAAG-1,rca_f,EC
lca_ld_GCACATAGTGGCCCAT-1,lca_ld,MP
2wl_TGTTGAGCAGACATCT-1,2wl,EC
lca_l_ATTCCATCACGGCGTT-1,lca_l,SMC
ctrl_wtd_TCACACCCATAACGGG-1,ctrl_wtd,SMC
rca_lo_CACGTGGGTGAGCGAT-1,rca_lo,FB
pcsk9_wtd_TGTGCGGCAACCGCCA-1,pcsk9_wtd,SMC
2wr_TGGATCACAATCACGT-1,2wr,EC
lca_ld_CCTCAGTGTAACGATA-1,lca_ld,BC
lca_ld_GTCCACTCAGATTTCG-1,lca_ld,MP
pcsk9_wtd_GAGTGAGGTTAAGTCC-1,pcsk9_wtd,SMC
lca_ld_GTAGGAGCATCCCACT-1,lca_ld,EC
ctrl_lo_TGGAACTGTGCCTGAC-1,ctrl_lo,SMC
rca_lo_TCGGGTGGTCTCACAA-1,rca_lo,SMC
ctrl_lo_CTGTGAAGTATCAAGA-1,ctrl_lo,FB
lca_l_TGCAGATAGCATCCTA-1,lca_l,FB
2dl_ATTCGTTTCACCTCGT-1,2dl,EC
lca_l_CATTCATAGCGTACAG-1,lca_l,SMC
rca_lo_TATTTCGTCTCCCAAC-1,rca_lo,EC
lca_ld_TCATACTAGCCTCTGG-1,lca_ld,MP
rca_l_CATTCCGTCGCCTCTA-1,rca_l,FB
lca_l_TTCTCTCAGCGACCCT-1,lca_l,FB
2dr_TGAGGGAAGATAGCTA-1,2dr,EC
lca_ld_GGGTGTCTCGCAGTCG-1,lca_ld,MP
pcsk9_lo_TTGCCTGTCATCCTGC-1,pcsk9_lo,MP
lca_lo_CGCCATTGTAATCAGA-1,lca_lo,MP
ctrl_wtd_ACAGCCGAGACATATG-1,ctrl_wtd,SMC
pcsk9_lo_CGAATTGTCTACCACC-1,pcsk9_lo,SMC
2wl_ACCGTTCGTATGATCC-1,2wl,MP
lca_fl_TCGCACTCAGCAGTGA-1,lca_fl,NK
lca_l_AGGATAAGTAGCTGCC-1,lca_l,FB
lca_ld_AATGAAGTCTTCGTAT-1,lca_ld,MP
rca_wtd_TCTCAGCAGCGTGCCT-1,rca_wtd,FB
lca_l_TTGATGGCAAGGATGC-1,lca_l,FB
2wl_CCTGCATTCTTCTCAA-1,2wl,MP
lca_ld_GTGTTCCGTCGTCAGC-1,lca_ld,MP
lca_l_TATTCCACAACCACAT-1,lca_l,SMC
rca_lo_AAGGTAAAGCCTGTGC-1,rca_lo,SMC
ctrl_lo_AAGTTCGAGCAGCACA-1,ctrl_lo,SMC
lca_fl_CAGTTCCAGGTAAGGA-1,lca_fl,NK
rca_lo_GTCAAGTCAGCCCACA-1,rca_lo,FB
lca_wtd_GTCGCGACACTCATAG-1,lca_wtd,SMC
lca_ld_GAAGAATTCATTTGTC-1,lca_ld,MP
lca_ld_TAGGGTTCAGTGGGTA-1,lca_ld,EC
rca_lo_TCATGGACACGCGTGT-1,rca_lo,SMC
lca_lo_TTAGGCAAGAAGCCAC-1,lca_lo,FB
lca_ld_CGGGCATCAATAACCC-1,lca_ld,MP
pcsk9_wtd_GAGTTACCATGGAGAC-1,pcsk9_wtd,SMC
rca_lo_CAGCACGAGCGACCCT-1,rca_lo,EC
lca_ld_CATGAGTAGCCGCTTG-1,lca_ld,SMC
lca_ld_CTGTGAAAGTAAGCAT-1,lca_ld,MP
rca_lo_GCATCGGGTTCAACGT-1,rca_lo,FB
rca_wtd_CATTCTAGTCCACACG-1,rca_wtd,SMC
lca_ld_TCGCTTGTCGCCTCTA-1,lca_ld,MP
lca_ld_CTGCATCTCACAAGGG-1,lca_ld,MP
lca_ld_TTTCACAAGATGAATC-1,lca_ld,SMC
rca_ld_AAATGGAAGTCGGCAA-1,rca_ld,EC
ctrl_lo_CTCCAACAGGTTCCAT-1,ctrl_lo,SMC
lca_ld_GGGTTATGTGCCCTTT-1,lca_ld,MP
lca_ld_CGCCATTTCGAGCTGC-1,lca_ld,SMC
lca_ld_AGTGCCGAGGTAAGGA-1,lca_ld,MP
lca_ld_AGCTCAACATGCCATA-1,lca_ld,MP
ctrl_wtd_CCCAACTGTCCGGATC-1,ctrl_wtd,SMC
lca_l_TGTCCTGGTGTTATCG-1,lca_l,SMC
lca_l_TGATCAGAGGCATGGT-1,lca_l,FB
2dl_ATCCCTGCAGGAAGTC-1,2dl,EC
lca_ld_TGTTACTTCCTTCTAA-1,lca_ld,MP
rca_wtd_CTCATGCCACCGTGCA-1,rca_wtd,SMC
rca_f_TTTGTTGCAACAAGTA-1,rca_f,EC
lca_lo_TCAGGGCTCAAATGAG-1,lca_lo,SMC
rca_lo_AAAGTCCAGCAATTAG-1,rca_lo,FB
lca_ld_TTCACCGCATGAAAGT-1,lca_ld,FB
lca_ld_ATGAGGGCATGTGACT-1,lca_ld,MP
lca_l_GAGGGATAGCTAGCCC-1,lca_l,SMC
lca_ld_AAGGAATGTCCAGGTC-1,lca_ld,MP
lca_l_TCATGTTAGTTGGAAT-1,lca_l,EC
lca_fl_GAGGCCTGTCGAGATG-1,lca_fl,EC
ctrl_lo_CTAAGTGGTGCTCGTG-1,ctrl_lo,SMC
lca_ld_ATTACTCGTCATCCGG-1,lca_ld,SMC
lca_ld_TCAAGTGCAATCTAGC-1,lca_ld,EC
lca_ld_ATCAGGTGTAGCGTTT-1,lca_ld,MP
ctrl_wtd_AAAGGGCTCAGGAGAC-1,ctrl_wtd,SMC
2dr_TGTTGGATCACCTACC-1,2dr,FB
rca_lo_TCAGGTACACGACAGA-1,rca_lo,SMC
lca_ld_CAGATCACATGGCACC-1,lca_ld,MP
lca_ld_ATTCGTTCACTTCAAG-1,lca_ld,SMC
lca_ld_TTTCAGTTCGGACCAC-1,lca_ld,SMC
lca_l_TGAGCATGTCGATTCA-1,lca_l,SMC
lca_ld_ATCACAGAGGTTCCGC-1,lca_ld,MP
rca_lo_CACACAAGTTGTCTAG-1,rca_lo,FB
lca_l_GTATTGGAGGATGCGT-1,lca_l,FB
lca_wtd_TACCTGCAGGTTGAGC-1,lca_wtd,FB
lca_ld_CCTCATGGTGGGCTTC-1,lca_ld,MP
lca_ld_CATTCATAGCCGAACA-1,lca_ld,EC
rca_l_ACACAGTTCTATCGGA-1,rca_l,EC
ctrl_wtd_TCGACGGTCCAATCTT-1,ctrl_wtd,SMC
lca_ld_TCCATGCGTAGAATGT-1,lca_ld,MP
rca_f_TGGAACTTCGCAGAGA-1,rca_f,TC
lca_ld_AAGGTAATCATGCGGC-1,lca_ld,EC
pcsk9_lo_TTTCAGTGTGGACCAA-1,pcsk9_lo,SMC
2dr_GATCATGTCAAGTCGT-1,2dr,EC
2wl_TCTCAGCCACTTGAAC-1,2wl,SMC
ctrl_wtd_GGCTTGGGTCTGATAC-1,ctrl_wtd,FB
lca_l_GACGTTAAGGAGACCT-1,lca_l,FB
2wl_TCAGTTTTCAGGACGA-1,2wl,EC
ctrl_lo_ATGGGTTTCGACATCA-1,ctrl_lo,FB
lca_ld_CACTGTCCACACTTAG-1,lca_ld,DC
rca_l_TGTACAGGTCTCAAGT-1,rca_l,FB
rca_wtd_CAAGAGGAGCAACAGC-1,rca_wtd,SMC
lca_l_TCGGTCTGTAGTAAGT-1,lca_l,FB
lca_ld_TTCGCTGGTTGTCCCT-1,lca_ld,SMC
lca_l_ATCGATGAGTTACGGG-1,lca_l,EC
lca_lo_AGCTCAAAGGTAGGCT-1,lca_lo,MP
lca_ld_TCACTATCAAGTGCTT-1,lca_ld,MP
lca_lo_AACCTTTGTCCAGGTC-1,lca_lo,SMC
rca_lo_CCACGTTTCTGTCCGT-1,rca_lo,SMC
lca_fl_TGGTTAGGTCGAGTGA-1,lca_fl,DC
2wr_CTAAGTGTCGACGAGA-1,2wr,EC
lca_ld_CCCAACTGTTGACTGT-1,lca_ld,SMC
pcsk9_wtd_CCGATGGTCATCGGGC-1,pcsk9_wtd,SMC
lca_ld_TGCTCCATCCTAGCTC-1,lca_ld,MP
2wl_ATCACTTCACCTATCC-1,2wl,SMC
lca_ld_ACCGTTCTCTGCATGA-1,lca_ld,SMC
pcsk9_ld_ACGTCCTTCGGTCGAC-1,pcsk9_ld,SMC
pcsk9_wtd_CTTCAATTCTTTCAGT-1,pcsk9_wtd,SMC
rca_wtd_CAGATCAGTGTTCCAA-1,rca_wtd,SMC
lca_ld_GGGCTCAAGCGATGAC-1,lca_ld,SMC
lca_ld_AGAGCCCGTCCTACAA-1,lca_ld,SMC
ctrl_wtd_GTGCTGGAGCTGACTT-1,ctrl_wtd,SMC
2dl_GACGCTGAGATGTTGA-1,2dl,EC
pcsk9_wtd_GTGCTGGAGAACCCGA-1,pcsk9_wtd,SMC
lca_ld_TCGCTCAAGACGCCCT-1,lca_ld,SMC
ctrl_lo_GTACAACCACATTGTG-1,ctrl_lo,SMC
lca_ld_CTCAATTAGCTGAAAT-1,lca_ld,EC
rca_ld_TATTCCATCCGTCAAA-1,rca_ld,EC
lca_ld_CCACACTAGGCTCTAT-1,lca_ld,SMC
2wl_TTGCCTGCATTAAAGG-1,2wl,SMC
rca_lo_CGGGACTCATCATTGG-1,rca_lo,EC
ctrl_wtd_GGCACGTGTCTCAGGC-1,ctrl_wtd,SMC
rca_lo_ATGAGTCCAACTGGTT-1,rca_lo,FB
2dr_ACGGTCGAGAAAGCGA-1,2dr,EC
lca_ld_TCATGCCGTAGATGTA-1,lca_ld,EC
lca_lo_ATCCATTGTATTAAGG-1,lca_lo,EC
2dl_GTTCGCTGTTCGTAAC-1,2dl,EC
lca_ld_ATGCCTCTCTGAGAAA-1,lca_ld,EC
lca_l_AGAAGTAAGATCCAAA-1,lca_l,FB
lca_ld_GTCATCCGTATTCCTT-1,lca_ld,MP
rca_ld_CATACAGTCATGGTAC-1,rca_ld,EC
lca_lo_TGCACGGTCATTACCT-1,lca_lo,MP
lca_lo_AAGCCATTCTCTTAAC-1,lca_lo,SMC
lca_ld_GAGTCTACAACAAGTA-1,lca_ld,EC
lca_ld_AGGGTTTGTCCCTAAA-1,lca_ld,EC
rca_lo_TTCCTCTTCACAAGAA-1,rca_lo,EC
lca_ld_TATTGCTCATCTGGGC-1,lca_ld,MP
lca_ld_TAGTGCATCTCCTACG-1,lca_ld,MP
lca_ld_TTGTTGTGTGTTTGCA-1,lca_ld,SMC
rca_lo_AGTCATGCATCGATCA-1,rca_lo,SMC
rca_lo_TTGTTCAAGCCTTGAT-1,rca_lo,EC
lca_l_TAATCTCCAGCGTAGA-1,lca_l,FB
lca_ld_GTGGAGATCCCATAAG-1,lca_ld,MP
ctrl_ld_TGAGGTTGTGAAGCTG-1,ctrl_ld,EC
lca_l_TTCACCGCACACCAGC-1,lca_l,FB
lca_ld_CAGTGCGAGAGTACCG-1,lca_ld,DC
lca_ld_CTGCATCCAAGAAACT-1,lca_ld,SMC
lca_l_TGATGCAAGGTACTGG-1,lca_l,SMC
ctrl_fl_CCCAACTAGCATTGAA-1,ctrl_fl,EC
rca_lo_ATCCTATGTCTTTATC-1,rca_lo,FB
pcsk9_wtd_TTGCCTGGTTATCTGG-1,pcsk9_wtd,SMC
2dl_CATTTCAGTACCCGAC-1,2dl,FB
rca_wtd_TCAGGTATCGTCGGGT-1,rca_wtd,SMC
lca_ld_GAGTGAGCAAGGCGTA-1,lca_ld,MP
lca_ld_GTAGAGGCACAACGAG-1,lca_ld,MP
lca_ld_CATGCTCTCATTGCCC-1,lca_ld,EC
rca_lo_TCATTGTTCAAATGCC-1,rca_lo,EC
ctrl_fl_AGTCACAGTCGAGTTT-1,ctrl_fl,MP
lca_ld_GAGAAATCAACATCGT-1,lca_ld,MP
lca_wtd_CTAGGTAAGCCTCTGG-1,lca_wtd,MP
lca_ld_GTGGGAATCAGAGTGG-1,lca_ld,SMC
lca_ld_TCTCCGATCTCATAGG-1,lca_ld,SMC
rca_lo_CATCCGTCAGCTGTTA-1,rca_lo,SMC
lca_ld_GTACAACAGGTTGTTC-1,lca_ld,MP
ctrl_wtd_CTGAGCGAGTCGAAGC-1,ctrl_wtd,SMC
ctrl_wtd_CTCAGGGCAAATGAGT-1,ctrl_wtd,SMC
lca_lo_CCTCAGTTCGAAGCCC-1,lca_lo,MP
ctrl_wtd_TTGCATTAGCGAACTG-1,ctrl_wtd,SMC
ctrl_wtd_GAACGTTGTGAAGCGT-1,ctrl_wtd,SMC
ctrl_wtd_GCACGTGCAAGCTGCC-1,ctrl_wtd,SMC
lca_lo_TGGTACACATCTATCT-1,lca_lo,FB
lca_ld_TTTCGATGTTTCGACA-1,lca_ld,MP
ctrl_lo_TCATATCCATAATCCG-1,ctrl_lo,SMC
pcsk9_wtd_AGCGATTCAAACACCT-1,pcsk9_wtd,SMC
rca_l_GTTACCCTCTGCATGA-1,rca_l,FB
lca_ld_CGGAACCAGGAGAGTA-1,lca_ld,MP
2wr_TTAGTCTAGGTAGCAC-1,2wr,EC
pcsk9_wtd_TTGCTGCAGGACTATA-1,pcsk9_wtd,SMC
ctrl_wtd_TTAGGGTAGATTGACA-1,ctrl_wtd,FB
lca_ld_ACAGGGAGTACAAACA-1,lca_ld,MP
rca_lo_GTGAGGAGTTTCGTGA-1,rca_lo,FB
pcsk9_lo_GCATTAGCAACTGCCG-1,pcsk9_lo,EC
pcsk9_wtd_CGCAGGTGTAAGTCAA-1,pcsk9_wtd,SMC
rca_wtd_GCCGTGATCCCACAGG-1,rca_wtd,MP
2wr_GAGGCAATCGAACCTA-1,2wr,EC
lca_lo_CTCAGGGGTAGGAAAG-1,lca_lo,SMC
rca_lo_GAATCACAGCATGTTC-1,rca_lo,EC
lca_ld_GAGTCATCAACAGAGC-1,lca_ld,MP
lca_fl_TTCTAGTGTACGATTC-1,lca_fl,DC
lca_ld_CTGTATTGTCAGACTT-1,lca_ld,MP
2wr_AGTCAACAGCGGTAGT-1,2wr,EC
pcsk9_lo_TCCAGAATCATAGCAC-1,pcsk9_lo,SMC
lca_ld_ACTATCTAGAATCCCT-1,lca_ld,EC
lca_ld_ATTCATCCATAACTCG-1,lca_ld,MP
rca_wtd_GTCTACCGTATTTCCT-1,rca_wtd,SMC
ctrl_lo_CTGAGCGCATCATCTT-1,ctrl_lo,SMC
rca_lo_CTGCAGGGTATGAGGC-1,rca_lo,SMC
lca_ld_ATTCCTAGTACGAAAT-1,lca_ld,MP
lca_ld_CGTTGGGTCCGCACGA-1,lca_ld,SMC
rca_ld_AGACACTTCATTTCGT-1,rca_ld,EC
lca_ld_TTTGGAGCACGAGGAT-1,lca_ld,MP
rca_ld_TATGTTCAGACGGAAA-1,rca_ld,EC
lca_wtd_TTCTAGTCACGACTAT-1,lca_wtd,FB
lca_l_ACCTGAAGTGTATACC-1,lca_l,SMC
lca_ld_GTGCTTCCATAACCCA-1,lca_ld,MP
lca_ld_CTGTGAAGTGAGAACC-1,lca_ld,EC
rca_lo_ACGGTCGCAATCTGCA-1,rca_lo,FB
ctrl_wtd_TCACACCAGATAGGGA-1,ctrl_wtd,FB
rca_wtd_CGAGGAACAGGAGGAG-1,rca_wtd,SMC
ctrl_lo_ACAAAGACAGCATACT-1,ctrl_lo,FB
2wr_GGGAGATCATGCGGTC-1,2wr,EC
ctrl_lo_AAGCCATCATGAGATA-1,ctrl_lo,EC
lca_ld_GCTGAATGTGAATTGA-1,lca_ld,MP
lca_fl_TGAACGTTCCGTGTAA-1,lca_fl,DC
lca_l_TGTTACTGTCGTGTTA-1,lca_l,FB
lca_ld_GACTCTCCAACACAGG-1,lca_ld,MP
ctrl_lo_TTCACGCCACCAGACC-1,ctrl_lo,FB
ctrl_ld_AATGCCACAGTTCCAA-1,ctrl_ld,EC
lca_fl_TCGCACTAGGATCACG-1,lca_fl,EC
lca_ld_TGGAACTGTTGCCAAT-1,lca_ld,MP
ctrl_wtd_CGTGTCTGTTCCTACC-1,ctrl_wtd,FB
lca_lo_TACGCTCCAAGGTCAG-1,lca_lo,TC
lca_ld_GTCACTCGTCTTGAAC-1,lca_ld,MP
2dr_TGCTCCACATCGGCCA-1,2dr,EC
ctrl_wtd_TGAGCGCCATGTCGTA-1,ctrl_wtd,SMC
ctrl_lo_TCAATTCGTTTGGGTT-1,ctrl_lo,FB
2wl_AGTGTTGCATCCCACT-1,2wl,DC
2dl_TCCTCGATCATGAGTC-1,2dl,EC
2wl_TTACAGGTCGAAACAA-1,2wl,EC
lca_lo_ACGCACGCACGAAGAC-1,lca_lo,SMC
ctrl_lo_GCTCAAAAGTTGTAGA-1,ctrl_lo,FB
pcsk9_lo_CCTCAACCATCAGTCA-1,pcsk9_lo,SMC
rca_lo_TCAAGTGTCGGTTCAA-1,rca_lo,FB
rca_lo_GTAGGTTTCGTGCACG-1,rca_lo,SMC
rca_fl_GCTTTCGGTCGTACTA-1,rca_fl,EC
pcsk9_wtd_AACCTGAAGGGAACAA-1,pcsk9_wtd,FB
lca_lo_TCAGCCTTCATTGTTC-1,lca_lo,SMC
lca_fl_CTGCGAGCACGAGGAT-1,lca_fl,SMC
lca_l_TCGGGTGAGTGCTCAT-1,lca_l,FB
lca_l_AACCATGGTCATCACA-1,lca_l,EC
2wl_CCTATCGAGAATAACC-1,2wl,MP
lca_ld_TATCTGTTCGCAACAT-1,lca_ld,EC
lca_ld_TAATTCCAGAGCAAGA-1,lca_ld,MP
lca_ld_AAGTCGTCATGATCTG-1,lca_ld,EC
rca_lo_AGCTCAAAGTAACGAT-1,rca_lo,SMC
lca_ld_AAACGCTTCACTTGGA-1,lca_ld,MP
rca_l_TTGCCTGTCATCCTAT-1,rca_l,MP
rca_lo_AACGAAAAGTCAGCCC-1,rca_lo,FB
lca_fl_ACGGTTAAGTGGTTCT-1,lca_fl,SMC
rca_lo_CTCAGTCAGTTGCGAG-1,rca_lo,FB
2wr_GTAGAGGTCCACCTCA-1,2wr,EC
lca_l_AGTCTCCTCGGACTGC-1,lca_l,FB
lca_fl_CACTGAAAGTGTTCCA-1,lca_fl,MP
lca_lo_ACTCCCACAAATCCCA-1,lca_lo,MP
lca_ld_AACAAGAAGGCCACCT-1,lca_ld,MP
lca_ld_GTGTTAGCAGTCGGAA-1,lca_ld,EC
lca_ld_TCAGCAATCGAACTCA-1,lca_ld,MP
2dl_AAGACAACAAATACAG-1,2dl,EC
lca_ld_CGAGGAAGTCAAACGG-1,lca_ld,EC
lca_ld_TGCGGGTAGTCATGCT-1,lca_ld,MP
lca_lo_CTTCCTTGTGTTTCTT-1,lca_lo,EC
pcsk9_lo_TTACTGTCACAGCCTG-1,pcsk9_lo,SMC
lca_lo_CTTTCAATCTTACACT-1,lca_lo,MP
rca_lo_GCTACAATCGAGATAA-1,rca_lo,EC
lca_ld_TAGGGTTTCACACCGG-1,lca_ld,MP
lca_l_AACGGGATCTTTCCGG-1,lca_l,FB
lca_fl_TCATGAGCATCCAACA-1,lca_fl,SMC
lca_fl_AGTCACACACTAGTAC-1,lca_fl,NT
lca_l_TTGGGTACACAGCCTG-1,lca_l,FB
ctrl_fl_CTACCTGCATGTTCAG-1,ctrl_fl,EC
lca_ld_ATCTCTAGTTGATCGT-1,lca_ld,MP
ctrl_lo_GTGAGTTAGACCCTTA-1,ctrl_lo,SMC
lca_ld_AGACACTCAAAGCGTG-1,lca_ld,MP
lca_ld_GAGCTGCGTAACATCC-1,lca_ld,MP
lca_ld_TCCTTCTAGCCACAAG-1,lca_ld,MP
pcsk9_lo_GAATCACAGGATTTGA-1,pcsk9_lo,SMC
ctrl_wtd_GTAAGTCGTTGGCTAT-1,ctrl_wtd,SMC
rca_l_CATTCATAGAGGTTAT-1,rca_l,FB
rca_ld_GTTGAACGTATGAGGC-1,rca_ld,EC
rca_lo_GTTGTCCCAGTAGATA-1,rca_lo,FB
lca_l_CAACAGTTCCCATTCG-1,lca_l,SMC
lca_lo_TCATTACCAGACCATT-1,lca_lo,MP
lca_lo_CGTCAAAAGGTGAGAA-1,lca_lo,SMC
lca_ld_CCACTTGTCTTCTGTA-1,lca_ld,MP
2wr_CACTAAGAGGTTACAA-1,2wr,SMC
rca_ld_CAGCAGCTCCCTTTGG-1,rca_ld,EC
lca_ld_ACACCAACATGCCGCA-1,lca_ld,SMC
ctrl_wtd_TGTTCTAGTCCAGCGT-1,ctrl_wtd,SMC
rca_lo_TCCCACATCCCAATAG-1,rca_lo,SMC
rca_lo_TTCACGCAGAATCGTA-1,rca_lo,SMC
rca_wtd_TGTAGACTCATCGACA-1,rca_wtd,FB
lca_ld_GTCAAGTAGCCGTAAG-1,lca_ld,MP
lca_ld_GAGCCTGTCGCGCCAA-1,lca_ld,SMC
lca_fl_ACAGAAATCGTTGTTT-1,lca_fl,MP
pcsk9_lo_AGACCATCAGTCAGTT-1,pcsk9_lo,SMC
ctrl_lo_TATGTTCTCCATCTAT-1,ctrl_lo,FB
pcsk9_wtd_CTGTGGGGTTCCAAAC-1,pcsk9_wtd,SMC
2dr_CTTGATTAGTGTAGTA-1,2dr,EC
lca_fl_CTGGCAGTCAAACGAA-1,lca_fl,MP
lca_ld_CGGGTCAAGAGGTGCT-1,lca_ld,MP
lca_ld_AACCATGCAGTATACC-1,lca_ld,SMC
lca_fl_AGATCCAGTGTGCCTG-1,lca_fl,SMC
lca_lo_CATACCCCAAGGTCTT-1,lca_lo,MP
rca_lo_AGATAGACACGACGTC-1,rca_lo,SMC
lca_fl_GCCATTCAGATGCAGC-1,lca_fl,MP
rca_wtd_GAGGGTATCAAGTCGT-1,rca_wtd,FB
lca_lo_TCGACGGAGCTTCGTA-1,lca_lo,SMC
pcsk9_ld_CGCCAGACAAGCTGTT-1,pcsk9_ld,EC
lca_ld_CTACATTAGGTACTGG-1,lca_ld,MP
2dl_AGGACGAAGCACTAGG-1,2dl,MP
rca_lo_GATCCCTTCATGCTAG-1,rca_lo,EC
lca_ld_GCCAGGTTCTCCAAGA-1,lca_ld,SMC
lca_fl_TCATTACCACCCTAGG-1,lca_fl,EC
lca_ld_CCTCAACCATCCTCAC-1,lca_ld,NK
ctrl_lo_AGGGAGTCATCACAGT-1,ctrl_lo,SMC
lca_lo_TTCGCTGTCTCTCGAC-1,lca_lo,SMC
lca_fl_ACCCAAACAGAGTTCT-1,lca_fl,MP
lca_ld_TAGACTGGTTCGTAAC-1,lca_ld,MP
lca_lo_TACTTGTCATAATCGC-1,lca_lo,SMC
pcsk9_lo_CAACAGTGTGGCCTCA-1,pcsk9_lo,SMC
lca_l_CGAGTGCCAGACCTGC-1,lca_l,TC
ctrl_wtd_GTTCTATAGTACGAGC-1,ctrl_wtd,SMC
pcsk9_lo_TTCGATTTCCTTTAGT-1,pcsk9_lo,SMC
rca_lo_TAGACTGGTCCACACG-1,rca_lo,FB
lca_wtd_AAGCATCCAGCAGATG-1,lca_wtd,FB
2dl_ATCACGATCAAGGTGG-1,2dl,EC
2wr_CTCAGTCTCTCCGTGT-1,2wr,EC
lca_ld_CCGTGAGTCATCTGTT-1,lca_ld,MP
lca_ld_TGGGCTGGTGGTTTAC-1,lca_ld,NT
lca_ld_TGGTGATGTCCATACA-1,lca_ld,MP
lca_lo_ACGGGTCCAGCAGACA-1,lca_lo,MP
lca_ld_GTTGCTCAGTCTGGTT-1,lca_ld,MP
lca_ld_TATTTCGAGTGGCAGT-1,lca_ld,MP
ctrl_wtd_GTCACTCGTAAGCGGT-1,ctrl_wtd,SMC
rca_wtd_TGTTCATGTCTACGTA-1,rca_wtd,FB
rca_lo_TCATTCATCTCTTCAA-1,rca_lo,EC
lca_wtd_TGAGTCAAGCAGATAT-1,lca_wtd,DC
lca_ld_AATGGAAAGGCTAAAT-1,lca_ld,MP
lca_ld_GAGGCCTGTCGGCCTA-1,lca_ld,MP
lca_ld_AAAGTGACATGGGAAC-1,lca_ld,MP
lca_lo_ACATCGACAATCCTAG-1,lca_lo,MP
pcsk9_ld_ACGGAAGTCCCGAACG-1,pcsk9_ld,EC
2wr_GCATTAGGTCGTCTCT-1,2wr,EC
lca_lo_GCCTGTTTCATGAGGG-1,lca_lo,SMC
lca_ld_TTTACGTGTTTCGACA-1,lca_ld,MP
lca_l_GTGCTTCCACAGACGA-1,lca_l,SMC
lca_lo_TACCGAAGTTCGGTTA-1,lca_lo,SMC
rca_l_CTTTCAAAGCCGGATA-1,rca_l,SMC
lca_lo_CCGATCTTCTTAGGAC-1,lca_lo,FB
2wl_TACAGGTCAGGGAATC-1,2wl,EC
lca_ld_ACGTACATCCGTACGG-1,lca_ld,MP
2wl_ACGCACGGTTCAGTAC-1,2wl,EC
2dr_CTCCTCCAGTTCCATG-1,2dr,EC
2dl_TTCCAATTCGCTAAAC-1,2dl,EC
lca_ld_GACTATGAGCGTTCCG-1,lca_ld,EC
pcsk9_wtd_GGGACTCCAACGTATC-1,pcsk9_wtd,SMC
lca_l_CTGTCGTTCTGGGCGT-1,lca_l,FB
lca_ld_TTCTTCCTCAAATGCC-1,lca_ld,MP
lca_ld_GTGCTGGGTGAGATCG-1,lca_ld,MP
lca_ld_GTCTTTACATCCTGTC-1,lca_ld,TC
lca_lo_TATACCTCACAGCCAC-1,lca_lo,EC
pcsk9_wtd_TCCTGCATCTGGGTCG-1,pcsk9_wtd,SMC
rca_fl_ACACTGAAGACTCTAC-1,rca_fl,EC
lca_lo_GGAACCCCATCGTCCT-1,lca_lo,MP
2dl_AGGGAGTAGGTGGGTT-1,2dl,FB
ctrl_wtd_GAGCTGCTCGCTTACC-1,ctrl_wtd,SMC
lca_ld_GATTCGAGTATTGGCT-1,lca_ld,SMC
rca_lo_GTATTTCAGCCGTTAT-1,rca_lo,SMC
lca_ld_CTCCACAGTAGATTGA-1,lca_ld,MP
pcsk9_lo_TAATCTCGTGGGAGAG-1,pcsk9_lo,SMC
lca_ld_GCACTAAAGCACTAAA-1,lca_ld,EC
pcsk9_lo_TTACCGCCAGCCTTCT-1,pcsk9_lo,SMC
lca_ld_TCTCACGAGGCCCACT-1,lca_ld,DC
lca_ld_CCGGTAGAGCCAAGTG-1,lca_ld,SMC
rca_lo_GACCTTCGTTGTGTTG-1,rca_lo,SMC
lca_ld_CCGATGGGTAGAATGT-1,lca_ld,SMC
lca_fl_GAATCACAGCGAGGAG-1,lca_fl,TC
lca_ld_TCCTTCTCACGGCACT-1,lca_ld,SMC
rca_fl_CATTGCCTCAAGATAG-1,rca_fl,EC
lca_ld_CATGCAACAAGAGAGA-1,lca_ld,EC
2wr_AAGCGTTTCGCAATGT-1,2wr,SMC
rca_fl_TCCTTTCAGCCTCTTC-1,rca_fl,EC
lca_ld_TACCCACTCTAACGGT-1,lca_ld,TC
rca_wtd_TCGGGACAGAGTGACC-1,rca_wtd,FB
rca_lo_TCATGCCAGATGAACT-1,rca_lo,FB
2wl_GTAGATCGTACGTTCA-1,2wl,SMC
ctrl_wtd_TCTTCCTTCCCAGTGG-1,ctrl_wtd,SMC
pcsk9_lo_GCGAGAAAGCACCCAC-1,pcsk9_lo,SMC
2wl_ATTACCTCATTCCTCG-1,2wl,MP
lca_ld_GCGAGAAGTGTCCAAT-1,lca_ld,MP
rca_lo_GAAATGAGTTGGGAAC-1,rca_lo,EC
lca_fl_TGTTGGAAGGGTAATT-1,lca_fl,MP
lca_ld_TTCGCTGTCCTCTCTT-1,lca_ld,MP
lca_wtd_AACGAAAAGAGCCTGA-1,lca_wtd,TC
ctrl_wtd_GGCTTGGGTTGCGGAA-1,ctrl_wtd,SMC
lca_ld_TCATACTGTAGTGTGG-1,lca_ld,SMC
lca_ld_GTAAGTCGTGACACAG-1,lca_ld,MP
lca_l_ACGATGTAGTGGTTAA-1,lca_l,EC
lca_wtd_CTCAAGATCTGCTTAT-1,lca_wtd,FB
2wl_GCGTGCAGTGCCGTTG-1,2wl,SMC
lca_wtd_CGTTAGACAGGTGAGT-1,lca_wtd,FB
lca_ld_TTAATCCAGACTAGAT-1,lca_ld,EC
rca_lo_AGGGTTTAGCACTAAA-1,rca_lo,SMC
lca_ld_CTTAGGAAGCTCCATA-1,lca_ld,MP
lca_ld_GAGCCTGTCGAGCCTG-1,lca_ld,SMC
lca_fl_CCTCCTCAGTCTAACC-1,lca_fl,SMC
pcsk9_wtd_TGCAGATTCCCTGTTG-1,pcsk9_wtd,SMC
rca_l_TTCTAACCAACCACAT-1,rca_l,SMC
rca_lo_AGAACAAAGGTCCAGA-1,rca_lo,FB
rca_lo_TTGGGTAAGCCGTAAG-1,rca_lo,FB
rca_ld_TGCAGTAAGCTCATAC-1,rca_ld,EC
2wl_ACATGCACAATCTAGC-1,2wl,SMC
rca_lo_TATATCCAGTAGTCCT-1,rca_lo,FB
pcsk9_wtd_AACAACCGTATGAAAC-1,pcsk9_wtd,SMC
lca_lo_AGTCACAGTCTTACTT-1,lca_lo,SMC
2wl_GGATGTTCAGGTCAGA-1,2wl,EC
lca_ld_CTACATTTCTTTCAGT-1,lca_ld,MP
lca_ld_CGGAACCGTACGATGG-1,lca_ld,EC
ctrl_lo_AACGTCACATTCCTAT-1,ctrl_lo,FB
rca_lo_CCGATGGTCTTACCAT-1,rca_lo,SMC
lca_l_CTTCAATGTATGATCC-1,lca_l,SMC
lca_l_TTGCGTCTCTTGATTC-1,lca_l,FB
rca_lo_TGTGAGTAGACTCGAG-1,rca_lo,SMC
rca_lo_GGTAACTAGGGCCTCT-1,rca_lo,SMC
rca_lo_AGGTAGGTCCGATGCG-1,rca_lo,SMC
ctrl_ld_AGCGATTTCCCGAGTG-1,ctrl_ld,EC
ctrl_lo_ACGCACGAGGGCGAAG-1,ctrl_lo,FB
lca_ld_GTGTTCCCAGTTCTAG-1,lca_ld,MP
lca_ld_CGTTCTGGTACTTCCC-1,lca_ld,MP
2wl_CATTGAGGTTTCGACA-1,2wl,SMC
2dl_AAAGGATCATCACAGT-1,2dl,EC
rca_l_ATCGTAGGTTTAGTCG-1,rca_l,FB
lca_lo_TCATTGTGTGCCTTTC-1,lca_lo,SMC
lca_ld_ATTGTTCGTGCACATT-1,lca_ld,SMC
ctrl_lo_GAGACCCCACTTCAGA-1,ctrl_lo,EC
ctrl_lo_CCTTGTGTCACCATCC-1,ctrl_lo,SMC
rca_lo_CACTTCGTCGTCTAAG-1,rca_lo,FB
2wl_CTGGACGCATTCCTAT-1,2wl,EC
lca_ld_ACCAACAGTGTTTACG-1,lca_ld,SMC
lca_ld_TGACAGTCAAAGCTAA-1,lca_ld,MP
pcsk9_wtd_ATGGGTTGTTAACAGA-1,pcsk9_wtd,SMC
rca_l_TAGCACACAGATTTCG-1,rca_l,SMC
lca_ld_GTCCACTCAAGTGACG-1,lca_ld,SMC
rca_lo_GAGGCAATCTCTCCGA-1,rca_lo,SMC
rca_ld_GATGATCCACACACTA-1,rca_ld,EC
lca_lo_CGGAACCAGGACACTG-1,lca_lo,MP
lca_ld_TCCTCCCAGCAATTAG-1,lca_ld,MP
rca_l_AGCGTCGTCTCGTTTA-1,rca_l,SMC
lca_ld_ACTACGATCCACAGCG-1,lca_ld,TC
lca_fl_GACCCTTCAGGCTATT-1,lca_fl,SMC
ctrl_wtd_TACCGAAAGCCATTTG-1,ctrl_wtd,SMC
lca_ld_TTTCACATCGGCGATC-1,lca_ld,DC
lca_lo_CGTGTCTAGCACCGTC-1,lca_lo,EC
lca_ld_GACGCTGAGTTGGGAC-1,lca_ld,SMC
lca_ld_CTGCATCAGCAAGCCA-1,lca_ld,MP
rca_lo_GACGCTGTCAACACCA-1,rca_lo,EC
lca_ld_AAGCGAGAGACATACA-1,lca_ld,SMC
2dl_ATTCTACTCCATTTCA-1,2dl,EC
lca_l_TATATCCGTGACACGA-1,lca_l,MP
lca_fl_CAAGAGGCACCAACAT-1,lca_fl,MP
lca_wtd_GAATCACAGTCACTCA-1,lca_wtd,MP
lca_wtd_GACGCTGAGCTAGATA-1,lca_wtd,MP
lca_ld_ACCCTCAAGATGGCGT-1,lca_ld,MP
rca_lo_TGTCAGAAGGACGCTA-1,rca_lo,EC
lca_ld_GTTACGAAGACTCGAG-1,lca_ld,MP
lca_l_AACGGGAAGGTGCCAA-1,lca_l,MP
lca_lo_ACTGATGTCCTCGCAT-1,lca_lo,SMC
lca_wtd_TGATTTCGTCGCGTCA-1,lca_wtd,SMC
lca_l_TACGGTACAGGACATG-1,lca_l,MP
ctrl_lo_AGGGCCTGTTTATGCG-1,ctrl_lo,FB
lca_ld_CACTGTCGTACTGCGC-1,lca_ld,MP
lca_lo_AACGTCATCACTACTT-1,lca_lo,DC
lca_l_TCCTCGAAGAGCATTA-1,lca_l,FB
rca_lo_CCACGTTTCCAGCCTT-1,rca_lo,SMC
rca_lo_ACAACCATCTCTCGAC-1,rca_lo,FB
lca_l_AGTGCCGAGGTCATCT-1,lca_l,FB
pcsk9_wtd_GCGGAAAGTTAAGAAC-1,pcsk9_wtd,SMC
2dl_TCGCACTCACTTGGCG-1,2dl,SMC
2wl_TCCTTCTAGGGACTGT-1,2wl,SMC
ctrl_fl_GACGTTAGTCTGCATA-1,ctrl_fl,EC
lca_lo_AGTGCCGGTCAAGCGA-1,lca_lo,SMC
rca_lo_GCGTTTCCATCAGCAT-1,rca_lo,SMC
ctrl_wtd_TACCTCGGTGCAGATG-1,ctrl_wtd,SMC
lca_l_CTACTATAGACGAAGA-1,lca_l,SMC
lca_ld_CAGAGCCTCAGTGGGA-1,lca_ld,EC
ctrl_ld_AGGTCATCACCCGTAG-1,ctrl_ld,EC
lca_lo_TGTGGCGTCGTCAGAT-1,lca_lo,MP
pcsk9_lo_AAGTGAAGTGAGTAGC-1,pcsk9_lo,EC
lca_ld_ACTATCTGTAAGTAGT-1,lca_ld,TC
lca_fl_TTTCATGTCTGGTGCG-1,lca_fl,MP
lca_ld_CTTCGGTTCCAAACCA-1,lca_ld,EC
lca_ld_CTTCCTTTCTGGGCAC-1,lca_ld,MP
lca_ld_TTCTAACGTAGGTTTC-1,lca_ld,EC
lca_ld_TCTCCGACAATTGCAC-1,lca_ld,SMC
lca_wtd_ACTGCAAGTTACCCAA-1,lca_wtd,TC
lca_ld_TCTATACCAGCGTTTA-1,lca_ld,NT
rca_lo_TCTGTCGGTCTTGTCC-1,rca_lo,FB
rca_lo_TATTTCGCAGCAAGAC-1,rca_lo,SMC
lca_l_TTTGGTTGTGAGTAGC-1,lca_l,MP
2wr_AGGCCACTCATCGACA-1,2wr,EC
ctrl_wtd_CGGAACCTCTGCGGCA-1,ctrl_wtd,SMC
ctrl_wtd_CTGGTCTGTGTTCGAT-1,ctrl_wtd,SMC
lca_ld_CCCTTAGCAGGGCTTC-1,lca_ld,MP
rca_ld_ACCATTTGTGTCCGGT-1,rca_ld,EC
lca_ld_TCTCAGCCATCCGGCA-1,lca_ld,EC
pcsk9_wtd_GGTGTCGCATCATCTT-1,pcsk9_wtd,SMC
lca_lo_AGAACAAAGGTACCTT-1,lca_lo,MP
lca_ld_GGCAGTCTCCTACAAG-1,lca_ld,EC
lca_l_GTGGTTAGTGTGCCTG-1,lca_l,SMC
rca_ld_CCGTAGGTCGAGATAA-1,rca_ld,EC
lca_ld_GAAGCCCTCTCATTAC-1,lca_ld,MP
lca_l_GCATTAGAGCGCCTAC-1,lca_l,SMC
lca_fl_GTCACGGAGGGAGAAT-1,lca_fl,SMC
2wl_TGAATGCTCGCTTTAT-1,2wl,MP
lca_f_CCCGGAATCGCCACTT-1,lca_f,DC
rca_lo_AGAGAATCAAAGGAGA-1,rca_lo,SMC
rca_wtd_GGCTTTCGTGCCGAAA-1,rca_wtd,EC
lca_l_GGAGGATAGGAATTAC-1,lca_l,FB
lca_ld_TCCAGAAAGGGCAGTT-1,lca_ld,EC
2dr_TTTACTGCACAACGCC-1,2dr,EC
pcsk9_fl_TCCTGCATCCGGGACT-1,pcsk9_fl,EC
2dr_GGAGAACAGCGTTCCG-1,2dr,EC
lca_ld_GCGTGCACAACCGCCA-1,lca_ld,MP
rca_lo_TTCCGGTGTTATCTTC-1,rca_lo,SMC
lca_ld_TAACACGCATGGTACT-1,lca_ld,MP
rca_lo_TGTTCTATCCCTGGTT-1,rca_lo,SMC
lca_l_TTCATTGGTCCGATCG-1,lca_l,FB
rca_lo_GCTACAAAGTATGGCG-1,rca_lo,SMC
rca_lo_TGTTGGACAGTTAGAA-1,rca_lo,FB
rca_lo_TAACGACCAAATGATG-1,rca_lo,SMC
lca_fl_TTTGATCGTGTAACGG-1,lca_fl,SMC
rca_fl_TATACCTTCGAGAACG-1,rca_fl,EC
rca_wtd_TGAGCATCACCACTGG-1,rca_wtd,SMC
lca_ld_ACAGAAATCTTCACAT-1,lca_ld,SMC
lca_ld_CACATGACAAGAGGTC-1,lca_ld,SMC
pcsk9_fl_TGCTCGTGTATAATGG-1,pcsk9_fl,EC
ctrl_lo_ACATGCAAGCCATATC-1,ctrl_lo,EC
lca_l_CCACAAATCCTGTAGA-1,lca_l,SMC
rca_lo_TGCTGAAAGCTTAAGA-1,rca_lo,SMC
lca_ld_CTACGGGCAGGTACGA-1,lca_ld,MP
lca_ld_CGCAGGTCACTTCAAG-1,lca_ld,MP
2wr_TCGCACTCACGGTGTC-1,2wr,EC
pcsk9_lo_ACGGGTCTCGGCTTCT-1,pcsk9_lo,EC
lca_ld_GAACACTAGCAGCCCT-1,lca_ld,MP
lca_ld_ACCAACAGTATCGAGG-1,lca_ld,MP
lca_ld_TTGGGCGAGATACGAT-1,lca_ld,MP
lca_lo_GTAAGTCTCATGGAGG-1,lca_lo,MP
ctrl_lo_GTCTCACTCTCTCAAT-1,ctrl_lo,SMC
lca_ld_TGCTCGTTCCTACTGC-1,lca_ld,MP
ctrl_wtd_TGACGCGAGACTTAAG-1,ctrl_wtd,SMC
lca_ld_TGTCCACAGTTACGGG-1,lca_ld,SMC
lca_ld_GCGGAAAGTACGTTCA-1,lca_ld,TC
lca_ld_CCGGACAGTGCAACGA-1,lca_ld,EC
ctrl_wtd_ATGACCACATATTCGG-1,ctrl_wtd,SMC
rca_lo_AGGTAGGTCTTTGGAG-1,rca_lo,SMC
lca_ld_ACTTAGGCATTAGGAA-1,lca_ld,MP
lca_ld_TGTCCCACATGCACTA-1,lca_ld,EC
rca_lo_TCCCAGTTCACTACTT-1,rca_lo,SMC
2dr_ATTACCTCAAATGCGG-1,2dr,EC
lca_ld_CAGTTAGGTCCTGTTC-1,lca_ld,SMC
lca_ld_GCTGGGTTCAAGAAAC-1,lca_ld,MP
lca_lo_TTTGTTGCAATCGCGC-1,lca_lo,MP
rca_fl_GATTGGTGTGAGAGGG-1,rca_fl,EC
lca_ld_TGAATGCAGGTGCAGT-1,lca_ld,MP
ctrl_lo_AGCGTCGTCCTCGATC-1,ctrl_lo,SMC
rca_l_TGGTGATGTCCCGTGA-1,rca_l,EC
lca_ld_ATTTCACGTGTTCGTA-1,lca_ld,EC
lca_ld_CGTAAGTGTCAAACGG-1,lca_ld,MP
lca_ld_CCCTCAACAGGTGTGA-1,lca_ld,MP
lca_ld_AAGCGAGAGGATTACA-1,lca_ld,EC
lca_l_TCTGTCGTCCGAAATC-1,lca_l,FB
pcsk9_lo_TCAATTCAGTTTCAGC-1,pcsk9_lo,SMC
2dr_TACCCACAGGAAGAAC-1,2dr,EC
lca_wtd_GGCAGTCCAGTGCGCT-1,lca_wtd,TC
pcsk9_lo_CAGGCCATCTGACGCG-1,pcsk9_lo,EC
pcsk9_wtd_GCAGTTACACGACGAA-1,pcsk9_wtd,SMC
2wl_CTACCCATCACCTGGG-1,2wl,EC
lca_wtd_GTTATGGAGTCCGCCA-1,lca_wtd,MP
lca_ld_TTCTTCCGTGTGGACA-1,lca_ld,MP
lca_fl_GGGCCATGTGTTGATC-1,lca_fl,MP
lca_ld_TGCAGGCAGGGACCAT-1,lca_ld,MP
lca_ld_GCCAGCACATAGCTGT-1,lca_ld,MP
lca_wtd_CTCAGGGAGCAGGTCA-1,lca_wtd,TC
ctrl_lo_TACAACGGTTGATGTC-1,ctrl_lo,SMC
lca_ld_GTGCAGCTCGCTGATA-1,lca_ld,MP
lca_fl_TTTCAGTAGCACCAGA-1,lca_fl,SMC
lca_l_TCTATCACAGCCGTTG-1,lca_l,SMC
2dr_AGGGAGTAGAAGCCAC-1,2dr,EC
2wl_CGAGTTAAGGTCACCC-1,2wl,MP
lca_ld_ACGGTTATCCACAAGT-1,lca_ld,MP
lca_ld_ACCTGTCTCCTAGAGT-1,lca_ld,MP
lca_ld_CCGATCTGTATTCCGA-1,lca_ld,MP
lca_lo_CCAATTTGTCTTGAGT-1,lca_lo,FB
lca_ld_AAGGTAATCGAGATAA-1,lca_ld,SMC
ctrl_wtd_ACTATGGTCCTTATCA-1,ctrl_wtd,SMC
lca_ld_AGGTGTTGTCGGCTAC-1,lca_ld,DC
pcsk9_lo_CCACTTGCAGGTATGG-1,pcsk9_lo,SMC
lca_ld_TGATGCATCGTCTCAC-1,lca_ld,MP
rca_wtd_GTTGTAGTCCGAGAAG-1,rca_wtd,DC
rca_lo_AATGGAATCCACATAG-1,rca_lo,SMC
2wl_ATGTCCCTCTTGCGCT-1,2wl,MP
2wl_GAACGTTCACACACTA-1,2wl,SMC
lca_ld_CTAACTTCACTACCCT-1,lca_ld,MP
pcsk9_wtd_CACTGTCAGGCATTTC-1,pcsk9_wtd,FB
rca_l_TAACACGGTGATAGTA-1,rca_l,SMC
lca_ld_AGGGTCCAGGAAGAAC-1,lca_ld,MP
rca_l_TTCCTTCGTCTAGTGT-1,rca_l,EC
rca_lo_TTACCATGTAAGTTGA-1,rca_lo,FB
ctrl_lo_AATCACGCAGAGAGGG-1,ctrl_lo,SMC
lca_ld_TTGACCCCACGGCACT-1,lca_ld,MP
rca_l_AAGCATCGTGGCTACC-1,rca_l,SMC
rca_l_ACTATTCTCGCATGAT-1,rca_l,SMC
2dl_AGTGACTTCCAACCAA-1,2dl,EC
2wr_CTAGGTACACTCGATA-1,2wr,EC
lca_ld_TAACCAGGTTCGAGCC-1,lca_ld,MP
lca_ld_GGAGGATAGCCTATTG-1,lca_ld,MP
ctrl_wtd_GGGTTATAGCTCCGAC-1,ctrl_wtd,SMC
lca_ld_CGGTCAGGTAGGACTG-1,lca_ld,SMC
pcsk9_wtd_TCTCAGCGTACCTAGT-1,pcsk9_wtd,FB
lca_fl_TATCGCCCAAGCGGAT-1,lca_fl,MP
lca_ld_GATCACATCATTCTTG-1,lca_ld,MP
pcsk9_wtd_GCAGCCAAGCGACCCT-1,pcsk9_wtd,SMC
rca_wtd_ATAGAGATCCTACCGT-1,rca_wtd,SMC
rca_l_ATCTTCATCGAGAATA-1,rca_l,FB
2dl_CCTCTCCGTATTCCGA-1,2dl,FB
pcsk9_lo_TTCGCTGCATTGTGCA-1,pcsk9_lo,SMC
pcsk9_lo_GTGTTAGGTCGTACAT-1,pcsk9_lo,SMC
ctrl_wtd_AAACGAACATCCTTGC-1,ctrl_wtd,SMC
lca_ld_TTTGATCGTGATCGTT-1,lca_ld,MP
ctrl_wtd_GGTGGCTCAACTAGAA-1,ctrl_wtd,FB
pcsk9_lo_CATCCCAAGACCCTTA-1,pcsk9_lo,SMC
lca_wtd_TGCTCGTGTGAGCTCC-1,lca_wtd,DC
lca_wtd_GCTTCACCAACCGTAT-1,lca_wtd,MP
lca_ld_CGTGATAAGAGTCAAT-1,lca_ld,MP
rca_wtd_TTAGGCATCGAACCAT-1,rca_wtd,FB
ctrl_lo_GTTAGACTCTCGCCTA-1,ctrl_lo,SMC
rca_fl_CAAGACTTCTCCAAGA-1,rca_fl,EC
rca_wtd_ACATCGAGTGTACAGG-1,rca_wtd,MP
rca_lo_TGATTTCAGAAGCCAC-1,rca_lo,FB
lca_ld_GAGTGAGGTACTCCGG-1,lca_ld,MP
lca_ld_ACCTGTCCAGCTGCCA-1,lca_ld,MP
rca_lo_GCATCTCTCTACACTT-1,rca_lo,FB
pcsk9_ld_TCATTTGAGGCAGTCA-1,pcsk9_ld,FB
lca_l_CAGGGCTCACGTTCGG-1,lca_l,FB
lca_fl_CATACTTTCTTAGCTT-1,lca_fl,NT
pcsk9_lo_GGGTGAAAGAAGCCAC-1,pcsk9_lo,SMC
lca_ld_GTTCCGTTCGCTCTAC-1,lca_ld,EC
rca_lo_GTGGCGTGTGTATCCA-1,rca_lo,FB
lca_fl_GTCTGTCTCTGTCCCA-1,lca_fl,DC
lca_ld_ATTTCACAGCGGTATG-1,lca_ld,MP
lca_fl_GTGAGCCTCACGGTCG-1,lca_fl,MP
lca_ld_GGGAGATTCGAGTTGT-1,lca_ld,FB
lca_ld_CCTCCTCTCAGAACCT-1,lca_ld,MP
rca_ld_TGACAGTTCCTTATGT-1,rca_ld,EC
lca_ld_TTCACCGTCTGACAGT-1,lca_ld,EC
rca_lo_CCACTTGTCCTAGCTC-1,rca_lo,FB
lca_ld_CGTAAGTTCCGTAGGC-1,lca_ld,MP
pcsk9_wtd_TCATTTGTCTTCCACG-1,pcsk9_wtd,SMC
ctrl_lo_CCAAGCGAGATACGAT-1,ctrl_lo,SMC
lca_lo_AAGTGAAGTGGTCTGC-1,lca_lo,MP
lca_fl_ACGGAAGCAAGTGACG-1,lca_fl,MP
rca_lo_GAAGGACAGTCTGTAC-1,rca_lo,FB
lca_ld_CAACAACTCGCGAAGA-1,lca_ld,SMC
rca_lo_CGTTGGGCAAGCCTGC-1,rca_lo,FB
lca_ld_CGGACACGTCATGGCC-1,lca_ld,MP
2wl_ACCCAAAAGCACTCGC-1,2wl,SMC
lca_fl_CATCCACAGTCCCGAC-1,lca_fl,MP
rca_ld_CAACAGTGTGTGTTTG-1,rca_ld,EC
lca_l_CCCAACTCAGTGAGCA-1,lca_l,FB
lca_lo_TGCGACGGTGGCCACT-1,lca_lo,FB
lca_ld_AAACGCTTCGCAATTG-1,lca_ld,SMC
ctrl_lo_CGCATAATCCACAAGT-1,ctrl_lo,FB
rca_lo_TATGTTCTCGGAGTAG-1,rca_lo,SMC
lca_l_GTCACTCTCGCTGATA-1,lca_l,MP
rca_lo_ACGATCAGTCTCGGAC-1,rca_lo,FB
lca_ld_GTCCCATAGAGACAAG-1,lca_ld,MP
rca_lo_CAGCACGCACTTGTCC-1,rca_lo,SMC
lca_ld_ACTTATCAGCGGTATG-1,lca_ld,EC
lca_ld_CTGTCGTCATGACTCA-1,lca_ld,SMC
ctrl_wtd_CCCTGATGTCTACTGA-1,ctrl_wtd,SMC
ctrl_lo_GACTATGTCCCGTTGT-1,ctrl_lo,EC
rca_wtd_ATCGTGACATGACGGA-1,rca_wtd,FB
lca_lo_AGGTTGTCATGAAGGC-1,lca_lo,FB
2wl_GAGATGGCAAGCGAGT-1,2wl,EC
lca_lo_TCAGCAACAAGGTCGA-1,lca_lo,SMC
pcsk9_wtd_CTCAGTCCACATTCGA-1,pcsk9_wtd,SMC
rca_ld_CAAAGAACACCGTCTT-1,rca_ld,EC
lca_ld_TGGGATTTCAGTGATC-1,lca_ld,MP
rca_lo_TGCTTCGTCACTTGTT-1,rca_lo,FB
lca_ld_GAACTGTGTGAACTAA-1,lca_ld,MP
lca_wtd_TTCCTTCGTTGGAGGT-1,lca_wtd,FB
rca_l_GTTACGAGTTTACGAC-1,rca_l,SMC
lca_ld_TCAGTTTCAGAGTCTT-1,lca_ld,MP
pcsk9_wtd_GCTCAAAGTCGTGATT-1,pcsk9_wtd,SMC
lca_wtd_ATCGTGAGTCCTCCAT-1,lca_wtd,DC
ctrl_lo_ACCCTTGCATCGGCCA-1,ctrl_lo,FB
lca_ld_TGGTTAGTCTTCTTCC-1,lca_ld,SMC
lca_wtd_TCTACCGCATTGAGGG-1,lca_wtd,TC
ctrl_wtd_GACATCATCAATCCAG-1,ctrl_wtd,FB
pcsk9_wtd_ACCAAACGTACCGCGT-1,pcsk9_wtd,FB
lca_ld_GACCAATTCGACGCTG-1,lca_ld,SMC
rca_lo_TTACGCCAGCGACTTT-1,rca_lo,FB
lca_ld_GGGTCTGCAAACAGGC-1,lca_ld,MP
lca_ld_CACAGGCAGATTAGCA-1,lca_ld,SMC
rca_l_CTGCCATAGACCAACG-1,rca_l,EC
2dr_CTACAGACACGCTGAC-1,2dr,EC
rca_l_CACTGTCTCAGTGTGT-1,rca_l,SMC
lca_wtd_TGATGCACACCGCTAG-1,lca_wtd,FB
lca_ld_CCTCACATCGTCGGGT-1,lca_ld,MP
rca_lo_TTCCACGCAGCATCTA-1,rca_lo,SMC
lca_ld_TCAGTTTGTACCTAAC-1,lca_ld,SMC
rca_wtd_AGGTAGGGTGCCTACG-1,rca_wtd,SMC
pcsk9_wtd_GGAATCTCAGCGATTT-1,pcsk9_wtd,SMC
lca_l_TCATATCGTTCTCCTG-1,lca_l,MP
lca_wtd_CTAACCCTCTCTGAGA-1,lca_wtd,SMC
rca_wtd_GATGATCTCGCTAAAC-1,rca_wtd,FB
2wr_AACGAAATCGCCGAAC-1,2wr,EC
ctrl_lo_TCACATTTCTGCATAG-1,ctrl_lo,EC
lca_wtd_TGGAGGACATCGAACT-1,lca_wtd,TC
lca_fl_CACAACATCGATTCCC-1,lca_fl,NT
rca_ld_TGTGATGAGGTCGTAG-1,rca_ld,EC
pcsk9_wtd_GGTGGCTGTGAGTAGC-1,pcsk9_wtd,SMC
lca_ld_TCGTGGGCATGGATCT-1,lca_ld,MP
rca_lo_GCCAGGTTCGGCACTG-1,rca_lo,FB
lca_fl_GCTTCACAGTCCCGAC-1,lca_fl,MP
lca_ld_ATGCCTCTCGAGAAAT-1,lca_ld,MP
pcsk9_ld_CCTCTAGGTGGATACG-1,pcsk9_ld,EC
lca_lo_GGGTGTCCAGGATTCT-1,lca_lo,SMC
lca_ld_AAGTGAACAGCACGAA-1,lca_ld,EC
2wl_TCACATTGTGTCTTCC-1,2wl,MP
lca_lo_AAGCGAGGTACCCAGC-1,lca_lo,SMC
lca_fl_CATTGAGAGCGTTACT-1,lca_fl,MP
rca_ld_ACGTAGTTCGTTAGAC-1,rca_ld,EC
2wr_TTGGTTTTCTCGTGAA-1,2wr,EC
ctrl_wtd_CGTGTCTAGAATTGTG-1,ctrl_wtd,SMC
lca_l_GTGTGATAGGGACACT-1,lca_l,MP
rca_ld_AGGGAGTTCAAACCCA-1,rca_ld,EC
lca_fl_CGATGGCTCTCTAAGG-1,lca_fl,MP
rca_l_CTGGCAGCAGGTCTCG-1,rca_l,SMC
lca_ld_GGAGGATTCACCGGGT-1,lca_ld,NT
ctrl_fl_CAACAACCAAATACGA-1,ctrl_fl,EC
lca_ld_ACATTTCGTGAGACGT-1,lca_ld,MP
rca_wtd_GAGCCTGCATGGCGCT-1,rca_wtd,SMC
lca_ld_AACTTCTTCTGACCCT-1,lca_ld,MP
lca_fl_CTGAGCGGTTGCTTGA-1,lca_fl,EC
lca_wtd_CCTGCATTCGTCAAAC-1,lca_wtd,FB
rca_wtd_CTGAGCGCATCGTGCG-1,rca_wtd,FB
lca_ld_TTCCGGTAGCTAGATA-1,lca_ld,MP
lca_l_AATCACGAGTAACCGG-1,lca_l,FB
ctrl_wtd_ATAGACCCACAACGCC-1,ctrl_wtd,SMC
pcsk9_wtd_AGAACAAGTTGGAGGT-1,pcsk9_wtd,SMC
2wl_GAGAAATAGCAACAGC-1,2wl,MP
2wr_GATCCCTTCTGGCCTT-1,2wr,EC
ctrl_wtd_TCAGTTTTCGGACAAG-1,ctrl_wtd,SMC
lca_ld_CTATCCGGTGTTTCTT-1,lca_ld,MP
lca_lo_ATGACCAGTAAGCGGT-1,lca_lo,FB
ctrl_lo_TCCGAAAAGCTTGTTG-1,ctrl_lo,SMC
lca_ld_AGACCCGGTCTTGTCC-1,lca_ld,SMC
ctrl_wtd_AGTGACTGTCCAGAAG-1,ctrl_wtd,SMC
lca_ld_TCGACGGCACGCGCTA-1,lca_ld,EC
lca_lo_TTTGTTGAGACGCCAA-1,lca_lo,SMC
lca_ld_ACGGTTACATTAAGCC-1,lca_ld,MP
lca_wtd_AGGACGAAGTAACCTC-1,lca_wtd,MP
lca_ld_GACTGATAGACCAGAC-1,lca_ld,EC
rca_lo_CTACATTCATCGATGT-1,rca_lo,FB
lca_l_TTGCATTTCTATGTGG-1,lca_l,FB
lca_ld_ATATCCTCACAACATC-1,lca_ld,MP
lca_fl_ACATGCATCTTTGGAG-1,lca_fl,MP
lca_l_ATCGTGAAGCACTAAA-1,lca_l,EC
ctrl_lo_AGACAAACAGTGCCTG-1,ctrl_lo,SMC
ctrl_wtd_TCTCAGCTCCTACGAA-1,ctrl_wtd,EC
lca_ld_CCTCAGTAGGACTATA-1,lca_ld,MP
lca_ld_AGAACCTCAGTTTCAG-1,lca_ld,MP
lca_ld_TGCTTGCTCAATCTCT-1,lca_ld,EC
rca_wtd_CCAAGCGGTCGCTGCA-1,rca_wtd,SMC
lca_ld_AGAGAGCAGTGCTAGG-1,lca_ld,MP
lca_ld_TAGGTACAGGCCTGAA-1,lca_ld,SMC
pcsk9_lo_TCAGCCTAGGTCGTGA-1,pcsk9_lo,SMC
lca_ld_TGCAGGCAGCCTTGAT-1,lca_ld,SMC
lca_ld_TTAGGGTGTCTCTCAC-1,lca_ld,SMC
lca_ld_CCGGGTAAGTAGACCG-1,lca_ld,MP
lca_ld_CCTCAACGTCATGCAT-1,lca_ld,EC
lca_ld_CCATAAGGTCATCACA-1,lca_ld,DC
ctrl_lo_ATGGGAGTCAAGGAGC-1,ctrl_lo,FB
rca_l_TGAGACTTCTAAGAAG-1,rca_l,EC
rca_l_ATTCACTCAGTAGGAC-1,rca_l,SMC
rca_lo_TTGCTGCCATGGAATA-1,rca_lo,SMC
ctrl_lo_GTCACGGGTCGTAATC-1,ctrl_lo,SMC
lca_fl_CCCAACTTCATTGGTG-1,lca_fl,MP
rca_lo_TTGCGTCCATTGTGCA-1,rca_lo,FB
lca_wtd_CAGAGCCAGTTTAGGA-1,lca_wtd,TC
lca_fl_CAGGCCAAGACTACCT-1,lca_fl,EC
lca_l_AATCGTGCAGACCCGT-1,lca_l,SMC
lca_ld_TCATACTAGGTTCACT-1,lca_ld,SMC
lca_fl_CTATAGGTCTCAGTCC-1,lca_fl,MP
lca_wtd_AATGGCTCAGCAGTAG-1,lca_wtd,FB
lca_ld_ACGTACAAGCACCGAA-1,lca_ld,MP
lca_ld_TCCTGCAGTGAGCTCC-1,lca_ld,EC
lca_ld_AGACCATTCAGCTGAT-1,lca_ld,MP
lca_ld_CGGACACCATGGCACC-1,lca_ld,MP
lca_wtd_AGGACTTAGGCACCAA-1,lca_wtd,MP
lca_fl_GACACGCCAGCTCCTT-1,lca_fl,MP
ctrl_wtd_CATCCGTCACAGGATG-1,ctrl_wtd,SMC
rca_l_ATTGGGTCATCGATAC-1,rca_l,FB
2wl_CCTATCGGTTTAAGGA-1,2wl,EC
rca_lo_TGTAAGCGTCGCTTAA-1,rca_lo,EC
rca_lo_CGTTCTGTCGGACTTA-1,rca_lo,EC
pcsk9_wtd_GTTGTAGTCAAAGAAC-1,pcsk9_wtd,SMC
lca_l_ATCTTCATCGGTGAAG-1,lca_l,TC
rca_wtd_AGCTACAAGTGCACCC-1,rca_wtd,FB
rca_wtd_TAGACTGAGTGAGTGC-1,rca_wtd,SMC
lca_fl_GCCAGGTAGTACCATC-1,lca_fl,DC
lca_ld_GACCCTTCAAGCCATT-1,lca_ld,DC
ctrl_wtd_GATCGTAGTCACAATC-1,ctrl_wtd,SMC
rca_lo_TTTCACACAAAGGTTA-1,rca_lo,FB
lca_fl_GTGCAGCGTCCTGTCT-1,lca_fl,MP
lca_l_TCTTCCTCACGTCTCT-1,lca_l,EC
lca_l_CCTATCGAGGTACATA-1,lca_l,SMC
rca_lo_AGGTCATCATCCTAAG-1,rca_lo,SMC
rca_lo_GAGATGGGTATCGGTT-1,rca_lo,FB
lca_fl_AGTACCACACACGGTC-1,lca_fl,MP
rca_lo_TTTACGTCAGTTAGAA-1,rca_lo,SMC
lca_ld_TCATATCCACTGGCGT-1,lca_ld,SMC
rca_lo_TCTTCCTTCTGTGCTC-1,rca_lo,SMC
pcsk9_lo_CACTGTCCAGCATGCC-1,pcsk9_lo,FB
rca_lo_GAGTCTAGTCTTGCTC-1,rca_lo,SMC
ctrl_lo_AAGTACCCATGATGCT-1,ctrl_lo,SMC
lca_lo_TTACCATCAACAGATA-1,lca_lo,MP
lca_ld_CCACCATTCAGGACAG-1,lca_ld,MP
lca_wtd_ACTTATCTCGCCAGTG-1,lca_wtd,FB
pcsk9_lo_AGGGAGTTCCAGCACG-1,pcsk9_lo,SMC
lca_fl_ACATCCCCAATTTCTC-1,lca_fl,SMC
pcsk9_ld_CCATCACGTCATCGCG-1,pcsk9_ld,EC
lca_ld_CGAAGGACACCTGTCT-1,lca_ld,EC
lca_ld_TGTTACTGTCCCTCAT-1,lca_ld,MP
lca_ld_GTCTACCAGGGCTAAC-1,lca_ld,MP
lca_ld_ATTCTACAGTCATGAA-1,lca_ld,MP
rca_lo_ATTCCCGCACCTGATA-1,rca_lo,SMC
ctrl_wtd_TGCAGATCATGTGTCA-1,ctrl_wtd,FB
pcsk9_wtd_CTTTCAATCGAACCAT-1,pcsk9_wtd,FB
lca_ld_CTACCTGGTCAGTTTG-1,lca_ld,MP
lca_l_AAGACTCCAGAAATCA-1,lca_l,FB
rca_lo_TCCTCCCCATCCTATT-1,rca_lo,FB
pcsk9_lo_TCATGGAAGCGACTGA-1,pcsk9_lo,EC
2wl_TTTACGTAGCGACAGT-1,2wl,EC
rca_wtd_CGAGGAAGTGGCTTAT-1,rca_wtd,SMC
rca_ld_CTGTAGACACGGCGTT-1,rca_ld,EC
rca_l_TGCGGCAGTAGTTAGA-1,rca_l,FB
lca_ld_CTGTACCAGAGTTGTA-1,lca_ld,SMC
pcsk9_wtd_GGTAGAGTCCAACACA-1,pcsk9_wtd,SMC
lca_lo_ATATCCTGTCAAAGTA-1,lca_lo,NT
rca_lo_CTACCCACATCCTTGC-1,rca_lo,SMC
2wl_AAGTCGTTCCCTCAAC-1,2wl,EC
ctrl_wtd_AACAAGAGTCATCACA-1,ctrl_wtd,SMC
lca_ld_AGAGAATCAAGAGGTC-1,lca_ld,MP
rca_lo_CGATCGGTCAGCGCGT-1,rca_lo,SMC
rca_lo_TTCTTCCCACTGATTG-1,rca_lo,SMC
ctrl_lo_TAAGCCATCCCTCTAG-1,ctrl_lo,SMC
pcsk9_ld_TCTGTCGAGCTTTCTT-1,pcsk9_ld,EC
lca_l_CATGGTAAGGCACTAG-1,lca_l,MP
lca_l_TCTCCGATCATTTGCT-1,lca_l,MP
lca_ld_GTCAAACCAATAACCC-1,lca_ld,NT
lca_ld_ATGGGAGGTCTCACAA-1,lca_ld,MP
lca_l_TCCTCCCCAAGCGATG-1,lca_l,SMC
lca_l_CATTGTTGTGGTTTGT-1,lca_l,SMC
2wl_CCGCAAGCATTGACCA-1,2wl,NK
2dl_GAAGTAACAAACACGG-1,2dl,EC
pcsk9_lo_CATCCCACATACAGCT-1,pcsk9_lo,SMC
rca_wtd_CGATCGGGTTACCTGA-1,rca_wtd,SMC
lca_fl_TTGGGATAGGTAAACT-1,lca_fl,MP
lca_ld_CACGGGTAGCTTACGT-1,lca_ld,MP
lca_ld_AGCGTCGGTATCGTGT-1,lca_ld,MP
lca_fl_AGCGTCGCAGACGCTC-1,lca_fl,TC
pcsk9_lo_CAGAGCCGTTCTAAGC-1,pcsk9_lo,SMC
lca_ld_AAAGGGCCAACACAGG-1,lca_ld,DC
pcsk9_wtd_GCTTTCGCATAACCCA-1,pcsk9_wtd,SMC
ctrl_wtd_GATGACTAGTAGCATA-1,ctrl_wtd,FB
lca_lo_GAGTCATCAAATGGTA-1,lca_lo,BC
lca_ld_CTACCCATCCGAGAAG-1,lca_ld,SMC
lca_l_ACCTGTCCAATAGTAG-1,lca_l,FB
ctrl_lo_CACTGTCCAATGCTCA-1,ctrl_lo,FB
lca_ld_TTCATGTGTAGCTTTG-1,lca_ld,MP
2wl_GTTCGCTTCCATACTT-1,2wl,SMC
lca_ld_GTAATGCTCCGTATGA-1,lca_ld,EC
lca_l_TGTGCGGGTGTCCAAT-1,lca_l,MP
lca_l_AGCGTATAGGAAGTCC-1,lca_l,SMC
lca_ld_TCTGCCAAGTACGTCT-1,lca_ld,SMC
ctrl_lo_CGTAATGAGACCTTTG-1,ctrl_lo,EC
rca_lo_GACTGATAGGTGCTAG-1,rca_lo,EC
lca_l_TATCGCCGTTGCGGCT-1,lca_l,SMC
lca_ld_TTAGGGTGTCGTACTA-1,lca_ld,MP
lca_ld_TGACTCCTCTCTTGCG-1,lca_ld,SMC
lca_fl_CGATCGGCACGGTGAA-1,lca_fl,MP
pcsk9_wtd_TTTAGTCAGGTGATCG-1,pcsk9_wtd,SMC
lca_l_TGATCAGTCTCTATGT-1,lca_l,NT
lca_ld_CAACGATGTTGTTGCA-1,lca_ld,MP
rca_lo_AAAGAACGTGGTCAAG-1,rca_lo,EC
pcsk9_wtd_CTCCTCCGTTTCCCAC-1,pcsk9_wtd,SMC
2dr_AATCACGCAGCACACC-1,2dr,EC
ctrl_lo_TTCATGTGTGTTAACC-1,ctrl_lo,SMC
pcsk9_lo_CAAGACTTCATAGACC-1,pcsk9_lo,EC
rca_wtd_CAGGGCTCAGGTCCCA-1,rca_wtd,SMC
lca_ld_TGATGGTAGTCTAACC-1,lca_ld,SMC
lca_ld_AGTGCCGTCACTCGAA-1,lca_ld,MP
ctrl_lo_CGTCAAAGTTGATGTC-1,ctrl_lo,FB
lca_ld_TTGTGGACACTTCTCG-1,lca_ld,MP
lca_lo_GTCCACTCAGAGACTG-1,lca_lo,SMC
lca_fl_GAGGGATCACTCAAGT-1,lca_fl,TC
lca_ld_TTTGTTGGTAAGATTG-1,lca_ld,MP
lca_l_TCGTGCTAGACCAGCA-1,lca_l,FB
lca_fl_GAGTCTAAGCAAATCA-1,lca_fl,TC
lca_ld_ACGATCAGTGGTCAAG-1,lca_ld,EC
rca_lo_TGAGACTCAGATACCT-1,rca_lo,FB
lca_l_GCCAGGTCACACACTA-1,lca_l,FB
lca_ld_GCAGCTGGTAATACCC-1,lca_ld,MP
rca_lo_TTGACCCGTCAAATCC-1,rca_lo,FB
pcsk9_ld_GCCAGTGGTCGATTTG-1,pcsk9_ld,EC
rca_l_ATTACCTGTTTCCAAG-1,rca_l,EC
pcsk9_lo_CGAGAAGCACTTGGGC-1,pcsk9_lo,SMC
lca_fl_CATGAGTCAACAAAGT-1,lca_fl,EC
lca_ld_TCTCTGGGTGGTTTAC-1,lca_ld,MP
rca_l_CTACTATTCTAGTTCT-1,rca_l,EC
2wl_CGTCCATCAATCAAGA-1,2wl,EC
lca_ld_CCACCATAGATGTTGA-1,lca_ld,MP
pcsk9_wtd_CCCGGAAGTAAGATAC-1,pcsk9_wtd,SMC
lca_ld_TGAATGCAGTGCCTCG-1,lca_ld,MP
2wl_ACATCCCTCACTCCGT-1,2wl,MP
lca_ld_GACACGCGTCCAGCGT-1,lca_ld,MP
ctrl_lo_TCCTGCAAGTTGTCAC-1,ctrl_lo,EC
lca_lo_GCACGGTCACAGGATG-1,lca_lo,MP
rca_lo_GGAGAACAGTCTTCGA-1,rca_lo,SMC
ctrl_lo_ACGGTTACATCTGCGG-1,ctrl_lo,FB
pcsk9_lo_GTTCATTAGACCTCCG-1,pcsk9_lo,FB
lca_ld_CATTGTTAGTAGTCCT-1,lca_ld,MP
2dr_TTCGCTGAGAAGCCTG-1,2dr,EC
lca_l_CTTCCGAGTGATGAAT-1,lca_l,FB
pcsk9_wtd_AACCCAACAGTCAGTT-1,pcsk9_wtd,FB
lca_ld_AATTCCTAGATACGAT-1,lca_ld,EC
rca_l_ACTTCCGCATACCACA-1,rca_l,SMC
lca_ld_AAAGGTAGTACCACGC-1,lca_ld,MP
lca_ld_CTGGCAGGTATTCTCT-1,lca_ld,MP
pcsk9_lo_GAACACTAGCTAGCCC-1,pcsk9_lo,SMC
pcsk9_wtd_TGTCAGATCGAGATGG-1,pcsk9_wtd,FB
lca_ld_AATGCCACACCACATA-1,lca_ld,MP
pcsk9_wtd_CTCCGATTCGCCAATA-1,pcsk9_wtd,SMC
lca_fl_ATCTTCACACCGGTCA-1,lca_fl,DC
lca_fl_CTGAGGCTCACTTATC-1,lca_fl,TC
pcsk9_ld_CAGTGCGGTAATCAGA-1,pcsk9_ld,EC
pcsk9_lo_TCATGAGCACGACGCT-1,pcsk9_lo,MP
lca_ld_TCGACGGTCATGAGAA-1,lca_ld,EC
lca_ld_CCGATGGCAGAGTAAT-1,lca_ld,MP
ctrl_lo_ACCTGAATCTAGTGTG-1,ctrl_lo,EC
lca_lo_AGTCTCCAGCACCTGC-1,lca_lo,TC
lca_fl_TACACCCAGAGGGTGG-1,lca_fl,MP
lca_ld_GCATCTCGTCTCACGG-1,lca_ld,MP
lca_lo_CGTAAGTCACGCTGCA-1,lca_lo,FB
lca_ld_GGCTTTCAGAGTACCG-1,lca_ld,EC
lca_ld_TCGGGCAGTGCCTAAT-1,lca_ld,MP
lca_wtd_TTTCGATGTCATAGTC-1,lca_wtd,TC
lca_ld_TCAGTCCCATGAGGGT-1,lca_ld,MP
lca_l_GTTGTAGTCGCAATGT-1,lca_l,FB
pcsk9_lo_CATCGGGTCGGCCAAC-1,pcsk9_lo,SMC
ctrl_lo_TGAATGCAGTCTTCCC-1,ctrl_lo,FB
2wl_ATTTACCGTAATGTGA-1,2wl,MP
ctrl_wtd_TCGAACACATTGGATC-1,ctrl_wtd,SMC
lca_l_AGACTCACACGTCTCT-1,lca_l,SMC
2dl_CACACAAGTCTTCCGT-1,2dl,MP
rca_lo_CAGCAATTCTATGCCC-1,rca_lo,SMC
ctrl_fl_TGCATCCTCGCCAGAC-1,ctrl_fl,EC
rca_lo_CATAAGCGTGGCTACC-1,rca_lo,SMC
2wr_TCTTGCGGTTCAGCGC-1,2wr,EC
lca_ld_GAAATGACATAGCACT-1,lca_ld,SMC
lca_l_CCTTTGGTCAAATGAG-1,lca_l,FB
rca_lo_TCAGGTACAACAGCTT-1,rca_lo,SMC
lca_fl_TTCCACGAGTCATAGA-1,lca_fl,TC
lca_fl_ACACTGAAGCACCGTC-1,lca_fl,TC
lca_ld_CGTAAGTTCGCTTGAA-1,lca_ld,MP
lca_l_GTCCCATGTCGCTGCA-1,lca_l,FB
lca_ld_GAGGCAACAGAACATA-1,lca_ld,SMC
rca_lo_CATACCCAGAACGCGT-1,rca_lo,FB
lca_lo_CGCATGGAGTCGGCCT-1,lca_lo,SMC
pcsk9_wtd_AACAACCTCGTCCTCA-1,pcsk9_wtd,SMC
lca_l_AGCGTCGAGCTAGTTC-1,lca_l,SMC
lca_l_TCAATTCCATCCGCGA-1,lca_l,SMC
ctrl_lo_TGAGCGCTCCACTGGG-1,ctrl_lo,EC
lca_ld_AGGGTTTTCGTGTTCC-1,lca_ld,SMC
2dl_TCGAAGTAGACGCCAA-1,2dl,SMC
lca_ld_GACATCACAGTTACCA-1,lca_ld,MP
lca_ld_ACTTTGTGTGAGAACC-1,lca_ld,MP
lca_l_AATGCCAGTCCAAATC-1,lca_l,MP
lca_lo_ACGATCACATTCTCTA-1,lca_lo,SMC
lca_lo_ACTATGGCACGCAGTC-1,lca_lo,MP
lca_ld_CCCTAACAGGTTAAAC-1,lca_ld,SMC
lca_ld_GCATCTCAGCTGAAAT-1,lca_ld,SMC
pcsk9_wtd_AGATGCTCAGGTTACT-1,pcsk9_wtd,SMC
rca_wtd_AAGTGAATCCTCACCA-1,rca_wtd,SMC
lca_ld_GTAAGTCCATCCGATA-1,lca_ld,SMC
lca_ld_GAACACTGTCGTACAT-1,lca_ld,MP
lca_ld_CTTCGGTAGAAACACT-1,lca_ld,SMC
rca_wtd_AGGGTTTTCGACCTAA-1,rca_wtd,SMC
lca_l_CTAGGTATCACATCAG-1,lca_l,SMC
lca_fl_AATGACCCACTGATTG-1,lca_fl,MP
pcsk9_lo_CGCGTGACAGTTCACA-1,pcsk9_lo,FB
lca_ld_TCGGGTGGTGCTCCGA-1,lca_ld,SMC
rca_wtd_CTCAATTGTAAGACCG-1,rca_wtd,FB
2wl_TCGCAGGTCGCAGTCG-1,2wl,EC
rca_lo_AGAGAATTCGTTAGAC-1,rca_lo,SMC
lca_lo_TATTGCTCAGCCGTCA-1,lca_lo,SMC
lca_l_AGATGCTAGGTTCCGC-1,lca_l,FB
rca_wtd_GGAATGGTCCACTTTA-1,rca_wtd,SMC
lca_ld_TGTACAGAGGTAACTA-1,lca_ld,SMC
2wl_TCCTTCTCAGTTGTTG-1,2wl,EC
lca_ld_TTCCTAAGTTGTAAAG-1,lca_ld,MP
lca_lo_AATGAAGTCTAGACCA-1,lca_lo,SMC
lca_ld_TAGCACACACCTGTCT-1,lca_ld,MP
lca_ld_CCCTGATCATAGGTAA-1,lca_ld,MP
rca_fl_TGATGGTAGTGAGGTC-1,rca_fl,EC
2dl_TCGAAGTCAGAGCGTA-1,2dl,EC
2wl_TTGTGGAGTAACAGTA-1,2wl,SMC
lca_lo_ATGCATGCAATTGCAC-1,lca_lo,EC
lca_ld_GTGTTAGCAGAGGAAA-1,lca_ld,EC
2wr_CGATCGGTCCGTCCTA-1,2wr,EC
ctrl_wtd_TGAACGTGTATTTCCT-1,ctrl_wtd,SMC
pcsk9_wtd_GGTCACGGTTGTGGCC-1,pcsk9_wtd,FB
rca_lo_ATGGAGGAGTCGAATA-1,rca_lo,FB
lca_l_GGTCACGAGGTGGGTT-1,lca_l,FB
ctrl_wtd_GTTCCGTCAGGTTCGC-1,ctrl_wtd,SMC
lca_ld_TGGATCATCGTAGCTA-1,lca_ld,MP
pcsk9_lo_TTCCTTCTCTTGAACG-1,pcsk9_lo,SMC
lca_ld_TTCTCTCTCCTTCAGC-1,lca_ld,MP
lca_ld_GAGGGATTCACGGTCG-1,lca_ld,MP
lca_lo_ATCGGATAGTCATTGC-1,lca_lo,SMC
lca_lo_TGTCAGAAGATAGTGT-1,lca_lo,MP
2wl_CTGGCAGGTCATCTAG-1,2wl,EC
lca_ld_AGAACCTCAATGGCCC-1,lca_ld,EC
pcsk9_lo_CTCACTGCACCTGTCT-1,pcsk9_lo,SMC
lca_ld_GATGCTAGTCGTCAGC-1,lca_ld,SMC
ctrl_wtd_ACTTCGCAGCCTGAAG-1,ctrl_wtd,SMC
lca_ld_CATACTTCAAGTGGTG-1,lca_ld,MP
lca_ld_GGGCTACCACCGTACG-1,lca_ld,MP
lca_ld_CTCGAGGGTTCTTCAT-1,lca_ld,MP
lca_ld_CAGCAATGTGATGGCA-1,lca_ld,SMC
pcsk9_wtd_CATACCCTCACCACAA-1,pcsk9_wtd,SMC
ctrl_lo_TATATCCAGGGACAGG-1,ctrl_lo,SMC
lca_ld_CAAGACTTCGAGCTGC-1,lca_ld,SMC
lca_ld_GTGTGGCCAACGATTC-1,lca_ld,MP
lca_lo_GATGATCAGACCGCCT-1,lca_lo,FB
lca_ld_GATCAGTCAGGAGGAG-1,lca_ld,NT
lca_lo_GATGACTTCTCCCTAG-1,lca_lo,FB
lca_ld_CACCGTTAGCCTCCAG-1,lca_ld,MP
lca_l_TTCACGCCAGGTCAGA-1,lca_l,FB
pcsk9_wtd_GGGAAGTAGTCATACC-1,pcsk9_wtd,SMC
lca_lo_ATTCGTTGTGTCCATA-1,lca_lo,EC
lca_ld_CATTCATCAACCAATC-1,lca_ld,MP
2dl_GCAGCTGCACAGTCAT-1,2dl,MP
lca_fl_TCGGGCAGTGACACAG-1,lca_fl,TC
2dl_AGGTTACGTCCTACGG-1,2dl,EC
ctrl_wtd_TTAGGGTTCATCCTAT-1,ctrl_wtd,SMC
lca_ld_TTGACCCGTAGTCCTA-1,lca_ld,SMC
2dl_TTTCGATCAAGCAATA-1,2dl,EC
lca_ld_AGTGCCGGTTCTCGCT-1,lca_ld,SMC
lca_ld_TTGTGTTAGCACGTCC-1,lca_ld,SMC
lca_ld_CCGGACACACCCTAGG-1,lca_ld,MP
lca_fl_TGCATGAGTATCTCGA-1,lca_fl,MP
ctrl_lo_CATCCGTTCTTCGGTC-1,ctrl_lo,SMC
2wr_CCACACTTCACAATGC-1,2wr,EC
lca_f_TCGGGACGTACCACGC-1,lca_f,SMC
lca_ld_TTTACCATCTTCCAGC-1,lca_ld,DC
lca_ld_AAGTACCAGGTTCTAC-1,lca_ld,SMC
lca_fl_GAATCACCAGTATTCG-1,lca_fl,SMC
lca_ld_ACGCACGTCGATTGGT-1,lca_ld,SMC
lca_ld_CCTGCATAGTGCCGAA-1,lca_ld,SMC
lca_ld_AGACTCAAGACTCATC-1,lca_ld,MP
lca_l_GGCAGTCGTGGCCACT-1,lca_l,SMC
lca_ld_ACGTACAGTGCCCAGT-1,lca_ld,MP
lca_ld_CTTCAATCAACCGTAT-1,lca_ld,SMC
lca_ld_TGAGTCAAGACCAACG-1,lca_ld,SMC
lca_fl_CTCAAGACACATTCGA-1,lca_fl,MP
rca_lo_TCATATCTCGTTAGAC-1,rca_lo,EC
lca_wtd_CTGAATGTCGAATCCA-1,lca_wtd,DC
2wl_TTTCATGAGCCTTCTC-1,2wl,MP
lca_lo_AGTTAGCGTAGCCAGA-1,lca_lo,MP
lca_l_GCATCTCAGCTGACAG-1,lca_l,MP
lca_ld_GACTCAACACCTGCGA-1,lca_ld,MP
lca_ld_CTAACCCGTCCCTGAG-1,lca_ld,MP
ctrl_ld_TCGTAGATCTTACGGA-1,ctrl_ld,EC
lca_ld_CGCATGGCATCGCTGG-1,lca_ld,SMC
2wl_TTGTGGAAGTGTAGAT-1,2wl,SMC
lca_lo_AGTGACTGTCTCAGGC-1,lca_lo,TC
lca_fl_TCCACCAGTGGCTGAA-1,lca_fl,TC
lca_ld_TTCAATCTCGCGTCGA-1,lca_ld,MP
lca_fl_ACCCTTGAGCCGAACA-1,lca_fl,DC
lca_l_TGTAAGCCACCAGGTC-1,lca_l,FB
lca_ld_CACGAATTCCATTTGT-1,lca_ld,MP
rca_lo_TCATACTTCCTACGAA-1,rca_lo,FB
lca_ld_GGTTGTAGTCGTGGTC-1,lca_ld,MP
ctrl_lo_GTACAACGTGTCCATA-1,ctrl_lo,EC
lca_wtd_CAGTGCGTCCTCACCA-1,lca_wtd,MP
pcsk9_lo_GAACTGTCATTAGGAA-1,pcsk9_lo,SMC
lca_ld_TCCTGCAAGAAACTGT-1,lca_ld,MP
lca_ld_TCGATTTGTACCTAAC-1,lca_ld,SMC
ctrl_wtd_CATGCGGAGCGAACTG-1,ctrl_wtd,FB
lca_ld_GCCATGGCATCACCAA-1,lca_ld,SMC
rca_l_GACTCAATCTCTTCAA-1,rca_l,EC
2dr_ATGCGATAGTTGCATC-1,2dr,EC
lca_ld_GTAGAAAAGCCGGATA-1,lca_ld,MP
lca_fl_TACATTCAGGTCCGAA-1,lca_fl,SMC
lca_ld_TACCCGTTCTGGCTGG-1,lca_ld,DC
pcsk9_wtd_TTCCGGTAGGAGAATG-1,pcsk9_wtd,SMC
lca_l_GGGACCTTCCATGCAA-1,lca_l,SMC
lca_ld_ACTATTCCACTTGAGT-1,lca_ld,MP
pcsk9_lo_AGACACTAGTCAGGGT-1,pcsk9_lo,SMC
2wr_TCTCACGAGACTAGAT-1,2wr,EC
pcsk9_wtd_AGACAAATCAGGGTAG-1,pcsk9_wtd,SMC
lca_ld_TTCTAACAGGTCATAA-1,lca_ld,MP
2dr_AGAACAACACGGCGTT-1,2dr,EC
rca_lo_TGATCTTGTACGTAGG-1,rca_lo,SMC
rca_lo_GGGTCACTCTCGCAGG-1,rca_lo,FB
2dl_CATGGTACAGATTAAG-1,2dl,EC
2dr_GTTCTATAGTCAACAA-1,2dr,EC
lca_l_GACGCTGTCCCTCAAC-1,lca_l,FB
pcsk9_lo_GACTGATGTTCTTCAT-1,pcsk9_lo,SMC
lca_ld_AATTTCCGTTAAGCAA-1,lca_ld,MP
lca_l_TCGTAGACATTCCTCG-1,lca_l,EC
rca_wtd_AGTAACCAGATTGACA-1,rca_wtd,FB
lca_ld_ACACAGTTCTGTAAGC-1,lca_ld,MP
lca_fl_GAAGGGTAGCATCAGG-1,lca_fl,SMC
rca_lo_ATCCATTAGTTCCGTA-1,rca_lo,SMC
lca_ld_AGACCATGTCTCCTGT-1,lca_ld,MP
2wl_TTGGATGGTAGAATGT-1,2wl,MP
lca_ld_TAGGAGGCAGGAGGTT-1,lca_ld,MP
lca_ld_CGCAGGTGTCCATAGT-1,lca_ld,EC
lca_fl_GTGTGATAGACTTCGT-1,lca_fl,SMC
pcsk9_lo_TTGGGATGTGGTCCGT-1,pcsk9_lo,SMC
lca_fl_CGGACACTCCTCCACA-1,lca_fl,MP
lca_ld_CTAGGTATCGGCCTTT-1,lca_ld,MP
2wl_CGTTGGGTCTGCGGAC-1,2wl,DC
lca_ld_TAGAGTCTCACCGGTG-1,lca_ld,MP
lca_ld_ACATCCCTCCACCCTA-1,lca_ld,MP
lca_ld_TTGAGTGCAACCGATT-1,lca_ld,EC
rca_l_GTAGGTTAGCCTCTGG-1,rca_l,FB
pcsk9_lo_CTGATCCTCTTTCCAA-1,pcsk9_lo,SMC
lca_ld_GCTGAATTCGGTGTTA-1,lca_ld,NT
lca_ld_CTATCTAAGGCCGCTT-1,lca_ld,EC
lca_ld_ATGCGATAGCGTTCCG-1,lca_ld,MP
2wl_GGGAGTATCTACTTCA-1,2wl,EC
lca_l_GTAATCGGTGGATTTC-1,lca_l,FB
lca_ld_AGGTAGGCAGGGATAC-1,lca_ld,MP
lca_ld_TGCTCGTGTGAGATTA-1,lca_ld,MP
lca_wtd_AACACACGTTTACTGG-1,lca_wtd,FB
rca_wtd_TGCTTGCCAAACTGCT-1,rca_wtd,SMC
pcsk9_lo_ATACCGATCGTGACTA-1,pcsk9_lo,FB
ctrl_wtd_ACCTACCAGTCACGAG-1,ctrl_wtd,SMC
lca_lo_GGGCCATCAGAAGCTG-1,lca_lo,MP
lca_lo_GATGAGGAGACTACCT-1,lca_lo,SMC
pcsk9_wtd_TCCCATGAGCAGCCTC-1,pcsk9_wtd,FB
ctrl_lo_ACCAAACAGTGACCTT-1,ctrl_lo,FB
pcsk9_lo_CGTAAGTTCTTCGACC-1,pcsk9_lo,SMC
ctrl_lo_ATTACCTGTTGCAACT-1,ctrl_lo,SMC
lca_fl_ACCACAAGTTCCATTT-1,lca_fl,SMC
lca_ld_GTTCTATCACAGCGCT-1,lca_ld,SMC
ctrl_wtd_GGGTGAACACCCAAGC-1,ctrl_wtd,FB
pcsk9_lo_GCTGCAGGTTGCATCA-1,pcsk9_lo,SMC
rca_lo_TTGTTTGTCGCTTTAT-1,rca_lo,FB
lca_ld_GGTAACTTCCCTCTAG-1,lca_ld,SMC
lca_ld_TATCTGTCACAGCCAC-1,lca_ld,EC
lca_fl_CTATCTAAGATGGGCT-1,lca_fl,SMC
rca_lo_TCTATCATCCGTGTGG-1,rca_lo,SMC
lca_ld_AGGGCCTCAAGCTGTT-1,lca_ld,MP
lca_ld_ACTGCAAAGAAAGCGA-1,lca_ld,MP
lca_ld_ACTATGGGTTGTATGC-1,lca_ld,MP
2wl_ATGGATCAGGAATTAC-1,2wl,DC
rca_wtd_CATGAGTTCGACATCA-1,rca_wtd,FB
rca_lo_AACGTCACAAGTCATC-1,rca_lo,SMC
lca_ld_ATTTACCTCGGAACTT-1,lca_ld,SMC
pcsk9_wtd_AGAGCCCCAATCAGCT-1,pcsk9_wtd,SMC
pcsk9_wtd_GTGGCGTTCTCAAAGC-1,pcsk9_wtd,SMC
lca_fl_GGCTTGGTCGCCAACG-1,lca_fl,MP
2dl_TGGGATTCAAATGGCG-1,2dl,EC
2wl_GTGCTTCAGAATTGTG-1,2wl,MP
lca_fl_AGGTCTACAGTCGTTA-1,lca_fl,SMC
lca_ld_CATGGATCACAAATGA-1,lca_ld,MP
ctrl_lo_AGATGAAAGAGCCGTA-1,ctrl_lo,FB
rca_wtd_GAGCTGCCACCAAATC-1,rca_wtd,SMC
lca_lo_TCGGGCATCAACTGGT-1,lca_lo,SMC
lca_lo_TTGTTCACAATGCTCA-1,lca_lo,DC
rca_lo_GCAACATTCTGCTCTG-1,rca_lo,SMC
lca_lo_GTGCGTGGTGGCAGAT-1,lca_lo,FB
lca_lo_CTTCAATTCCTCTTTC-1,lca_lo,SMC
rca_lo_CTCTCAGTCGAGCCTG-1,rca_lo,FB
lca_ld_TGTTGGACAACCGCCA-1,lca_ld,EC
lca_lo_AGCGTATCATGACCCG-1,lca_lo,FB
lca_fl_GTAACACAGCCACCGT-1,lca_fl,NT
2wr_TTTGTTGTCGCGCTGA-1,2wr,EC
lca_fl_ATGCATGAGGGTCTTT-1,lca_fl,MP
lca_ld_TGACTCCTCCGGTAAT-1,lca_ld,MP
lca_ld_GGTAATCAGCACACAG-1,lca_ld,SMC
lca_ld_CTTCAATTCCGCAACG-1,lca_ld,EC
lca_ld_ATTACCTCACATCCCT-1,lca_ld,SMC
rca_l_GGGATCCCAACGAGGT-1,rca_l,SMC
rca_wtd_CTGAGGCGTATCACGT-1,rca_wtd,SMC
lca_ld_CGTGATAAGCGCTGCT-1,lca_ld,MP
rca_f_ATTTACCAGAGATGCC-1,rca_f,EC
pcsk9_lo_ATGATCGTCGGTAGGA-1,pcsk9_lo,SMC
lca_ld_CTATCCGTCACGAGGA-1,lca_ld,SMC
lca_ld_CTGAGGCGTTCTAAGC-1,lca_ld,MP
pcsk9_fl_AAGTACCCATCGTGCG-1,pcsk9_fl,FB
2dl_TTGATGGCATTGAGGG-1,2dl,EC
lca_ld_GGTCACGAGCCTAGGA-1,lca_ld,MP
ctrl_lo_GACCCAGCAATAGTAG-1,ctrl_lo,SMC
rca_lo_ATCCATTAGCGTGCTC-1,rca_lo,SMC
ctrl_ld_GGCAGTCCAGAGTTCT-1,ctrl_ld,EC
lca_ld_GCTTGGGAGGCCTAAG-1,lca_ld,MP
2wr_CGAAGGAGTGGCTACC-1,2wr,EC
ctrl_lo_TTCATGTGTATCAGGG-1,ctrl_lo,SMC
lca_ld_AGGAATAAGAGGTCGT-1,lca_ld,MP
2dr_GTCCCATCAATCGCAT-1,2dr,EC
lca_fl_TCTCTGGGTGAGATCG-1,lca_fl,MP
ctrl_ld_TCGAACAGTACGAGTG-1,ctrl_ld,EC
rca_l_TCAGCCTGTCCGACGT-1,rca_l,SMC
lca_ld_CTCCCTCTCTCCCTAG-1,lca_ld,MP
lca_ld_CATTGCCGTGAGTTTC-1,lca_ld,MP
rca_lo_CGCATGGGTAACAAGT-1,rca_lo,SMC
ctrl_ld_TTCCGGTAGTGTCATC-1,ctrl_ld,FB
pcsk9_lo_TCACTATCACAACATC-1,pcsk9_lo,SMC
ctrl_lo_ACCAACAAGTGGTGGT-1,ctrl_lo,FB
rca_lo_CTCCCAACAATTTCGG-1,rca_lo,FB
2wr_CTGTATTCAATTTCTC-1,2wr,EC
rca_lo_ATCACTTCATACAGCT-1,rca_lo,SMC
lca_ld_TGAGGGAAGAGCCATG-1,lca_ld,MP
rca_l_GTTTACTGTTTCGACA-1,rca_l,EC
rca_f_AGGGTTTAGGCACAAC-1,rca_f,EC
pcsk9_wtd_TATACCTGTCAGACGA-1,pcsk9_wtd,FB
lca_ld_GGGCCATAGGCCCAAA-1,lca_ld,MP
2wr_CCTAAGAAGCGGCTCT-1,2wr,EC
2wr_ACCAACACAGATCCTA-1,2wr,EC
lca_ld_TGCGGCATCACTCGAA-1,lca_ld,MP
lca_ld_TGTAACGGTTGACGGA-1,lca_ld,MP
lca_l_GACTATGTCAAATGCC-1,lca_l,SMC
lca_fl_AAAGGGCCACTGCTTC-1,lca_fl,EC
2wl_CGGAATTCAGTAACCT-1,2wl,EC
lca_ld_CAGGTATCACCGTCTT-1,lca_ld,MP
ctrl_lo_ACAGAAAGTATCGATC-1,ctrl_lo,SMC
2wl_TAATCTCAGTCTAGAA-1,2wl,DC
rca_ld_AGGACTTCAAAGTATG-1,rca_ld,EC
lca_lo_GTGAGCCAGATGGCAC-1,lca_lo,SMC
rca_lo_GGGTGAATCAATGTCG-1,rca_lo,FB
ctrl_wtd_CAACAACAGTGCACTT-1,ctrl_wtd,FB
2wl_TTCCGTGTCTTGCGCT-1,2wl,EC
lca_ld_CTTCCTTAGACATAGT-1,lca_ld,EC
2dl_GTCTAGATCGCTTGAA-1,2dl,FB
lca_l_ATGATCGTCTACTATC-1,lca_l,MP
rca_lo_TATTCCATCAATCGGT-1,rca_lo,SMC
lca_ld_TTTGACTCATCAGCGC-1,lca_ld,MP
lca_fl_TCCCATGGTTGGGTAG-1,lca_fl,MP
lca_ld_CTCTGGTTCCGATAAC-1,lca_ld,MP
lca_ld_TTAGGGTGTCATCCGG-1,lca_ld,MP
lca_lo_GATGTTGCATGTGTCA-1,lca_lo,FB
lca_wtd_CACCAAAAGGAGAGGC-1,lca_wtd,SMC
rca_fl_GCAGCCACATGACAAA-1,rca_fl,EC
lca_l_TACGCTCTCGCCACTT-1,lca_l,MP
lca_ld_TAATTCCTCTTGGTGA-1,lca_ld,SMC
2dl_TCAGCAATCTTGGGCG-1,2dl,SMC
2wl_CTTCGGTTCTTGGCTC-1,2wl,EC
rca_lo_ATTCTTGCAAATGCGG-1,rca_lo,SMC
lca_lo_TGTGATGAGGTGCGAT-1,lca_lo,MP
lca_ld_CTCAAGAGTAGACAGC-1,lca_ld,MP
lca_ld_TGGGCGTCACTGCTTC-1,lca_ld,TC
lca_ld_GCTGGGTTCCACGTGG-1,lca_ld,NT
pcsk9_lo_CCTCACAAGGTGGTTG-1,pcsk9_lo,SMC
2wl_TACACCCAGCGAGTCA-1,2wl,EC
rca_l_AGGATCTTCGACGCGT-1,rca_l,FB
pcsk9_ld_ACGGGTCAGAAACTCA-1,pcsk9_ld,EC
lca_ld_ATCCGTCGTTCTGAGT-1,lca_ld,SMC
lca_l_CAGCACGGTACGTGTT-1,lca_l,FB
lca_fl_AGGGAGTGTGGACTAG-1,lca_fl,SMC
rca_lo_ACAAGCTTCATTGTGG-1,rca_lo,SMC
lca_l_ACGTAACTCTGAGCAT-1,lca_l,SMC
pcsk9_wtd_CTGCGAGGTCGGAACA-1,pcsk9_wtd,SMC
lca_ld_AACCTTTAGCTACTAC-1,lca_ld,MP
rca_l_TTCTCTCAGAGTCCGA-1,rca_l,FB
rca_l_GCGATCGCAAAGGCTG-1,rca_l,EC
rca_fl_CTTCCGATCCACGTGG-1,rca_fl,EC
lca_l_GAGACCCGTTCCGTTC-1,lca_l,FB
lca_ld_TCCTGCACAAGTTTGC-1,lca_ld,MP
pcsk9_lo_CAGATTGGTTTCCCAC-1,pcsk9_lo,SMC
lca_lo_ATTACTCAGATACCAA-1,lca_lo,MP
lca_ld_TGTTCATGTCTTCAAG-1,lca_ld,MP
rca_fl_CCACCATAGGCCCGTT-1,rca_fl,EC
lca_lo_TCCTAATGTTGGATCT-1,lca_lo,NT
2wl_AAGTACCGTAACATAG-1,2wl,EC
lca_ld_AACTTCTCAAATGAGT-1,lca_ld,MP
lca_ld_TTCGATTAGCCTTTCC-1,lca_ld,EC
lca_ld_TGGTACAAGTCTCTGA-1,lca_ld,MP
rca_wtd_TTCAATCGTACGATGG-1,rca_wtd,SMC
lca_fl_CATGCTCGTAACCCGC-1,lca_fl,MP
pcsk9_wtd_TGCGGGTGTAGAGCTG-1,pcsk9_wtd,FB
rca_lo_ATTCACTTCGGTCAGC-1,rca_lo,SMC
lca_fl_ATGGATCGTTGTGCCG-1,lca_fl,MP
2wr_GAAGGGTTCTGAGAGG-1,2wr,EC
ctrl_lo_TTACCGCAGTCGGCAA-1,ctrl_lo,FB
lca_l_CTGCCATTCATCTATC-1,lca_l,TC
lca_ld_CTCAAGAAGGGTGAAA-1,lca_ld,MP
2dr_ATCGCCTCATCCAACA-1,2dr,EC
lca_ld_TAGCACAGTACTCCCT-1,lca_ld,MP
lca_lo_CCTACGTAGATCGCCC-1,lca_lo,SMC
pcsk9_lo_TTGTTTGAGCCTCATA-1,pcsk9_lo,SMC
lca_ld_CAGGGCTGTATGGTTC-1,lca_ld,MP
lca_ld_TAGATCGAGCCGCTTG-1,lca_ld,MP
lca_wtd_ATCACTTCAGAGCCCT-1,lca_wtd,MP
rca_f_TGCATGATCGGCCAAC-1,rca_f,EC
lca_lo_AGCATCACAGCTCATA-1,lca_lo,SMC
lca_l_TATTGCTCAACGGCTC-1,lca_l,FB
lca_ld_TAATTCCCAGGTAGTG-1,lca_ld,EC
ctrl_lo_TGCTTCGAGGTTACAA-1,ctrl_lo,SMC
2wr_AAAGGGCGTTGACTGT-1,2wr,MP
lca_ld_AGACAAACAGAACTCT-1,lca_ld,MP
rca_l_AAAGTGAGTTATGACC-1,rca_l,FB
pcsk9_wtd_ATACTTCCATGGCTGC-1,pcsk9_wtd,SMC
rca_lo_CTAACCCCAGAGGAAA-1,rca_lo,SMC
lca_fl_GTCGAATGTGGGAGAG-1,lca_fl,MP
2wl_CGGACACAGGTTAAAC-1,2wl,EC
rca_wtd_GCGGATCTCTGTCCCA-1,rca_wtd,SMC
pcsk9_lo_CCTCCAATCTGCCTCA-1,pcsk9_lo,EC
pcsk9_wtd_TTGTGGAAGCCTGGAA-1,pcsk9_wtd,SMC
lca_ld_TCTTAGTAGCGGTAAC-1,lca_ld,MP
rca_wtd_GAGTTACTCGCAATGT-1,rca_wtd,MP
2dr_AGATCGTCAATAGTGA-1,2dr,EC
2dl_TAGGAGGTCAGAGCGA-1,2dl,EC
pcsk9_lo_TAACCAGTCAGCTTCC-1,pcsk9_lo,SMC
lca_ld_TCATTGTGTATCTCTT-1,lca_ld,MP
ctrl_lo_GACTGATCACCCATAA-1,ctrl_lo,SMC
lca_lo_CCTCAACAGGGTCAAC-1,lca_lo,SMC
2wl_GCGGAAATCTTCCGTG-1,2wl,EC
lca_l_CGCAGGTGTTATCCAG-1,lca_l,FB
lca_l_CAGGCCACACGGGCTT-1,lca_l,FB
ctrl_wtd_TCATTACGTGATTCTG-1,ctrl_wtd,SMC
rca_wtd_GATTTCTGTTGTATGC-1,rca_wtd,SMC
lca_l_GTTACGAAGCAGTAAT-1,lca_l,MP
rca_l_GGGTGTCCATAACAGA-1,rca_l,SMC
lca_l_CAGCACGTCATGAGGG-1,lca_l,FB
pcsk9_wtd_GATTGGTGTACGAAAT-1,pcsk9_wtd,SMC
rca_lo_CAACGGCTCCATCAGA-1,rca_lo,SMC
lca_l_GAACACTGTCACAGAG-1,lca_l,EC
lca_ld_CTCAATTTCACCTGTC-1,lca_ld,MP
rca_lo_AGATGCTTCTCCAATT-1,rca_lo,SMC
pcsk9_lo_TAGTGCAGTGAGATTA-1,pcsk9_lo,SMC
2wl_CAACCTCGTTGACTAC-1,2wl,TC
lca_fl_AGGTAGGAGACTTCCA-1,lca_fl,SMC
lca_ld_GCCATTCTCCTTGACC-1,lca_ld,MP
ctrl_wtd_CAATGACCATCGGAGA-1,ctrl_wtd,SMC
rca_l_TGTTGAGGTCCCTAAA-1,rca_l,SMC
lca_fl_TTCGCTGAGGGTGGGA-1,lca_fl,SMC
rca_lo_CAGTTCCTCGAGTGAG-1,rca_lo,FB
2dl_ATGCCTCCACGCACCA-1,2dl,EC
pcsk9_lo_AGACTCATCACACCCT-1,pcsk9_lo,SMC
2wl_GTAGGTTTCGGATTAC-1,2wl,EC
lca_lo_AATAGAGGTGCAGGAT-1,lca_lo,SMC
lca_ld_TTCTCTCTCCGTCCTA-1,lca_ld,DC
ctrl_lo_GTTGCGGTCTGCTTTA-1,ctrl_lo,FB
pcsk9_wtd_CAACGGCCAATAGAGT-1,pcsk9_wtd,SMC
ctrl_lo_GGCTTTCCAAGCTACT-1,ctrl_lo,EC
lca_ld_TAGGTTGCAACAAGAT-1,lca_ld,MP
lca_ld_ACTGCAATCGAGAAAT-1,lca_ld,MP
lca_ld_TCTGCCAAGGTAATCA-1,lca_ld,SMC
rca_lo_AAACGAATCCGGTAGC-1,rca_lo,FB
rca_lo_TTTACCAAGGCTAGCA-1,rca_lo,EC
pcsk9_lo_AGGTCATAGAAGGCTC-1,pcsk9_lo,SMC
ctrl_lo_TCCTCCCTCGACATTG-1,ctrl_lo,SMC
lca_lo_CTTTCAAGTACGTAGG-1,lca_lo,DC
pcsk9_lo_TTTGACTTCGACCCAG-1,pcsk9_lo,EC
lca_ld_CGAGTTAAGAGGTTTA-1,lca_ld,MP
lca_lo_GTCACTCCATGATGCT-1,lca_lo,DC
lca_ld_CAGATCATCTACTCAT-1,lca_ld,MP
ctrl_wtd_TCACATTGTTTCCATT-1,ctrl_wtd,SMC
lca_ld_CTCAGAAGTCAACGCC-1,lca_ld,SMC
rca_wtd_AAACGCTCACCCTAGG-1,rca_wtd,SMC
pcsk9_lo_GTGCAGCCACCGCTAG-1,pcsk9_lo,SMC
ctrl_lo_AACCTTTGTGGCCACT-1,ctrl_lo,FB
pcsk9_wtd_AGTCAACGTACCGGAA-1,pcsk9_wtd,SMC
pcsk9_wtd_GATGTTGTCCTAGCTC-1,pcsk9_wtd,FB
pcsk9_lo_TAGATCGTCTTGTGCC-1,pcsk9_lo,SMC
lca_lo_AACCCAAGTCATCAGT-1,lca_lo,SMC
lca_ld_CGTGAATGTTCGTACA-1,lca_ld,MP
lca_l_TCCGATCCAGACCAAG-1,lca_l,MP
lca_ld_AGAACCTGTACTCCCT-1,lca_ld,EC
ctrl_lo_TAGAGTCAGGTTTGAA-1,ctrl_lo,SMC
lca_wtd_AGCGTATGTAGGTAGC-1,lca_wtd,MP
lca_ld_ATTCCATTCCACACCT-1,lca_ld,MP
pcsk9_lo_GAGATGGGTAGCGTCC-1,pcsk9_lo,SMC
lca_ld_AAAGAACAGGTCACTT-1,lca_ld,MP
pcsk9_lo_TGCTCCATCACCCTGT-1,pcsk9_lo,SMC
rca_ld_ACTGTGACAGAGACTG-1,rca_ld,EC
lca_ld_TCTTCCTAGGATGGCT-1,lca_ld,MP
2wl_CCATAAGCAGCGCTTG-1,2wl,SMC
lca_ld_TCTGCCATCCTTGGAA-1,lca_ld,DC
lca_lo_TCCTTCTCAAGAAATC-1,lca_lo,MP
rca_lo_CCCTTAGGTATTAAGG-1,rca_lo,FB
rca_lo_AGACAGGGTGCCAAGA-1,rca_lo,SMC
ctrl_lo_CGCCAGACAACACGAG-1,ctrl_lo,FB
ctrl_lo_CCAATGAAGCTCCACG-1,ctrl_lo,EC
2wr_TGGGCTGTCTCTCAAT-1,2wr,EC
2wl_TTACCGCCATCCGGCA-1,2wl,SMC
ctrl_wtd_TCACACCGTTATGTGC-1,ctrl_wtd,FB
lca_ld_CTAGACAAGTGGTTGG-1,lca_ld,EC
lca_ld_TCACGGGGTGCCTTCT-1,lca_ld,EC
lca_l_GCTGAATCATGTTCGA-1,lca_l,FB
2dr_CTGGACGGTTGGTAGG-1,2dr,EC
lca_ld_ACTATGGTCATCACAG-1,lca_ld,MP
lca_ld_CACTGTCAGGGACTGT-1,lca_ld,MP
lca_fl_TGTCCCAGTTAGCTAC-1,lca_fl,MP
rca_lo_ATCACTTTCTTCCTAA-1,rca_lo,SMC
2dr_TATTGGGAGCGTGCCT-1,2dr,EC
2dl_TTGATGGAGTGCAAAT-1,2dl,EC
lca_ld_CACGTTCGTAAGAACT-1,lca_ld,MP
rca_wtd_CCCATTGCACGACGAA-1,rca_wtd,SMC
2wr_GTAACCATCGGACGTC-1,2wr,EC
lca_ld_GAACGTTCACACTTAG-1,lca_ld,MP
lca_ld_AGTGATCCAGGTCCGT-1,lca_ld,DC
rca_lo_TAAGCGTTCACTCCGT-1,rca_lo,SMC
lca_ld_GTAGTACCAGTGGTGA-1,lca_ld,MP
lca_l_GACCAATTCTATCACT-1,lca_l,FB
rca_ld_AAGCATCCATGGTACT-1,rca_ld,EC
ctrl_lo_CTTCTCTGTCTTGAAC-1,ctrl_lo,SMC
rca_lo_CCTAAGATCTTCTTCC-1,rca_lo,FB
lca_fl_TTTCATGCACTTGGGC-1,lca_fl,NK
lca_l_AGTACCAGTTGGCTAT-1,lca_l,FB
lca_lo_AGGGTTTGTTGCTTGA-1,lca_lo,SMC
pcsk9_lo_GGGCGTTGTATGCGTT-1,pcsk9_lo,SMC
rca_l_TAACACGCATGCCGCA-1,rca_l,EC
rca_wtd_CATTCCGGTATCACCA-1,rca_wtd,SMC
lca_wtd_CGAGGCTAGCTGGCCT-1,lca_wtd,MP
rca_lo_CTGAGCGAGAGTCCGA-1,rca_lo,SMC
lca_lo_CCTCTCCTCTTTGCGC-1,lca_lo,FB
2wl_TCGTGCTCAACAGAGC-1,2wl,EC
lca_l_ATAGAGATCCGCACTT-1,lca_l,FB
2dl_GTGTGATAGGTCCGAA-1,2dl,FB
rca_lo_GCCGTGAAGACCAACG-1,rca_lo,SMC
ctrl_fl_GATCCCTAGCTTAGTC-1,ctrl_fl,EC
rca_lo_AGTCACAAGTGAGGCT-1,rca_lo,FB
lca_ld_GGGTTATCACCCTGAG-1,lca_ld,MP
rca_l_CATGCCTTCTTCACGC-1,rca_l,SMC
pcsk9_lo_TACGGGCGTTTACACG-1,pcsk9_lo,EC
lca_ld_TATTCCACAACGTTAC-1,lca_ld,DC
lca_l_AGACAGGGTTCTCGCT-1,lca_l,EC
lca_fl_AAGAACAGTAAGGTCG-1,lca_fl,MP
lca_fl_CTGAATGAGTGTGTTC-1,lca_fl,SMC
lca_lo_ATGAAAGGTCGCCACA-1,lca_lo,BC
rca_l_AGGTTGTGTGAAGCTG-1,rca_l,SMC
rca_wtd_CCCTTAGTCAGACCGC-1,rca_wtd,SMC
pcsk9_lo_ATGTCCCTCGTCGGGT-1,pcsk9_lo,SMC
2dl_GCACTAATCTACACAG-1,2dl,FB
lca_ld_TAACGACTCGCTACGG-1,lca_ld,MP
pcsk9_lo_ATGGGAGGTACCTTCC-1,pcsk9_lo,SMC
lca_ld_TGCATCCCACACACGC-1,lca_ld,SMC
ctrl_lo_GGGACCTAGATCGACG-1,ctrl_lo,SMC
ctrl_wtd_AACTTCTCATGACCCG-1,ctrl_wtd,FB
2dr_TCACTATGTTCGGGTC-1,2dr,SMC
lca_lo_TCTTCCTAGTGTACAA-1,lca_lo,FB
ctrl_wtd_TCTTTGAAGAAGAGCA-1,ctrl_wtd,SMC
lca_lo_TCAAGCACAGCAGTTT-1,lca_lo,MP
lca_l_AGGGCCTCACACTTAG-1,lca_l,SMC
rca_l_GGGACTCAGCTACTAC-1,rca_l,FB
ctrl_wtd_TTGTGTTGTAATGCTC-1,ctrl_wtd,SMC
rca_ld_ACCTACCTCACTCGAA-1,rca_ld,BC
lca_ld_AGGGCCTGTCCGGCAT-1,lca_ld,MP
lca_ld_TTTCACAAGTTAGTAG-1,lca_ld,SMC
rca_lo_ACTTATCCAGGCACAA-1,rca_lo,FB
lca_lo_CTTCCTTTCCGTCAAA-1,lca_lo,MP
lca_ld_CAATCGAGTAGCGTCC-1,lca_ld,MP
ctrl_lo_GACAGCCAGCGACTAG-1,ctrl_lo,SMC
rca_wtd_CATGAGTTCTCACTCG-1,rca_wtd,EC
lca_ld_TATTGCTTCCATTCAT-1,lca_ld,MP
lca_ld_TGAATCGGTAACGTTC-1,lca_ld,DC
2wl_ACTATGGGTATCGCAT-1,2wl,EC
lca_ld_CACTAAGCAGATCCTA-1,lca_ld,MP
2wl_CAAGAGGGTGCTCTCT-1,2wl,MP
lca_wtd_GATTTCTGTTCGAACT-1,lca_wtd,FB
lca_ld_AATGGCTTCCTATGGA-1,lca_ld,SMC
pcsk9_wtd_TACTTACGTACACGTT-1,pcsk9_wtd,SMC
rca_lo_CTACAGACACTCCACT-1,rca_lo,FB
rca_lo_CAATACGAGAATTTGG-1,rca_lo,SMC
ctrl_wtd_TCTACATTCAGCTCTC-1,ctrl_wtd,SMC
ctrl_wtd_GGCGTCAGTTGATGTC-1,ctrl_wtd,SMC
rca_lo_GTCGAATGTATACAGA-1,rca_lo,FB
lca_f_GCCTGTTAGGGCTAAC-1,lca_f,DC
lca_ld_CGTTCTGGTCTACACA-1,lca_ld,MP
lca_ld_GATAGAACACAGCGCT-1,lca_ld,MP
rca_fl_TTCTCTCCAAGCCATT-1,rca_fl,EC
rca_lo_CCTCTCCAGTTGTACC-1,rca_lo,SMC
rca_lo_AGATGAACATATTCGG-1,rca_lo,FB
rca_lo_TCTCCGAAGCAAATGT-1,rca_lo,SMC
lca_ld_TAGACCACACTTGACA-1,lca_ld,MP
lca_ld_GCCAACGCAGGCACAA-1,lca_ld,MP
lca_ld_AACCATGCAGTTACCA-1,lca_ld,MP
rca_lo_TATCCTAGTAAGTAGT-1,rca_lo,SMC
lca_ld_TCCTGCAAGCTTTGTG-1,lca_ld,MP
2dr_GTAGAAATCTAAGCGT-1,2dr,EC
lca_ld_ATGGAGGTCCACGGAC-1,lca_ld,MP
lca_ld_CTTACCGAGCTAGATA-1,lca_ld,SMC
lca_ld_GCGTGCACAGGTGACA-1,lca_ld,SMC
rca_lo_CACGAATTCCGTACGG-1,rca_lo,SMC
lca_ld_TTCTCTCAGTGCCCGT-1,lca_ld,MP
lca_fl_GATGTTGGTCTGTGCG-1,lca_fl,TC
pcsk9_lo_CAATGACTCGTCCATC-1,pcsk9_lo,EC
lca_l_GTCCACTAGGCAGGGA-1,lca_l,EC
2dl_GATAGCTTCGTAATGC-1,2dl,EC
lca_lo_CCCTAACTCCGAGATT-1,lca_lo,FB
lca_ld_TAACGACCAGAAGTGC-1,lca_ld,MP
rca_ld_TGAGCGCAGCTAAATG-1,rca_ld,EC
lca_lo_GATCACAAGGGTTAGC-1,lca_lo,SMC
2dr_GACTATGAGAGTTGTA-1,2dr,EC
lca_ld_TCCCAGTTCCGTGGTG-1,lca_ld,DC
lca_ld_ACGTTCCCACATGACT-1,lca_ld,MP
rca_wtd_ATGCATGAGGTTGAGC-1,rca_wtd,FB
lca_fl_AAAGGATGTACTGCCG-1,lca_fl,MP
2dl_TGAGGAGCAGGCACAA-1,2dl,MP
lca_ld_CTAGGTATCGATGCAT-1,lca_ld,DC
ctrl_lo_TAACACGAGGATGCGT-1,ctrl_lo,SMC
lca_fl_GGAACCCTCAATCTTC-1,lca_fl,TC
lca_ld_TGCAGATGTGTCCTAA-1,lca_ld,MP
rca_l_AGGTCATGTATCCCTC-1,rca_l,SMC
rca_lo_ATGGATCTCCTCTGCA-1,rca_lo,SMC
rca_lo_TAAGCCACACTCCACT-1,rca_lo,SMC
lca_ld_GACTGATCAACACGTT-1,lca_ld,MP
lca_ld_GAAGTAAGTGGTACAG-1,lca_ld,MP
rca_lo_CCACACTAGAGTTGCG-1,rca_lo,FB
lca_ld_GGGTTATGTGCATTAC-1,lca_ld,MP
rca_lo_TCGGGACAGCGTGTTT-1,rca_lo,SMC
rca_lo_CAAGACTTCCACTTTA-1,rca_lo,EC
lca_ld_ACCAAACCAGCTGTAT-1,lca_ld,MP
pcsk9_lo_TCAAGTGAGCCAACCC-1,pcsk9_lo,EC
lca_ld_TGAGGGATCCTACCAC-1,lca_ld,MP
lca_ld_GATGATCAGAGCCCAA-1,lca_ld,MP
lca_l_TTTGGAGTCTGGGCCA-1,lca_l,FB
2wl_TTCGGTCTCCTTCTGG-1,2wl,MP
ctrl_lo_TATTTCGCACGGATCC-1,ctrl_lo,FB
lca_ld_TCCGTGTTCAATGTCG-1,lca_ld,SMC
rca_lo_ATTATCCAGCCACTCG-1,rca_lo,EC
lca_l_GTCTGTCCAATAGGAT-1,lca_l,TC
lca_lo_GCAGCCAAGCATGCGA-1,lca_lo,FB
ctrl_wtd_GCAGGCTTCCGAACGC-1,ctrl_wtd,SMC
lca_ld_GGCACGTGTAATACCC-1,lca_ld,MP
lca_ld_AAGGTAACACGACGTC-1,lca_ld,MP
ctrl_lo_CTGTGAATCCCTTTGG-1,ctrl_lo,FB
2wr_ATAGAGAGTATCATGC-1,2wr,EC
pcsk9_wtd_TCTAACTGTGGCCTCA-1,pcsk9_wtd,SMC
lca_ld_GTCGTAACACCTGTCT-1,lca_ld,MP
2wr_GAAGAATCACAACGAG-1,2wr,EC
lca_ld_TACGCTCGTCTTAGTG-1,lca_ld,SMC
rca_l_TCCATCGAGTGCTAGG-1,rca_l,EC
rca_lo_TGTCCACAGTGGATTA-1,rca_lo,FB
lca_lo_ACAGAAATCGACGACC-1,lca_lo,FB
2wl_AAGAACACACAGTGTT-1,2wl,EC
rca_lo_GGCTTTCCAGTTTGGT-1,rca_lo,SMC
ctrl_wtd_TCTGGCTTCGAGGCAA-1,ctrl_wtd,EC
lca_l_AGAGAGCGTCTGTCCT-1,lca_l,FB
lca_ld_AGAACCTGTGTTACTG-1,lca_ld,MP
rca_wtd_GTTGTCCCAAACTGCT-1,rca_wtd,SMC
lca_ld_CGAGTTAGTTGCCGCA-1,lca_ld,TC
2dr_ATGCGATAGGAACTAT-1,2dr,EC
lca_ld_ACCACAATCAGCCTTC-1,lca_ld,MP
rca_lo_ACTTCGCAGTCATTGC-1,rca_lo,FB
ctrl_wtd_TCTTAGTCAATAGTCC-1,ctrl_wtd,FB
rca_ld_GGAAGTGCAGTTAGGG-1,rca_ld,FB
lca_ld_CTGCATCGTTACTCAG-1,lca_ld,MP
2wr_AGTGACTAGTAATACG-1,2wr,SMC
rca_lo_CCTATCGCACAATTCG-1,rca_lo,SMC
2dr_GTCACGGTCCGTTTCG-1,2dr,EC
lca_ld_ACGATCAAGACTAGAT-1,lca_ld,EC
rca_lo_GGAATGGTCAGTGTTG-1,rca_lo,EC
ctrl_lo_TTCACGCGTTCGTTCC-1,ctrl_lo,SMC
rca_lo_GCTTCACTCATCACCC-1,rca_lo,SMC
2dl_GGTTCTCAGACGCTCC-1,2dl,EC
lca_fl_CAGAGCCTCCTACGAA-1,lca_fl,DC
rca_lo_TCTACATGTTCTCCAC-1,rca_lo,FB
lca_ld_GAGGGATGTGCGACAA-1,lca_ld,MP
lca_ld_TTTATGCCACCATAAC-1,lca_ld,MP
ctrl_lo_GTCTAGACATTGGGAG-1,ctrl_lo,FB
lca_ld_GAACGTTGTGGATACG-1,lca_ld,MP
ctrl_lo_CTGTCGTGTCATGCAT-1,ctrl_lo,SMC
pcsk9_wtd_CTCATGCTCAATCTCT-1,pcsk9_wtd,SMC
lca_lo_TCATTGTCACAAGCCC-1,lca_lo,SMC
lca_fl_TCGGGACCACCAAAGG-1,lca_fl,MP
lca_ld_AACGGGATCAAACCCA-1,lca_ld,NK
lca_l_ACATTTCAGACACACG-1,lca_l,MP
lca_ld_TTCAGGATCCAGGACC-1,lca_ld,MP
lca_lo_GCCATTCTCGGACGTC-1,lca_lo,FB
lca_ld_GTGACGCCACTTCATT-1,lca_ld,MP
rca_lo_CCTCAACCAGTTGCGC-1,rca_lo,SMC
ctrl_wtd_GGTTCTCGTTAGCTAC-1,ctrl_wtd,SMC
pcsk9_lo_TACGCTCTCCATATGG-1,pcsk9_lo,SMC
ctrl_lo_CGTCCATCATACCATG-1,ctrl_lo,SMC
ctrl_wtd_CAGGCCAGTCGAGTTT-1,ctrl_wtd,FB
lca_l_GGAGATGAGCCACCGT-1,lca_l,EC
ctrl_lo_TTGGTTTAGGGTGGGA-1,ctrl_lo,EC
rca_l_ACGATCATCGCCAACG-1,rca_l,SMC
lca_lo_GACTGATGTCTCTCTG-1,lca_lo,FB
lca_ld_CTACAGATCTAGCCTC-1,lca_ld,MP
rca_l_TATCTGTGTAGCGCCT-1,rca_l,SMC
lca_ld_GTGGCGTCATAATCGC-1,lca_ld,MP
lca_fl_GAAGCGACAAGACGAC-1,lca_fl,SMC
lca_ld_TAGGGTTCAACTCCCT-1,lca_ld,DC
lca_ld_AAAGAACCACATTGTG-1,lca_ld,MP
ctrl_lo_TGTAACGTCGCCTTTG-1,ctrl_lo,SMC
lca_lo_TGCGATAAGTGTTGAA-1,lca_lo,DC
rca_f_TCGTGCTTCTCAAAGC-1,rca_f,EC
rca_l_ATCGATGCAGCATACT-1,rca_l,SMC
lca_l_GGGCTACCATCAGCTA-1,lca_l,MP
lca_lo_CGTGCTTTCAACACGT-1,lca_lo,MP
lca_l_CTGATCCTCGACACTA-1,lca_l,EC
lca_lo_ATTTACCAGCCTAGGA-1,lca_lo,FB
ctrl_wtd_CAATGACAGCTCGACC-1,ctrl_wtd,SMC
lca_ld_AATGCCAAGTGTCATC-1,lca_ld,MP
pcsk9_lo_ACGGTCGGTGCCCAGT-1,pcsk9_lo,EC
rca_lo_TGTTCCGAGCTTCTAG-1,rca_lo,FB
rca_ld_GGACGTCAGAAAGTCT-1,rca_ld,EC
rca_l_GAAGAATTCACTACGA-1,rca_l,FB
lca_ld_GTAGTACGTTACGTAC-1,lca_ld,DC
lca_ld_CTCATCGTCGCTTACC-1,lca_ld,MP
lca_fl_GTCCTCAGTAGCTTTG-1,lca_fl,DC
lca_ld_TCTATCAGTGTAGGAC-1,lca_ld,MP
lca_ld_GGTTAACCAAACACGG-1,lca_ld,MP
lca_fl_TCATTCATCGCTGATA-1,lca_fl,MP
ctrl_wtd_TGGATGTTCTCTGACC-1,ctrl_wtd,FB
rca_wtd_TAGATCGAGCGATCGA-1,rca_wtd,SMC
lca_lo_TTGGGCGTCTGGGTCG-1,lca_lo,SMC
lca_ld_TCGTCCATCCCATGGG-1,lca_ld,MP
lca_fl_CACGTTCGTTCTCAGA-1,lca_fl,DC
lca_ld_ACGGGTCCAAGAGATT-1,lca_ld,MP
lca_lo_TTTAGTCAGCAGATAT-1,lca_lo,MP
ctrl_lo_TGGTAGTGTCGGTGTC-1,ctrl_lo,SMC
lca_ld_GACCCTTAGGCGTCCT-1,lca_ld,MP
lca_ld_GACCGTGCACCAGTTA-1,lca_ld,EC
rca_lo_TACTTACCAAAGGAGA-1,rca_lo,FB
pcsk9_lo_TTGGGATTCAGACAAA-1,pcsk9_lo,FB
lca_fl_CACTGTCCACGAAGAC-1,lca_fl,SMC
rca_l_AAAGGATTCATGTCAG-1,rca_l,SMC
rca_lo_AATTCCTCAGAATGTA-1,rca_lo,FB
lca_l_GTCGAATTCTGGGCCA-1,lca_l,FB
ctrl_ld_GCCAGCACATATACCG-1,ctrl_ld,EC
lca_ld_TCAGCAACAGTTGCGC-1,lca_ld,SMC
lca_ld_ACGCACGAGAAATGGG-1,lca_ld,SMC
2wr_AAGCATCGTGGCTGCT-1,2wr,EC
rca_lo_AATAGAGGTGCCTGCA-1,rca_lo,FB
rca_ld_GTGGGAACATTGGCAT-1,rca_ld,EC
rca_lo_TGTTCCGTCCAACTAG-1,rca_lo,EC
pcsk9_lo_GTCAGCGAGCCTCCAG-1,pcsk9_lo,SMC
lca_ld_CTCCTTTAGGCCTGCT-1,lca_ld,MP
ctrl_wtd_CTCTCAGAGAATCTAG-1,ctrl_wtd,SMC
lca_l_AACTTCTTCGCTGATA-1,lca_l,NK
lca_l_CTCCATGGTAGCGTCC-1,lca_l,FB
lca_ld_TATCCTATCTCTCTAA-1,lca_ld,SMC
lca_l_TCTGGCTGTGATGGCA-1,lca_l,FB
lca_ld_ATACCTTTCACCTGTC-1,lca_ld,MP
lca_ld_TACAACGAGAATCCCT-1,lca_ld,MP
lca_ld_GAGCCTGGTTCAGCTA-1,lca_ld,DC
lca_ld_TAGGTTGAGACACACG-1,lca_ld,EC
ctrl_wtd_ATGGTTGGTCACGTGC-1,ctrl_wtd,SMC
2wr_AGAAGCGCAACTGCCG-1,2wr,EC
lca_ld_TGGGCGTTCTCGGGAC-1,lca_ld,SMC
lca_wtd_GATCGTACAGCTCCTT-1,lca_wtd,EC
rca_l_TCCAGAACATCGGAAG-1,rca_l,SMC
lca_wtd_TAACTTCGTTTCGCTC-1,lca_wtd,MP
lca_l_CGATGGCAGAATACAC-1,lca_l,MP
lca_lo_TCCTCTTCACGCCACA-1,lca_lo,MP
2dr_CAGGGCTGTAATGCTC-1,2dr,EC
lca_lo_ATTCGTTCATTATGCG-1,lca_lo,FB
rca_wtd_TCACAAGTCCTACGAA-1,rca_wtd,FB
lca_l_ATTGGGTGTCCGGTCA-1,lca_l,TC
rca_lo_CACCGTTGTCAAAGAT-1,rca_lo,FB
ctrl_fl_AGACTCATCAGTGTTG-1,ctrl_fl,EC
2dr_ACGGTCGTCCTACACC-1,2dr,EC
lca_fl_CTAGACACAACCTATG-1,lca_fl,MP
rca_l_TAACACGCATTGCCTC-1,rca_l,SMC
ctrl_wtd_CTACTATCAGGCACAA-1,ctrl_wtd,SMC
lca_l_GCCATTCCAACCAATC-1,lca_l,MP
lca_ld_CAGATACTCATTCCTA-1,lca_ld,EC
2wl_TGCTGAACATGAAAGT-1,2wl,MP
lca_ld_ATCTTCAGTCGCTTAA-1,lca_ld,SMC
lca_ld_ATCGCCTGTCGCACAC-1,lca_ld,MP
rca_ld_AGAACCTTCCTACGGG-1,rca_ld,EC
lca_ld_GAGATGGTCCGTACGG-1,lca_ld,EC
lca_ld_AAAGTCCTCGCCTCTA-1,lca_ld,MP
lca_ld_GTGCGTGTCGCCAATA-1,lca_ld,MP
pcsk9_wtd_GCGGATCGTTCTCGCT-1,pcsk9_wtd,FB
ctrl_wtd_ACCACAAAGCTGACCC-1,ctrl_wtd,SMC
ctrl_lo_TATCCTAAGAATTTGG-1,ctrl_lo,EC
lca_ld_GGTGTTACAGCTTTCC-1,lca_ld,MP
lca_ld_TCCTCTTAGTGCGCTC-1,lca_ld,MP
pcsk9_wtd_GTAGAGGGTGACTAAA-1,pcsk9_wtd,SMC
ctrl_lo_GTGAGGAAGTGGGAAA-1,ctrl_lo,FB
pcsk9_wtd_CTCAGAATCCATCAGA-1,pcsk9_wtd,SMC
lca_fl_ATTTACCGTCACCGAC-1,lca_fl,EC
lca_fl_CATCCACAGGTCCAGA-1,lca_fl,EC
lca_ld_CATACAGGTTCGAACT-1,lca_ld,MP
lca_lo_GTGTTAGTCGTTTACT-1,lca_lo,FB
ctrl_fl_TTCCTCTCACTGATTG-1,ctrl_fl,EC
rca_lo_TCACGCTCAACCAGAG-1,rca_lo,SMC
lca_l_TCATTACGTACAATAG-1,lca_l,MP
lca_fl_AGATGAATCCTTGGAA-1,lca_fl,TC
lca_ld_CAATACGAGGTCCCTG-1,lca_ld,DC
rca_lo_TCATTCACAGACCGCT-1,rca_lo,SMC
lca_ld_CGATGCGCAAGTACCT-1,lca_ld,MP
rca_ld_AGACACTCAGAACCGA-1,rca_ld,EC
ctrl_wtd_AATGACCGTCGTTCAA-1,ctrl_wtd,FB
rca_lo_GTATTGGCATAGGTAA-1,rca_lo,FB
lca_ld_TGGATCATCTAAGCGT-1,lca_ld,SMC
rca_ld_GTCTACCAGTCGAAAT-1,rca_ld,FB
lca_fl_CATGCTCTCTAACGGT-1,lca_fl,SMC
lca_ld_CCCTGATAGGGCTTCC-1,lca_ld,MP
lca_ld_TGGGCGTCACTGTTCC-1,lca_ld,MP
rca_lo_AGGAAATTCTGAGGCC-1,rca_lo,SMC
lca_l_TGAGCGCTCAGCCTCT-1,lca_l,EC
rca_lo_ATGATCGCAATTGTGC-1,rca_lo,FB
2wl_GCTCAAAAGTGGCAGT-1,2wl,SMC
lca_l_CACGGGTCACTGTGTA-1,lca_l,FB
pcsk9_wtd_GAGTCTAAGCGTGCTC-1,pcsk9_wtd,FB
lca_ld_CTCCAACTCACATACG-1,lca_ld,NK
lca_l_GGTTAACAGCTGGCCT-1,lca_l,FB
lca_ld_CATTCATCAGCATCTA-1,lca_ld,EC
lca_wtd_GAGTTTGGTCATATGC-1,lca_wtd,SMC
lca_ld_CTGTGGGGTTGACTGT-1,lca_ld,MP
lca_ld_GTTTGGAGTTTGAAAG-1,lca_ld,MP
lca_ld_GTTACAGGTCAACGCC-1,lca_ld,DC
2dr_GTAGGAGGTAGACACG-1,2dr,EC
rca_l_TATTTCGCAACGACAG-1,rca_l,FB
2dl_CCACGAGAGCCATTCA-1,2dl,EC
lca_l_ACGGTTAAGTTTCGAC-1,lca_l,SMC
lca_ld_GTTCTATCACCTGCTT-1,lca_ld,MP
rca_lo_ACGGGTCAGACTGGGT-1,rca_lo,SMC
pcsk9_lo_TGACAGTTCGATCCAA-1,pcsk9_lo,SMC
lca_ld_CCGGGTAGTAGAATAC-1,lca_ld,MP
lca_ld_ACAGCCGGTATCGCGC-1,lca_ld,DC
pcsk9_wtd_CAACAGTGTACAGTTC-1,pcsk9_wtd,SMC
pcsk9_wtd_TTCTAACTCAAGAAAC-1,pcsk9_wtd,EC
2wl_GCCAACGTCTCCCAAC-1,2wl,MP
pcsk9_wtd_CCCATTGAGGCCACCT-1,pcsk9_wtd,SMC
ctrl_lo_CAACGATTCGCAATTG-1,ctrl_lo,SMC
lca_ld_AACTTCTGTGAATAAC-1,lca_ld,MP
rca_lo_CCACGTTCACTACACA-1,rca_lo,FB
lca_fl_CATCGCTGTCGTTATG-1,lca_fl,TC
lca_l_ATAGACCTCCGCCTAT-1,lca_l,EC
lca_ld_TCAATTCCAAGCTGTT-1,lca_ld,SMC
pcsk9_wtd_AAGACAAAGCTCGGCT-1,pcsk9_wtd,FB
lca_ld_GATTTCTCAGACCTGC-1,lca_ld,MP
lca_l_CAAAGAAAGGGCAACT-1,lca_l,SMC
pcsk9_wtd_TCAAGCATCCGCACTT-1,pcsk9_wtd,SMC
rca_ld_CATGAGTGTAGGCAAC-1,rca_ld,EC
lca_ld_CTCAGAACACTCGATA-1,lca_ld,MP
pcsk9_lo_AAGCCATGTCAATGGG-1,pcsk9_lo,EC
ctrl_lo_CTCATGCGTGTCCGGT-1,ctrl_lo,EC
rca_l_TGGGCTGAGTACGTCT-1,rca_l,SMC
rca_l_AACAACCGTGGATCGA-1,rca_l,SMC
lca_ld_ATTGTTCAGTGGTGAC-1,lca_ld,MP
rca_lo_GCGAGAACAGGCACAA-1,rca_lo,FB
rca_fl_AACCACAGTCAGGCAA-1,rca_fl,EC
pcsk9_lo_GGTGTTATCACGATAC-1,pcsk9_lo,SMC
lca_ld_CAACGGCTCAAGAATG-1,lca_ld,MP
rca_lo_AGAGCAGTCCGGTTCT-1,rca_lo,SMC
rca_lo_TGTTACTCACCCTATC-1,rca_lo,SMC
rca_lo_CCGGGTACAGCGAACA-1,rca_lo,FB
rca_lo_GATAGAATCCACTGAA-1,rca_lo,EC
lca_ld_ATCACAGTCCAAGCAT-1,lca_ld,EC
rca_lo_GAGGCCTTCCTCGCAT-1,rca_lo,FB
lca_lo_AGTAGTCGTCAGGCAA-1,lca_lo,FB
rca_wtd_GCTACAATCCATTTGT-1,rca_wtd,SMC
rca_lo_GGGCGTTTCCATCTGC-1,rca_lo,MP
2wl_CTCAGTCTCGCCAATA-1,2wl,MP
lca_ld_AGCCACGAGCACTCAT-1,lca_ld,TC
lca_ld_CAACCTCGTCCGAAGA-1,lca_ld,SMC
rca_lo_CTCAGTCAGAGGATGA-1,rca_lo,FB
lca_ld_GAACACTAGGTTATAG-1,lca_ld,MP
lca_ld_CCTCACATCATCTCTA-1,lca_ld,MP
ctrl_wtd_GGCAGTCCAGGGACTA-1,ctrl_wtd,SMC
lca_wtd_TGAATGCGTCACCGAC-1,lca_wtd,FB
lca_fl_AGGTTGTTCAGGAACG-1,lca_fl,MP
lca_lo_CCGTTCAGTAGATCGG-1,lca_lo,EC
lca_ld_GCAGTTAGTACGCTAT-1,lca_ld,MP
2wr_ATACCTTGTCACGACC-1,2wr,EC
rca_lo_GTTGTGATCTCTGCTG-1,rca_lo,SMC
lca_ld_TCTTTGATCATTCACT-1,lca_ld,EC
rca_lo_CAGCGTGGTCGAGTTT-1,rca_lo,SMC
rca_l_CTCCTTTCATGTTCGA-1,rca_l,FB
ctrl_wtd_GACATCAAGGGTCACA-1,ctrl_wtd,SMC
ctrl_lo_TGTCCACAGCGCCATC-1,ctrl_lo,EC
lca_ld_TTGTTGTAGCTGAAAT-1,lca_ld,EC
lca_fl_GTCTACCCACATACGT-1,lca_fl,TC
ctrl_lo_CCGTGAGTCTTCCCGA-1,ctrl_lo,FB
lca_fl_AGAAGTACATAGGTTC-1,lca_fl,MP
rca_lo_CTCATGCTCGGTGCAC-1,rca_lo,EC
lca_ld_CCTTGTGAGACGTCCC-1,lca_ld,MP
rca_ld_AGGATCTGTATCACCA-1,rca_ld,EC
rca_l_AGGACTTGTAGTCTTG-1,rca_l,SMC
lca_fl_TGCATCCTCAGCGCGT-1,lca_fl,EC
lca_lo_CTTCCTTAGCACTCCG-1,lca_lo,FB
2dl_TGTTGAGAGCTAATGA-1,2dl,SMC
rca_wtd_TAAGTCGAGCAAGTCG-1,rca_wtd,FB
lca_wtd_TATCCTAAGATGTTCC-1,lca_wtd,FB
ctrl_lo_CCTCAGTGTACCACGC-1,ctrl_lo,SMC
lca_ld_ACATTTCTCTGATGGT-1,lca_ld,MP
lca_ld_TGCAGATGTACTCGCG-1,lca_ld,MP
lca_ld_ATCCGTCCATGACTGT-1,lca_ld,MP
lca_ld_CTGTCGTAGTGAGCCA-1,lca_ld,MP
ctrl_lo_AACCTGATCAATGCAC-1,ctrl_lo,FB
lca_lo_TCTATACTCGCGAAGA-1,lca_lo,SMC
rca_lo_CGTTCTGAGGGAACAA-1,rca_lo,SMC
lca_l_ACTATGGCACATGAAA-1,lca_l,SMC
rca_lo_GAAGCCCAGCGACTTT-1,rca_lo,EC
lca_ld_AGATAGATCAGCGTCG-1,lca_ld,DC
ctrl_wtd_ATACCTTGTGTGACCC-1,ctrl_wtd,SMC
lca_l_GGGAGATGTCGAATTC-1,lca_l,SMC
lca_l_TAGACTGGTCCTGTCT-1,lca_l,FB
lca_lo_AGACACTCAGGCAATG-1,lca_lo,SMC
rca_lo_ATGTCTTCAAGTGGAC-1,rca_lo,FB
pcsk9_wtd_CAGTGCGCAAGACTGG-1,pcsk9_wtd,SMC
lca_ld_TCATCATGTCTGTTAG-1,lca_ld,EC
lca_lo_CCCTAACGTTCAAGTC-1,lca_lo,MP
rca_lo_TGATTCTAGGAAGAAC-1,rca_lo,EC
pcsk9_lo_ATGGAGGAGTATCCTG-1,pcsk9_lo,FB
2dr_GGTTAACCATCGCTGG-1,2dr,EC
pcsk9_lo_CTCACTGAGAAGAGCA-1,pcsk9_lo,FB
pcsk9_wtd_TACCCGTCAGGTACGA-1,pcsk9_wtd,SMC
lca_lo_GTACAGTTCGTAATGC-1,lca_lo,FB
ctrl_lo_CTCTGGTTCAGCATTG-1,ctrl_lo,SMC
lca_l_CAGTTAGGTTCTTCAT-1,lca_l,SMC
lca_l_TCACGCTAGTTCATGC-1,lca_l,MP
lca_ld_TACGGTAAGGACGCTA-1,lca_ld,MP
2dr_CATGAGTAGACACACG-1,2dr,EC
lca_wtd_CTCCCTCTCCAGCAAT-1,lca_wtd,FB
lca_wtd_AGAACCTGTATTTCGG-1,lca_wtd,FB
pcsk9_ld_CTCAAGAAGTAGATCA-1,pcsk9_ld,EC
lca_ld_TCACATTTCGCCGAGT-1,lca_ld,EC
rca_l_CGCAGGTAGCCTCTTC-1,rca_l,SMC
lca_ld_ATCCACCGTACCTATG-1,lca_ld,MP
lca_wtd_AGAAATGCAAATAAGC-1,lca_wtd,MP
lca_fl_TTCAGGATCTCGCAGG-1,lca_fl,MP
pcsk9_wtd_CTGCAGGTCCACTTCG-1,pcsk9_wtd,SMC
lca_fl_AGCCAGCGTCAGTCGC-1,lca_fl,MP
lca_ld_ACCTGTCAGGTTGTTC-1,lca_ld,MP
lca_ld_GTTACCCCATCTGTTT-1,lca_ld,SMC
lca_lo_CTGCATCTCCTAGCCT-1,lca_lo,EC
rca_lo_GAGGGTAGTTCTCGCT-1,rca_lo,FB
ctrl_wtd_TCCTCGATCGAACCAT-1,ctrl_wtd,SMC
lca_lo_ACGCACGGTAAGCAAT-1,lca_lo,SMC
lca_l_CTCCGATGTGTATTCG-1,lca_l,SMC
lca_ld_TTAGGCAAGTATTAGG-1,lca_ld,MP
lca_fl_GTGGCGTCATGACTCA-1,lca_fl,SMC
lca_ld_ATTCCCGGTCAGGTAG-1,lca_ld,SMC
lca_ld_TACAACGCATTCGATG-1,lca_ld,MP
lca_l_AAGTGAATCTGGGATT-1,lca_l,FB
ctrl_lo_GAATCACTCCCATAGA-1,ctrl_lo,SMC
ctrl_wtd_GTCATCCCAGTGCGCT-1,ctrl_wtd,SMC
lca_ld_CCCGGAACACCGTGGT-1,lca_ld,MP
lca_wtd_CATAAGCGTTCTCGTC-1,lca_wtd,MP
rca_lo_TGCAGGCCACGGCGTT-1,rca_lo,SMC
2dl_GATGCTACAAGGTCAG-1,2dl,EC
rca_wtd_GAGTGTTCATGACTTG-1,rca_wtd,FB
lca_wtd_ACGTAACTCATCGGGC-1,lca_wtd,DC
lca_l_CGATGCGGTGTGTCGC-1,lca_l,SMC
rca_ld_TAGGGTTTCTGCAGCG-1,rca_ld,EC
2wl_CATGCTCAGTATGACA-1,2wl,SMC
rca_lo_CTGCTCACACTATCGA-1,rca_lo,SMC
lca_fl_AGATGAAGTTCTTGCC-1,lca_fl,MP
lca_ld_TATCCTAAGATTCGAA-1,lca_ld,SMC
2wl_CCGTTCATCTGTTCAT-1,2wl,EC
rca_l_CAGATACCACAAATCC-1,rca_l,FB
lca_l_CCACAAATCGGAGCAA-1,lca_l,EC
lca_ld_TACGTCCCATGGGTCC-1,lca_ld,MP
rca_lo_ACATCGACAAATTGGA-1,rca_lo,FB
rca_lo_CCTACGTCAAGTCCAT-1,rca_lo,FB
rca_ld_ACAAAGATCTGGGAGA-1,rca_ld,EC
lca_lo_GGGCGTTCAATACGAA-1,lca_lo,EC
ctrl_wtd_CTCCGATAGGTGCCAA-1,ctrl_wtd,SMC
lca_fl_AGGGTGACAACGACAG-1,lca_fl,MP
rca_lo_TGCATCCGTGGGTATG-1,rca_lo,EC
pcsk9_wtd_CACGAATTCCACCTGT-1,pcsk9_wtd,SMC
lca_ld_TACCGGGAGGCGTTGA-1,lca_ld,EC
rca_lo_CAACAGTCACACGGTC-1,rca_lo,FB
ctrl_wtd_ATGGGTTTCTACGCGG-1,ctrl_wtd,SMC
lca_ld_TACAACGAGCGTTAGG-1,lca_ld,EC
lca_ld_TCCTTCTCATGTCGTA-1,lca_ld,MP
pcsk9_ld_AATCACGTCCTTCTGG-1,pcsk9_ld,EC
lca_lo_AGTAGTCCATCACCAA-1,lca_lo,FB
rca_ld_AAAGAACTCGCGTTTC-1,rca_ld,EC
lca_fl_GCATCGGTCGTCACCT-1,lca_fl,MP
pcsk9_wtd_TCACATTAGTGCACTT-1,pcsk9_wtd,SMC
lca_ld_AACCAACTCCCATACC-1,lca_ld,MP
lca_l_CGCCATTCAGGGATAC-1,lca_l,FB
lca_l_TCTAACTAGGTAAGAG-1,lca_l,SMC
ctrl_lo_AGGTCATAGTGCACAG-1,ctrl_lo,FB
rca_lo_TATTGGGTCCAGCCTT-1,rca_lo,EC
lca_fl_TACCTGCCAATTCGTG-1,lca_fl,MP
lca_ld_CGTTAGAAGACAGTCG-1,lca_ld,MP
2dl_AAGCGAGAGAGAGAAC-1,2dl,EC
pcsk9_lo_CTACTATCAATTGTGC-1,pcsk9_lo,SMC
2dr_TGAGACTAGCTGTTAC-1,2dr,EC
lca_ld_TCAATCTTCAGTCACA-1,lca_ld,MP
lca_ld_GGCTGTGAGGAACGTC-1,lca_ld,MP
lca_wtd_AGGGTCCGTCTTGCTC-1,lca_wtd,DC
ctrl_wtd_TTCTCTCGTGAAGCTG-1,ctrl_wtd,SMC
pcsk9_wtd_CCCTAACGTGACAACG-1,pcsk9_wtd,EC
lca_l_GTGTGGCCACGACTAT-1,lca_l,FB
lca_ld_TTCGGTCTCAAACCCA-1,lca_ld,DC
pcsk9_wtd_GCTTGGGGTATCAGCT-1,pcsk9_wtd,SMC
rca_lo_TTCTAGTTCGTGGTAT-1,rca_lo,SMC
rca_wtd_CTGAGGCCAAGGCAAC-1,rca_wtd,FB
rca_wtd_GCCAACGCAGTCTCTC-1,rca_wtd,FB
lca_lo_ACAGGGACAGGCTCTG-1,lca_lo,MP
rca_lo_TCTTCCTCAACAGCCC-1,rca_lo,EC
lca_ld_TACCGGGAGAGTGAAG-1,lca_ld,MP
lca_fl_CATTGTTTCACTAGCA-1,lca_fl,EC
rca_lo_TATTTCGCATTCGGGC-1,rca_lo,FB
lca_l_TGATTCTGTCGATGCC-1,lca_l,FB
rca_lo_CAGGTATTCATTACTC-1,rca_lo,FB
lca_ld_GATCATGAGCTGACCC-1,lca_ld,MP
lca_fl_GACTCAAGTCCTCATC-1,lca_fl,MP
pcsk9_lo_ACCCTTGAGCTTCATG-1,pcsk9_lo,SMC
lca_fl_TAATCTCGTCACCGAC-1,lca_fl,EC
rca_ld_TCAGCAAAGCAGCCCT-1,rca_ld,SMC
lca_l_ACTATTCCAAACACGG-1,lca_l,FB
pcsk9_wtd_GTGGCGTAGAATACAC-1,pcsk9_wtd,SMC
lca_ld_TGCGGCAAGTCTTGGT-1,lca_ld,MP
rca_wtd_GGTAATCCACCTCTGT-1,rca_wtd,SMC
lca_ld_TGTTCATCAGCATCTA-1,lca_ld,MP
ctrl_wtd_ACGCACGAGAGAGAAC-1,ctrl_wtd,SMC
pcsk9_lo_ATAGGCTTCTGGCCGA-1,pcsk9_lo,FB
rca_ld_CCATCACAGGTAGGCT-1,rca_ld,EC
lca_ld_CTAACCCAGTTGCATC-1,lca_ld,MP
lca_ld_ACACCAAGTTTCGTAG-1,lca_ld,MP
lca_lo_CTTTCGGAGAGGATCC-1,lca_lo,FB
lca_ld_GAATCGTGTACAAGCG-1,lca_ld,MP
rca_lo_TGTTTGTAGGTGAGCT-1,rca_lo,FB
lca_ld_TCCGAAACACAGCGCT-1,lca_ld,SMC
2dr_GGAGAACAGCAAGTCG-1,2dr,EC
2dr_TCGACGGAGTCTTCCC-1,2dr,EC
lca_ld_CAACGGCTCCATCAGA-1,lca_ld,EC
lca_wtd_GTGTGATCACATTCTT-1,lca_wtd,MP
rca_lo_TAACCAGTCCTCGCAT-1,rca_lo,SMC
lca_ld_GTGGAGACACCAATTG-1,lca_ld,SMC
ctrl_wtd_TTCCTTCTCTTTCAGT-1,ctrl_wtd,FB
lca_lo_CAATACGGTAGCGAGT-1,lca_lo,TC
lca_l_TCAATTCGTCGATTCA-1,lca_l,FB
lca_ld_ATCGGCGCAAGGCAAC-1,lca_ld,EC
lca_ld_ACGTCCTGTGCGACAA-1,lca_ld,MP
rca_wtd_GTCAAACAGTCCTGTA-1,rca_wtd,SMC
rca_l_GTCGCGAGTAACATGA-1,rca_l,SMC
rca_l_GATGTTGCAAGTCCCG-1,rca_l,SMC
pcsk9_wtd_TAATTCCTCAGGAAAT-1,pcsk9_wtd,SMC
2wl_CGTTCTGAGCATCAGG-1,2wl,MP
lca_ld_AGGATAATCTCTAAGG-1,lca_ld,DC
lca_ld_TGTAGACTCACGGAGA-1,lca_ld,MP
lca_lo_CCTGCATTCGATTGGT-1,lca_lo,FB
lca_ld_CTTTCGGAGGAGAGGC-1,lca_ld,MP
lca_wtd_CGTTAGAGTATACCTG-1,lca_wtd,FB
lca_ld_GTGGCGTTCACTGGTA-1,lca_ld,SMC
ctrl_lo_CTGTATTGTTCTCACC-1,ctrl_lo,EC
rca_lo_TAGAGTCCACGTAACT-1,rca_lo,SMC
rca_l_ACAGCCGAGCGCCGTT-1,rca_l,FB
ctrl_wtd_CCCTCTCGTGATATAG-1,ctrl_wtd,SMC
lca_ld_TTGTGGAGTACGTTCA-1,lca_ld,MP
lca_ld_ACTGCAACAACGATCT-1,lca_ld,SMC
rca_lo_TAGGGTTGTCACTTAG-1,rca_lo,FB
rca_lo_ACTGATGAGCACCGTC-1,rca_lo,SMC
lca_ld_GGAGATGAGCCTGGAA-1,lca_ld,MP
rca_wtd_CTCTCGACACAATCTG-1,rca_wtd,FB
pcsk9_lo_CCTGCATTCGCGTGAC-1,pcsk9_lo,EC
lca_l_AACACACAGTTGTACC-1,lca_l,DC
lca_ld_AGTGACTAGGGAGATA-1,lca_ld,MP
ctrl_fl_CATCAAGGTAGCTCGC-1,ctrl_fl,EC
lca_l_GAGGGTAGTGGAAGTC-1,lca_l,SMC
lca_l_CAGATACTCTGCGGAC-1,lca_l,MP
lca_ld_TTCTAGTTCACCTTGC-1,lca_ld,MP
rca_lo_CATTCATCACCAACAT-1,rca_lo,SMC
lca_fl_AGTAGCTTCTGTCTCG-1,lca_fl,MP
lca_l_TTCTTCCGTACCTGTA-1,lca_l,FB
lca_fl_ATGAGTCAGCCGATAG-1,lca_fl,MP
ctrl_lo_TAGTGCAGTCTCGCGA-1,ctrl_lo,SMC
ctrl_lo_CGAAGTTAGTATGAGT-1,ctrl_lo,SMC
rca_lo_CACGGGTCAGCTTTGA-1,rca_lo,FB
lca_lo_ATGTCCCTCTGCTAGA-1,lca_lo,NK
lca_lo_CTCAGTCCAGGAATAT-1,lca_lo,SMC
rca_l_CGTTGGGAGACTCTAC-1,rca_l,EC
ctrl_lo_CTCCAACCATGACACT-1,ctrl_lo,SMC
lca_fl_TCTCACGAGATTGTGA-1,lca_fl,SMC
lca_wtd_CCACCATGTATGGAAT-1,lca_wtd,EC
lca_lo_TACGGGCCAGAACTTC-1,lca_lo,SMC
ctrl_lo_TGACGCGCATTCGATG-1,ctrl_lo,EC
lca_ld_CTGTGAAAGCTTCATG-1,lca_ld,MP
lca_lo_CCGATGGGTTTACGAC-1,lca_lo,FB
lca_ld_GTACAACCAACAGTGG-1,lca_ld,MP
ctrl_wtd_GCACGTGAGGGCAATC-1,ctrl_wtd,SMC
lca_lo_ACCCTTGGTTGGTACT-1,lca_lo,SMC
lca_ld_TGAATGCTCGACACCG-1,lca_ld,TC
lca_l_GATCACACATAGGCGA-1,lca_l,FB
lca_lo_GAACTGTGTTCGGTTA-1,lca_lo,SMC
lca_l_CCGGTGAAGTCAACAA-1,lca_l,MP
lca_ld_AGATAGACATCCAATG-1,lca_ld,TC
lca_fl_GTTTGGAAGCAATTCC-1,lca_fl,TC
lca_l_TGTTCTATCAGTCCGG-1,lca_l,TC
rca_lo_CACTGGGCACCATAAC-1,rca_lo,FB
lca_l_GACCTTCGTACTGTTG-1,lca_l,SMC
rca_l_GATGACTTCCAATGCA-1,rca_l,FB
lca_l_CGATGGCGTAGTGATA-1,lca_l,FB
ctrl_fl_ACGGTTAAGCCGTAAG-1,ctrl_fl,FB
lca_l_AGGGTGAGTAACATAG-1,lca_l,SMC
lca_fl_TGGGCTGCATTCAGGT-1,lca_fl,MP
2wr_TTGGATGGTACCTATG-1,2wr,EC
lca_ld_CCATCACGTATGATCC-1,lca_ld,EC
pcsk9_lo_CTCAAGATCTCGGCTT-1,pcsk9_lo,SMC
lca_l_CATCCGTTCCATTGGA-1,lca_l,EC
lca_ld_GAAACCTTCACGGGCT-1,lca_ld,MP
rca_f_AGGGTCCCAGTCGGTC-1,rca_f,EC
pcsk9_lo_CTGTATTTCTCATAGG-1,pcsk9_lo,SMC
lca_fl_ACTCCCATCCCTATTA-1,lca_fl,MP
lca_l_GTGGAGAAGCCACAAG-1,lca_l,MP
2wl_ATCACTTTCACGAACT-1,2wl,TC
lca_lo_GCGGAAAAGGCGTCCT-1,lca_lo,FB
rca_lo_AGAACAAAGATCCTAC-1,rca_lo,FB
rca_lo_GAGGCCTCAGAACTCT-1,rca_lo,SMC
lca_l_TTTGTTGGTTGGCCTG-1,lca_l,EC
rca_lo_TGTGCGGGTTGCCTAA-1,rca_lo,SMC
lca_ld_GGGTTTAAGCATCCTA-1,lca_ld,SMC
lca_wtd_CTGCAGGAGATTAGCA-1,lca_wtd,MP
lca_fl_TCCGGGACAGCCGTTG-1,lca_fl,NT
lca_ld_GTAGGTTTCAGCGGAA-1,lca_ld,SMC
lca_ld_CATGCCTCAGAGCCCT-1,lca_ld,MP
rca_fl_CTGCAGGCAGAGTCTT-1,rca_fl,EC
rca_lo_GTTTACTCATAGATGA-1,rca_lo,FB
lca_ld_ATCATTCTCGCTACAA-1,lca_ld,TC
lca_l_CTCAGTCAGAAGTCTA-1,lca_l,FB
lca_ld_TGTTGGAGTTACCTTT-1,lca_ld,DC
rca_lo_TCTATACGTCAAAGTA-1,rca_lo,SMC
rca_lo_ACGGGTCTCATCAGTG-1,rca_lo,SMC
lca_ld_ATGTCCCAGGGTTAGC-1,lca_ld,MP
ctrl_wtd_ACATCGACAACTTGCA-1,ctrl_wtd,SMC
lca_lo_TGGAGAGAGTTATGGA-1,lca_lo,SMC
ctrl_lo_GTAGAAACAGCACACC-1,ctrl_lo,SMC
lca_ld_TCAAGCATCCATAGAC-1,lca_ld,MP
lca_lo_TTCGCTGAGCGTCTGC-1,lca_lo,FB
rca_lo_TTAGTCTCAGTTCCAA-1,rca_lo,FB
lca_lo_CAGCGTGAGGGAGAAT-1,lca_lo,MP
lca_ld_ATCGTCCGTCTACAAC-1,lca_ld,SMC
2dl_GTCGTTCTCGACGACC-1,2dl,EC
lca_ld_CACTGAAGTGACCGTC-1,lca_ld,EC
lca_l_ATTCACTCACAACGAG-1,lca_l,FB
lca_ld_CTCAACCAGCACGATG-1,lca_ld,DC
pcsk9_lo_GTTAGTGTCCTTCAGC-1,pcsk9_lo,EC
pcsk9_wtd_TACCTCGCAAGAGTAT-1,pcsk9_wtd,SMC
rca_lo_CCACGAGCATCGCTGG-1,rca_lo,SMC
2wl_TTTACTGCAGTATACC-1,2wl,EC
ctrl_wtd_TCACGGGAGGGAGGTG-1,ctrl_wtd,SMC
2wl_AACTTCTCAGCGGTCT-1,2wl,EC
2wl_CCGGTGAAGGCATCTT-1,2wl,SMC
lca_ld_TGGTAGTTCTGGCTGG-1,lca_ld,SMC
2wr_GATGGAGGTCTACTGA-1,2wr,EC
2wl_CGGAATTTCTGAATCG-1,2wl,SMC
2wl_ACACAGTGTCCTCCAT-1,2wl,EC
lca_ld_CCTCCTCAGTTTCGGT-1,lca_ld,SMC
2wl_CCGATGGTCTGCTTTA-1,2wl,MP
lca_lo_AAGGAATGTGGTGATG-1,lca_lo,FB
lca_lo_ATAGAGAGTCACGTGC-1,lca_lo,FB
lca_ld_TGATGCACACAATGTC-1,lca_ld,MP
lca_ld_TTGTTTGCAACGGTAG-1,lca_ld,DC
rca_wtd_CGGGACTTCGCTTACC-1,rca_wtd,FB
rca_f_TCATGCCGTGACACAG-1,rca_f,EC
lca_ld_AAGTACCCAGCCGGTT-1,lca_ld,EC
pcsk9_lo_GTGGCGTGTTACACAC-1,pcsk9_lo,EC
lca_fl_TAGCACAAGCCTCACG-1,lca_fl,SMC
pcsk9_lo_TTTACGTAGCTAGAGC-1,pcsk9_lo,SMC
lca_fl_CATGCGGTCTCACCCA-1,lca_fl,MP
ctrl_lo_CATGCCTCAAACCATC-1,ctrl_lo,SMC
lca_l_AGCCAATAGTCGCCAC-1,lca_l,SMC
rca_lo_GTAAGTCTCCTAGCCT-1,rca_lo,FB
lca_fl_CGTTCTGGTTAAGAAC-1,lca_fl,MP
lca_lo_GAGAGGTTCTAGTGTG-1,lca_lo,FB
2dr_CCGATCTTCCGTTGAA-1,2dr,EC
lca_l_CCTGTTGGTTCTCCTG-1,lca_l,MP
lca_ld_TAGACCATCCGCAGTG-1,lca_ld,MP
lca_wtd_GTTACCCAGTCCTGCG-1,lca_wtd,BC
lca_ld_TTACAGGCACCCTGAG-1,lca_ld,EC
lca_ld_GGGTCACTCCACGAAT-1,lca_ld,DC
2dl_CGTTAGATCCCGTGAG-1,2dl,EC
pcsk9_lo_GGAAGTGCAGCTCTGG-1,pcsk9_lo,FB
rca_lo_GAACTGTTCGCAGTCG-1,rca_lo,SMC
lca_lo_TGCACGGAGGCCTTGC-1,lca_lo,FB
lca_wtd_ACCACAATCCTCGATC-1,lca_wtd,FB
lca_ld_TTTAGTCTCTCGCTTG-1,lca_ld,DC
lca_ld_CCATCACGTGACCGAA-1,lca_ld,MP
lca_ld_CTTACCGTCCTGTTAT-1,lca_ld,MP
lca_l_CACGGGTTCTAAGAAG-1,lca_l,SMC
ctrl_lo_GCTACAACAATCTCTT-1,ctrl_lo,SMC
lca_ld_ACACTGAGTCTTCATT-1,lca_ld,MP
pcsk9_wtd_CCTTGTGTCTCATGGA-1,pcsk9_wtd,FB
lca_ld_ACATCCCCATTCAGGT-1,lca_ld,MP
rca_l_GTGGGAAGTATCGGTT-1,rca_l,SMC
lca_lo_GTCTACCAGCTAAATG-1,lca_lo,TC
rca_wtd_CAGGCCAGTCGTCAGC-1,rca_wtd,SMC
rca_lo_GTTACAGTCCGCGGAT-1,rca_lo,SMC
2wr_GTCTTTAGTACGATTC-1,2wr,EC
rca_lo_TCCTCGAAGTACCGGA-1,rca_lo,SMC
rca_ld_CTACTATCAACGGTAG-1,rca_ld,EC
pcsk9_lo_CCTGCATAGCTGGCTC-1,pcsk9_lo,SMC
lca_lo_ATGTCTTCATCAGCTA-1,lca_lo,MP
2dr_TGTCAGATCGCTAAAC-1,2dr,EC
lca_l_ACTATCTGTGGTAATA-1,lca_l,SMC
lca_ld_TTAGTCTAGGATTACA-1,lca_ld,EC
lca_ld_CCTCTAGCATAACCCA-1,lca_ld,MP
lca_ld_GCGGAAATCGCTGTTC-1,lca_ld,DC
lca_ld_GGTCTGGGTCACTTCC-1,lca_ld,SMC
pcsk9_wtd_TTGGATGCAGGAGGTT-1,pcsk9_wtd,SMC
rca_lo_CGTAATGGTGGATGAC-1,rca_lo,FB
2wl_GAATCACTCTGCCTGT-1,2wl,EC
lca_ld_GATCACACAAGTTGGG-1,lca_ld,MP
pcsk9_lo_TTTCGATAGTCACTAC-1,pcsk9_lo,EC
lca_ld_GTAGAGGAGTAATCCC-1,lca_ld,MP
rca_l_ATTCTACAGAGGGTAA-1,rca_l,SMC
rca_lo_TGTTGGACACAGCATT-1,rca_lo,FB
lca_lo_AGACAGGTCTATACTC-1,lca_lo,MP
ctrl_wtd_CATTGCCGTATTGACC-1,ctrl_wtd,SMC
lca_ld_TTGTTGTTCAAGCCAT-1,lca_ld,MP
lca_l_TCTATACAGATTGGGC-1,lca_l,SMC
lca_ld_TTCCTCTGTGATGAAT-1,lca_ld,SMC
pcsk9_wtd_TCATGAGTCCTGCCAT-1,pcsk9_wtd,SMC
lca_ld_CTCATGCAGGAAACGA-1,lca_ld,EC
2wr_TACGGGCTCCCGATCT-1,2wr,EC
pcsk9_lo_GACTCAACACTTTATC-1,pcsk9_lo,SMC
ctrl_ld_CGGGTCAGTCTGTAGT-1,ctrl_ld,EC
lca_ld_TACGTCCGTGCGGCTT-1,lca_ld,TC
lca_ld_GAGCTGCCATCAACCA-1,lca_ld,MP
ctrl_lo_TTTAGTCTCCTGGTCT-1,ctrl_lo,FB
pcsk9_lo_GATGACTGTCGTTGGC-1,pcsk9_lo,FB
lca_ld_TACTTGTTCGGCTGGT-1,lca_ld,MP
lca_ld_CAGGTATCACATGGTT-1,lca_ld,MP
lca_ld_AGGACTTGTCACTCAA-1,lca_ld,MP
rca_wtd_ATACTTCTCTATGTGG-1,rca_wtd,FB
lca_l_GACACGCGTGGAACAC-1,lca_l,MP
pcsk9_lo_ATTACTCGTGATTCTG-1,pcsk9_lo,SMC
lca_ld_CGATGCGGTGGTCAAG-1,lca_ld,EC
ctrl_lo_AAACCCAGTAGACAGC-1,ctrl_lo,SMC
rca_lo_TTCTAACGTCATCCGG-1,rca_lo,EC
2dr_TGAATGCCAGAAATCA-1,2dr,EC
ctrl_wtd_GACTATGCAGGAACCA-1,ctrl_wtd,SMC
ctrl_wtd_CGCGTGAGTCTTTATC-1,ctrl_wtd,SMC
lca_fl_TGTGGCGAGTGGCAGT-1,lca_fl,SMC
lca_ld_GAGCCTGAGACTCCGC-1,lca_ld,MP
lca_ld_GAGTCATCAGGGATAC-1,lca_ld,MP
2dl_AGCGATTGTCAGACGA-1,2dl,EC
rca_lo_AGGATCTTCGCTAAAC-1,rca_lo,SMC
ctrl_fl_ACGGAAGGTAAGATAC-1,ctrl_fl,SMC
lca_fl_TCAATCTAGTAACGTA-1,lca_fl,DC
rca_l_AGGGCTCCATACCATG-1,rca_l,SMC
ctrl_lo_TTCTCTCGTCGCACAC-1,ctrl_lo,FB
lca_fl_AACCATGAGCGGTATG-1,lca_fl,DC
lca_l_ATGCATGAGCTAGCCC-1,lca_l,FB
lca_ld_ACACAGTCACTGCATA-1,lca_ld,MP
2dl_AGTGATCCAGACACAG-1,2dl,SMC
lca_lo_CTGGCAGGTGTATCCA-1,lca_lo,MP
lca_ld_AGTGACTAGTTCCGTA-1,lca_ld,MP
pcsk9_wtd_TGATGCATCGTTAGTG-1,pcsk9_wtd,SMC
pcsk9_wtd_CCGCAAGAGCAATTCC-1,pcsk9_wtd,SMC
2wl_ACATGCAAGAGCGACT-1,2wl,MP
lca_wtd_CCGAACGAGTAAACGT-1,lca_wtd,MP
lca_wtd_AATCGTGGTCTGCAAT-1,lca_wtd,MP
lca_l_AACCATGGTCAGATTC-1,lca_l,SMC
ctrl_wtd_CCTCATGAGTCCGCGT-1,ctrl_wtd,MP
lca_ld_CGAATTGTCGTCACCT-1,lca_ld,SMC
rca_wtd_TGCATCCAGGCCATAG-1,rca_wtd,FB
lca_fl_CCTAAGAGTCAACCAT-1,lca_fl,SMC
lca_l_GAATCGTTCATTGTTC-1,lca_l,MP
2wl_GGAATGGAGCACTAGG-1,2wl,DC
rca_wtd_ATGGTTGTCCCACAGG-1,rca_wtd,MP
lca_fl_GATTCTTAGACATAAC-1,lca_fl,FB
lca_l_CTACAGAAGAAACCAT-1,lca_l,FB
lca_lo_AAAGTCCGTCCTGAAT-1,lca_lo,SMC
rca_wtd_GTGCTGGAGGGTATAT-1,rca_wtd,SMC
lca_l_GAATAGATCAAGAGTA-1,lca_l,MP
lca_ld_TCGTCCAGTTTAGTCG-1,lca_ld,MP
lca_ld_CATTCATCAGAGTCAG-1,lca_ld,MP
ctrl_lo_CCACTTGGTCGCTTAA-1,ctrl_lo,SMC
lca_ld_AGACCATTCCAGCACG-1,lca_ld,MP
lca_ld_GGAGGATGTCACGCTG-1,lca_ld,MP
lca_lo_CTGAGCGGTTTAGAGA-1,lca_lo,SMC
2wl_TACGTCCAGTCTCGTA-1,2wl,MP
rca_l_CCTTCAGGTACGATGG-1,rca_l,SMC
lca_ld_ATCACTTCATGTCGTA-1,lca_ld,MP
lca_ld_GCATGATAGGGTCTTT-1,lca_ld,SMC
lca_l_TCGACCTAGTTGTCGT-1,lca_l,EC
lca_ld_CCAATTTAGCTTACGT-1,lca_ld,SMC
rca_lo_AATGACCGTCCAGCAC-1,rca_lo,FB
pcsk9_fl_TTGTGGAGTGGCTTGC-1,pcsk9_fl,EC
lca_wtd_CTGCCATCAACGATTC-1,lca_wtd,MP
2dl_GGGACCTAGCGGGTTA-1,2dl,EC
rca_lo_CTGTATTGTACTCGAT-1,rca_lo,FB
rca_l_AGGTCTACATGACTGT-1,rca_l,SMC
lca_ld_GTGCAGCGTTTGGAAA-1,lca_ld,MP
lca_ld_CCTCCTCCACTACGGC-1,lca_ld,MP
ctrl_lo_CGAAGTTCAACCCTCT-1,ctrl_lo,SMC
lca_ld_TGTTCCGCACCTGTCT-1,lca_ld,SMC
ctrl_wtd_GCTTTCGAGATGCTGG-1,ctrl_wtd,FB
lca_lo_CCCTCAAAGGGTACAC-1,lca_lo,MP
lca_ld_GGGAAGTGTACTCCGG-1,lca_ld,MP
rca_lo_AGTGATCAGCAATAAC-1,rca_lo,FB
pcsk9_lo_TAGACCAAGCTGAGTG-1,pcsk9_lo,SMC
lca_ld_AGCATCATCCACACAA-1,lca_ld,MP
lca_ld_TACCTGCCAATCGCGC-1,lca_ld,EC
pcsk9_wtd_ATGTCCCGTCGTGGTC-1,pcsk9_wtd,SMC
pcsk9_ld_TTTGTTGTCTTGTTAC-1,pcsk9_ld,EC
ctrl_lo_CTTTCAAAGGTGCTGA-1,ctrl_lo,FB
ctrl_fl_CAGCAATTCGACGCGT-1,ctrl_fl,EC
2dr_TTTATGCTCAGTCAGT-1,2dr,EC
lca_ld_AGTGATCGTTGGGATG-1,lca_ld,SMC
lca_fl_TGAGCATCAGAATTCC-1,lca_fl,MP
lca_lo_TCAAGTGTCGGAATTC-1,lca_lo,SMC
2wl_AAGCGAGGTATGATCC-1,2wl,SMC
lca_ld_ACCAAACCAAGTGACG-1,lca_ld,EC
lca_ld_GCAGGCTTCAAACCTG-1,lca_ld,MP
lca_lo_GTAATGCCATGACTGT-1,lca_lo,MP
lca_l_TCATACTTCGCGTAGC-1,lca_l,FB
ctrl_lo_ATTCCCGGTTAAACAG-1,ctrl_lo,SMC
rca_ld_GCCAGTGCACACCTGG-1,rca_ld,EC
lca_lo_CTGCGAGCACGCAGTC-1,lca_lo,NT
2wl_CGGGCATGTGAGCGAT-1,2wl,EC
lca_ld_AGCATCAAGTAGACCG-1,lca_ld,MP
pcsk9_lo_GTTAGACGTAGACAGC-1,pcsk9_lo,FB
rca_wtd_TTTGACTCACGGTGTC-1,rca_wtd,SMC
lca_ld_CATGCTCGTTACCGTA-1,lca_ld,DC
rca_wtd_AGGGTGATCTCGTGGG-1,rca_wtd,FB
2dl_CCTGCATAGCGTTACT-1,2dl,DC
rca_lo_GTTAGTGAGGTGATCG-1,rca_lo,SMC
pcsk9_wtd_TTTCATGTCGTTATCT-1,pcsk9_wtd,SMC
lca_ld_ACAACCAAGTTGAAGT-1,lca_ld,MP
lca_ld_TAGGAGGAGAAATGGG-1,lca_ld,MP
lca_ld_CCGGACACACCCAATA-1,lca_ld,MP
rca_ld_GCAGTTATCGCTCTAC-1,rca_ld,EC
2wl_ACACTGACAAGCGCAA-1,2wl,MP
rca_lo_TCCACCAGTGCCTATA-1,rca_lo,SMC
ctrl_lo_TCCTCGACACCAGGTC-1,ctrl_lo,SMC
lca_l_TCATCCGTCTCTCCGA-1,lca_l,FB
pcsk9_lo_CATCAAGTCCGTGGCA-1,pcsk9_lo,EC
lca_l_TGCACGGTCTTGGCTC-1,lca_l,EC
lca_ld_GATGATCTCCCTCAAC-1,lca_ld,SMC
lca_ld_ACGCACGGTATCGCAT-1,lca_ld,MP
lca_ld_CAATGACCAACTCGAT-1,lca_ld,SMC
rca_lo_TGGGAAGCAAGCAATA-1,rca_lo,SMC
lca_ld_TAGACTGCATCACCAA-1,lca_ld,MP
pcsk9_wtd_TCTCACGAGCTCATAC-1,pcsk9_wtd,FB
lca_lo_CTGCAGGTCATTACCT-1,lca_lo,FB
lca_fl_GTAGGAGGTATGGTTC-1,lca_fl,MP
lca_ld_ATCGGATGTTGTCATG-1,lca_ld,SMC
lca_fl_ACGCACGCAATAGTCC-1,lca_fl,FB
lca_ld_GACTCAATCACTCTTA-1,lca_ld,MP
rca_lo_TCTAACTAGGTAATCA-1,rca_lo,SMC
rca_l_GAGCCTGAGGCGACAT-1,rca_l,SMC
lca_fl_TCTTTGATCATTTCCA-1,lca_fl,DC
pcsk9_wtd_AACTTCTAGCTGGCCT-1,pcsk9_wtd,FB
lca_ld_GATAGCTGTCGGCTAC-1,lca_ld,MP
lca_lo_CTCCCAAGTTTGTGGT-1,lca_lo,SMC
lca_l_TCCTCTTGTTGTGTTG-1,lca_l,SMC
lca_ld_ATCCACCGTAGATCCT-1,lca_ld,DC
lca_ld_GAGACTTAGGGACCAT-1,lca_ld,MP
lca_ld_TGTTCTAAGCGCATCC-1,lca_ld,MP
lca_lo_GTCCACTTCCATAAGC-1,lca_lo,MP
lca_ld_CTGATCCTCGTACCTC-1,lca_ld,SMC
lca_l_TAGACTGGTCTAGATC-1,lca_l,MP
pcsk9_wtd_TGGGCGTTCTTACCAT-1,pcsk9_wtd,SMC
lca_ld_AATGGAAAGGCCATAG-1,lca_ld,SMC
rca_lo_CGCCAGATCTAAGGAA-1,rca_lo,FB
rca_l_TGATGCAGTACTGCGC-1,rca_l,EC
ctrl_lo_TCACACCAGCTGAGCA-1,ctrl_lo,SMC
lca_fl_TCATGGAAGGTGCCTC-1,lca_fl,SMC
ctrl_lo_AGGTTACTCGCTCATC-1,ctrl_lo,SMC
rca_ld_GAAGCCCAGATGCGAC-1,rca_ld,EC
pcsk9_ld_TTACAGGGTATACAGA-1,pcsk9_ld,EC
pcsk9_wtd_CCTAAGAAGACTCTTG-1,pcsk9_wtd,SMC
lca_ld_TTGGTTTCAATGACCT-1,lca_ld,MP
lca_ld_CCCTAACTCTCGGCTT-1,lca_ld,SMC
rca_ld_AGCCAATAGCCATTGT-1,rca_ld,EC
lca_lo_TTGAACGGTGATGGCA-1,lca_lo,MP
lca_ld_TCTATACCAGGGTCTC-1,lca_ld,MP
lca_l_TGTGATGAGCTGTTAC-1,lca_l,SMC
2dr_GTGAGCCGTATGGTAA-1,2dr,EC
ctrl_lo_ACCCTTGTCCAATCCC-1,ctrl_lo,EC
lca_lo_TCCTTTCCAATGGCAG-1,lca_lo,MP
2wl_CATCCCAGTTTCGATG-1,2wl,TC
lca_ld_TTTCACAGTGATTGGG-1,lca_ld,MP
pcsk9_wtd_GCACGTGCACATCCCT-1,pcsk9_wtd,FB
lca_ld_AGTTAGCTCAGCCCAG-1,lca_ld,SMC
lca_l_AAGCGAGGTTCTTGCC-1,lca_l,DC
rca_lo_GCTTCACCATCCTATT-1,rca_lo,FB
lca_l_AGTCACAAGAGCATAT-1,lca_l,FB
lca_ld_CCCAACTGTTACGTAC-1,lca_ld,SMC
2dl_AGCGCTGCATTACGGT-1,2dl,MP
rca_lo_TGGTACATCGCGTGCA-1,rca_lo,SMC
2wl_TCGGTCTGTTTCACTT-1,2wl,SMC
lca_lo_GTCATGAGTGGGTCAA-1,lca_lo,NT
ctrl_wtd_GTTGCGGGTAGGAAAG-1,ctrl_wtd,SMC
rca_lo_TTTCACAAGAAGGATG-1,rca_lo,MP
pcsk9_wtd_CATTCATCATTCGGGC-1,pcsk9_wtd,SMC
lca_lo_TGTCCACGTGGAGGTT-1,lca_lo,MP
lca_fl_CGTGAATGTCAAATCC-1,lca_fl,MP
lca_lo_TCATTCATCGCATAGT-1,lca_lo,MP
lca_wtd_TACTTACCATTGGATC-1,lca_wtd,BC
lca_ld_GGTTAACGTCACAATC-1,lca_ld,MP
lca_ld_AGTTCCCGTTTGACAC-1,lca_ld,MP
lca_ld_TTCCGTGAGGCCTTCG-1,lca_ld,MP
pcsk9_wtd_TCTATCATCCATTGGA-1,pcsk9_wtd,FB
2wl_GGGTTATGTTTCAGAC-1,2wl,MP
ctrl_wtd_CTCTCAGCAGCATACT-1,ctrl_wtd,SMC
lca_ld_GAACGTTAGTGGACGT-1,lca_ld,MP
lca_fl_GTAACACTCTGGGATT-1,lca_fl,TC
ctrl_wtd_AGCTACACATCGAGCC-1,ctrl_wtd,SMC
lca_fl_CCTCAGTGTCCGTACG-1,lca_fl,MP
2dl_GAAGGGTGTCCGTACG-1,2dl,EC
lca_fl_CCTGTTGCAGAGATGC-1,lca_fl,EC
lca_ld_ATCGTAGCACGACTAT-1,lca_ld,MP
rca_lo_AAGTCGTGTCAACATC-1,rca_lo,FB
lca_l_TAACGACTCAAAGGAT-1,lca_l,EC
lca_ld_TCAGTGAAGACCCTTA-1,lca_ld,EC
lca_ld_GAATAGACAGTCTACA-1,lca_ld,MP
pcsk9_wtd_CATACAGGTCAGGTGA-1,pcsk9_wtd,SMC
lca_ld_TAGCACATCGCAGAGA-1,lca_ld,MP
rca_l_TACCCACGTCTTCAAG-1,rca_l,SMC
lca_ld_CCTAACCTCGCTGTCT-1,lca_ld,SMC
pcsk9_lo_CATGCGGAGCTACTGT-1,pcsk9_lo,FB
lca_ld_CCACAAACAGGACATG-1,lca_ld,MP
lca_fl_CAACAACAGTAGGGTC-1,lca_fl,MP
ctrl_fl_GCTGCAGCAAATGGAT-1,ctrl_fl,EC
2wl_TGTTCCGTCAGCTGAT-1,2wl,SMC
ctrl_lo_ACGCACGCAGTCACGC-1,ctrl_lo,FB
pcsk9_wtd_GTTTACTAGCGTCAGA-1,pcsk9_wtd,SMC
lca_ld_TGGTGATTCCAATCCC-1,lca_ld,MP
lca_l_AATGACCAGTGTAGTA-1,lca_l,FB
rca_l_CGTCAAAGTGTCCACG-1,rca_l,SMC
2wl_TGACGCGGTAGCTGTT-1,2wl,EC
lca_l_CACCAAAGTGATATAG-1,lca_l,SMC
ctrl_lo_TGGTTAGGTGTCATTG-1,ctrl_lo,FB
2dl_CTCACTGCACCTGCAG-1,2dl,EC
lca_l_GCATCTCCATGAATAG-1,lca_l,SMC
rca_lo_CAGATCAGTGGCGCTT-1,rca_lo,SMC
ctrl_fl_GGAATCTAGCATGGGT-1,ctrl_fl,EC
lca_ld_CCGTGAGGTCTAACTG-1,lca_ld,MP
rca_lo_CGATGCGAGCTTAGTC-1,rca_lo,SMC
lca_ld_TGTTGGAGTGTTCGTA-1,lca_ld,SMC
ctrl_lo_CATTGCCTCTTGAGCA-1,ctrl_lo,SMC
ctrl_lo_CATACAGAGGACTTCT-1,ctrl_lo,FB
2wl_CAGATACCAAGGAGTC-1,2wl,MP
ctrl_ld_CATTGCCGTCTCTCCA-1,ctrl_ld,SMC
ctrl_fl_CATCCACGTCTTCTAT-1,ctrl_fl,FB
rca_lo_GGCTTTCAGTTACGTC-1,rca_lo,SMC
lca_l_TAGCACATCCTTGAAG-1,lca_l,SMC
lca_wtd_GTCTACCTCTCCTGTG-1,lca_wtd,TC
rca_lo_CAGTTAGAGAAGTCCG-1,rca_lo,FB
ctrl_lo_TGGGCGTTCCACGTCT-1,ctrl_lo,SMC
ctrl_lo_AGCATCAAGTAAACAC-1,ctrl_lo,SMC
lca_lo_TAGAGTCAGGTAGTAT-1,lca_lo,EC
2dr_CACATGAAGAAACCCG-1,2dr,EC
rca_f_GCATGATCACTAGGTT-1,rca_f,EC
rca_wtd_AGGATAAGTTTACCTT-1,rca_wtd,SMC
lca_lo_TAGACCAAGTTGTCAC-1,lca_lo,SMC
rca_f_TGGTAGTAGCATGCGA-1,rca_f,DC
lca_ld_GCAGCCAAGCCTCTCT-1,lca_ld,MP
lca_l_TTCCGTGCAGATTAAG-1,lca_l,SMC
lca_ld_AGTTCCCAGACGCTCC-1,lca_ld,MP
2dr_AGAGAATAGAAGCTCG-1,2dr,EC
rca_lo_CCGGACAAGGACCCAA-1,rca_lo,FB
lca_ld_ACCGTTCCACAGGATG-1,lca_ld,MP
lca_ld_AAGATAGCACACAGCC-1,lca_ld,MP
lca_lo_CTTAGGACAACTCCCT-1,lca_lo,MP
rca_lo_AGTGATCCAGGTGAGT-1,rca_lo,SMC
lca_l_ATGTCCCCAATGTGGG-1,lca_l,SMC
lca_l_TGGAACTGTCATTCCC-1,lca_l,FB
ctrl_wtd_GAAGTAAGTTCTCACC-1,ctrl_wtd,SMC
lca_ld_TTTACGTCAGCCCAGT-1,lca_ld,SMC
ctrl_lo_ACTATGGAGTACAGAT-1,ctrl_lo,SMC
ctrl_wtd_ATCCTATCACGTCATA-1,ctrl_wtd,SMC
lca_fl_CGCCAGACATAACGGG-1,lca_fl,MP
lca_ld_GACAGCCCATCATCCC-1,lca_ld,MP
ctrl_wtd_AGGGTTTCAGATCCTA-1,ctrl_wtd,SMC
lca_ld_AGTTCGATCTTTCGAT-1,lca_ld,SMC
rca_lo_GGAGAACGTGAATTAG-1,rca_lo,SMC
lca_ld_TGCAGATCAATCTCTT-1,lca_ld,EC
rca_fl_TGATGCAGTCGAAGCA-1,rca_fl,EC
lca_l_CGTGCTTTCGCCATAA-1,lca_l,EC
lca_ld_TATTGCTAGGCTAACG-1,lca_ld,SMC
lca_l_TGTAGACTCAATGTCG-1,lca_l,FB
lca_l_AGCTACAGTCTATGAC-1,lca_l,SMC
lca_wtd_AAGCGAGGTCTAGATC-1,lca_wtd,FB
rca_l_CAATACGGTCCCGCAA-1,rca_l,FB
rca_wtd_AAGTCGTAGACAGTCG-1,rca_wtd,FB
lca_ld_CATTGAGCACCAGGTC-1,lca_ld,SMC
lca_ld_TATCAGGGTTCCACAA-1,lca_ld,SMC
lca_ld_GAGTTGTAGACTCAAA-1,lca_ld,SMC
rca_lo_CTCTCGACACACGGTC-1,rca_lo,FB
ctrl_wtd_GGACGTCTCACCATCC-1,ctrl_wtd,FB
lca_ld_GACATCAAGCAATAAC-1,lca_ld,MP
lca_ld_AAACGCTGTAACGGTG-1,lca_ld,EC
lca_fl_GTGCTTCAGGGTTAGC-1,lca_fl,FB
rca_wtd_GCACATAGTGTCTAAC-1,rca_wtd,SMC
lca_l_CCGGGTAGTGTCCCTT-1,lca_l,FB
lca_ld_GGCGTCATCAGTCCGG-1,lca_ld,EC
lca_ld_TAAGCGTGTCCACTTC-1,lca_ld,DC
lca_ld_TGCAGTAAGCCGTCGT-1,lca_ld,SMC
lca_ld_TTCCACGTCGCTAAAC-1,lca_ld,MP
lca_ld_CGACAGCCAAACTCGT-1,lca_ld,MP
pcsk9_wtd_TCATGGATCCAGCCTT-1,pcsk9_wtd,SMC
2wr_CTACATTCAGCAGTAG-1,2wr,EC
lca_ld_GATTGGTGTAGTGCGA-1,lca_ld,MP
2wl_GAGTTTGCATGTTACG-1,2wl,EC
lca_l_TAGGAGGTCCCGATCT-1,lca_l,SMC
lca_l_AACCAACGTCAACATC-1,lca_l,SMC
lca_ld_AATGAAGAGACATGCG-1,lca_ld,MP
ctrl_lo_ACAAAGAAGCATCGAG-1,ctrl_lo,SMC
lca_fl_TGTTCCGCACGCGGTT-1,lca_fl,MP
lca_ld_CCAAGCGAGGCTTTCA-1,lca_ld,EC
lca_ld_TCCGGGACAGGTCCCA-1,lca_ld,MP
lca_lo_CTCCATGAGGTGCTGA-1,lca_lo,FB
pcsk9_wtd_AACCTGACAACGACTT-1,pcsk9_wtd,SMC
lca_ld_GCATCTCTCAGGTAAA-1,lca_ld,MP
pcsk9_lo_ACATCCCAGCCAAGTG-1,pcsk9_lo,SMC
lca_ld_GGAGAACCAAGCTCTA-1,lca_ld,SMC
lca_ld_CGGTCAGGTGCGGCTT-1,lca_ld,MP
lca_l_GCAGGCTCACGTCTCT-1,lca_l,EC
lca_fl_TAGGAGGAGTAAACGT-1,lca_fl,TC
2dr_ACTATCTAGCGACAGT-1,2dr,EC
rca_lo_AGATGAAGTTCTCTAT-1,rca_lo,SMC
lca_l_TCGTCCACAATTGCTG-1,lca_l,SMC
lca_fl_GCACTAAGTGCCGTAC-1,lca_fl,MP
2wl_CCTTTGGAGTCACGCC-1,2wl,SMC
ctrl_wtd_TGGCGTGTCGGAGTAG-1,ctrl_wtd,SMC
lca_ld_CAACCAATCTGTGTGA-1,lca_ld,MP
lca_ld_CCTCCTCTCTTTGCTA-1,lca_ld,SMC
ctrl_wtd_TCATTGTAGCTGTACT-1,ctrl_wtd,SMC
lca_ld_TCAAGTGCAGCTGCCA-1,lca_ld,EC
lca_ld_CCCGGAAAGTAAACTG-1,lca_ld,EC
rca_wtd_CACGGGTAGCCTTTCC-1,rca_wtd,SMC
lca_fl_CCTATCGCAGAGCCCT-1,lca_fl,EC
lca_ld_TTGCGTCCACCAGCTG-1,lca_ld,MP
rca_lo_TGGGTTATCATCACAG-1,rca_lo,FB
rca_lo_TCTTGCGAGGTATAGT-1,rca_lo,FB
ctrl_lo_TCATTTGCAGGGAGAG-1,ctrl_lo,FB
lca_l_TCCACCAGTAGATGTA-1,lca_l,SMC
lca_ld_TTTGTTGCAGCTCATA-1,lca_ld,MP
pcsk9_lo_GCTGGGTAGGACTTCT-1,pcsk9_lo,SMC
ctrl_wtd_TGTCCTGGTAACCAGG-1,ctrl_wtd,SMC
2wl_ATCCATTCATTCGATG-1,2wl,SMC
lca_lo_GGCAGTCTCCACTGAA-1,lca_lo,MP
pcsk9_lo_TGTACAGCAAAGTATG-1,pcsk9_lo,EC
lca_ld_AAGGTAATCTAACGCA-1,lca_ld,MP
lca_ld_TACCGAATCCGATCTC-1,lca_ld,TC
rca_lo_CAGCACGGTGTACAGG-1,rca_lo,FB
lca_ld_AATCACGTCTTCCAGC-1,lca_ld,MP
lca_ld_TATGTTCGTTATCTTC-1,lca_ld,MP
rca_lo_CACCGTTTCTCATGCC-1,rca_lo,SMC
ctrl_lo_CACAACATCATGCATG-1,ctrl_lo,SMC
ctrl_wtd_GGTTCTCGTTAGGAGC-1,ctrl_wtd,SMC
rca_lo_TGCGATACAGATCCTA-1,rca_lo,EC
pcsk9_lo_ACATCGAGTCTGTCCT-1,pcsk9_lo,SMC
lca_lo_TGGGCTGCATCGTTCC-1,lca_lo,SMC
2dl_GAAGTAAGTTAGGAGC-1,2dl,SMC
pcsk9_lo_TGAGGAGCAACCACAT-1,pcsk9_lo,SMC
rca_wtd_GTTCATTTCGACGATT-1,rca_wtd,SMC
lca_ld_GGAGCAAAGGGCAACT-1,lca_ld,MP
ctrl_lo_CTATCTATCATTGCGA-1,ctrl_lo,EC
pcsk9_lo_GAAGTAAAGGTGAGCT-1,pcsk9_lo,SMC
rca_ld_CCGATGGAGAGCTTTC-1,rca_ld,EC
rca_lo_CGATGCGGTGATCATC-1,rca_lo,SMC
rca_lo_ATGTCTTTCGAACCAT-1,rca_lo,SMC
2wl_CTACCTGTCCAGTACA-1,2wl,FB
rca_lo_CAATACGCAATTGGTC-1,rca_lo,SMC
lca_l_CCTTCAGGTCAAGCCC-1,lca_l,FB
rca_lo_CTCATGCTCACTGAAC-1,rca_lo,SMC
lca_ld_TTTATGCTCCGCCTAT-1,lca_ld,SMC
rca_l_AGAGCAGGTGCATCTA-1,rca_l,FB
lca_ld_TTTACCACAGACAAGC-1,lca_ld,SMC
lca_ld_CAAGACTCATCTCAAG-1,lca_ld,DC
ctrl_wtd_GCATGATTCTAGACAC-1,ctrl_wtd,SMC
lca_ld_TCACACCAGTGCAACG-1,lca_ld,EC
lca_fl_ATATCCTTCCGAGCTG-1,lca_fl,SMC
lca_ld_CCCTGATCACTTTAGG-1,lca_ld,SMC
ctrl_lo_AAAGTCCCAGACAATA-1,ctrl_lo,EC
lca_fl_GTTACAGTCACTGATG-1,lca_fl,MP
lca_ld_TCACAAGTCAAACCCA-1,lca_ld,EC
lca_l_TAGAGTCGTCTGCAAT-1,lca_l,FB
lca_lo_AAACGCTCACTGCGAC-1,lca_lo,SMC
lca_ld_TGGATCATCGGTGTAT-1,lca_ld,SMC
lca_lo_AGGACGAGTCGTGCCA-1,lca_lo,SMC
rca_lo_CAATCGACATCGAACT-1,rca_lo,SMC
lca_ld_AAACGAAAGTTGAAAC-1,lca_ld,MP
lca_ld_CGGACACAGTGTAGTA-1,lca_ld,MP
lca_ld_AAGACAAAGTGCCCGT-1,lca_ld,MP
lca_ld_AGCCAATGTTGAATCC-1,lca_ld,SMC
rca_ld_CTGCATCCAACCAGAG-1,rca_ld,SMC
lca_ld_CGCCATTAGGGCCTCT-1,lca_ld,SMC
2dl_TGCTGAAGTCCCGGTA-1,2dl,FB
rca_lo_TACTTACAGCATGCGA-1,rca_lo,FB
rca_l_GAATAGAGTGTGCTTA-1,rca_l,EC
rca_lo_ATTCCCGGTGGTAACG-1,rca_lo,FB
rca_lo_TAGACCAGTGACTCGC-1,rca_lo,EC
pcsk9_wtd_CAAGACTGTATCGTGT-1,pcsk9_wtd,SMC
lca_lo_TCGTCCAGTGCTAGCC-1,lca_lo,FB
lca_l_GGGTAGAAGGCTCCCA-1,lca_l,MP
rca_lo_AGGTAGGGTTTGTTGG-1,rca_lo,FB
lca_l_AAAGGTAAGTAAGCAT-1,lca_l,MP
lca_l_TTCAATCAGCTGCCTG-1,lca_l,FB
rca_l_TTTGACTAGCGTCGAA-1,rca_l,EC
lca_lo_CCTTGTGAGTGGTTAA-1,lca_lo,FB
2dr_GAGGCCTAGGGAGGTG-1,2dr,EC
lca_wtd_AGGTTGTGTATGAGGC-1,lca_wtd,FB
rca_lo_TTAGGGTGTTATGTGC-1,rca_lo,FB
lca_ld_GGTCTGGAGGGCAATC-1,lca_ld,SMC
lca_l_AGCGTCGAGCCAAGGT-1,lca_l,SMC
lca_fl_AAGCATCAGGCTAAAT-1,lca_fl,MP
pcsk9_wtd_AAGTACCGTGCTGTCG-1,pcsk9_wtd,SMC
lca_ld_CTGTATTTCGCCCAGA-1,lca_ld,SMC
rca_wtd_ACGGAAGAGTATGAGT-1,rca_wtd,SMC
rca_ld_CCCGAAGGTGTCATCA-1,rca_ld,EC
lca_wtd_TTTGACTGTGTCTTAG-1,lca_wtd,MP
lca_lo_GACTCTCCACTTGGGC-1,lca_lo,FB
ctrl_wtd_TTTCCTCCACTAACCA-1,ctrl_wtd,SMC
pcsk9_wtd_ATCCCTGTCCTCTCGA-1,pcsk9_wtd,SMC
rca_lo_CGTTCTGAGTATCTGC-1,rca_lo,SMC
lca_ld_GAATCGTTCTATTCGT-1,lca_ld,MP
lca_ld_TCATACTAGTCATCCA-1,lca_ld,MP
ctrl_lo_AGTAGCTTCTTGGATG-1,ctrl_lo,FB
lca_ld_TGCTGAAGTAGTCTTG-1,lca_ld,SMC
rca_lo_GATGATCAGTTGTCGT-1,rca_lo,SMC
lca_ld_TCTACATTCACGATAC-1,lca_ld,DC
lca_fl_CCTGTTGTCAACTGGT-1,lca_fl,DC
lca_fl_CTCCTTTAGACTTCCA-1,lca_fl,MP
lca_ld_CATGGATTCTGGGCGT-1,lca_ld,MP
lca_lo_ACTTCGCTCAGGTGTT-1,lca_lo,SMC
lca_ld_TATACCTGTACAGAGC-1,lca_ld,MP
ctrl_lo_CAAGAGGTCCCTTCCC-1,ctrl_lo,SMC
pcsk9_wtd_AAAGGATGTTTGCCGG-1,pcsk9_wtd,SMC
2wr_TAGCACAAGGTTAAAC-1,2wr,EC
rca_lo_GCTACAAAGGGTTGCA-1,rca_lo,SMC
lca_wtd_GTAGTACGTTGCTGAT-1,lca_wtd,MP
ctrl_lo_CTAAGTGCACAGTCGC-1,ctrl_lo,FB
lca_ld_CATCGGGCAAGGTCAG-1,lca_ld,EC
rca_lo_TCGGATAGTTTGAACC-1,rca_lo,FB
lca_ld_TGTGGCGTCCCTGTTG-1,lca_ld,SMC
rca_lo_GCGGAAAAGGGAGAAT-1,rca_lo,SMC
pcsk9_wtd_TGGGCGTAGAATAGTC-1,pcsk9_wtd,FB
lca_ld_GAGGCAATCTCATAGG-1,lca_ld,MP
lca_l_AACAAGATCTGCTTTA-1,lca_l,TC
2dr_CACGGGTTCGCAGTGC-1,2dr,EC
lca_ld_TTCCAATGTGCCTGAC-1,lca_ld,MP
pcsk9_ld_TGTAACGGTAACAGTA-1,pcsk9_ld,EC
lca_fl_GAATAGAGTCCAAATC-1,lca_fl,MP
rca_wtd_AGAGAGCAGCTACAAA-1,rca_wtd,SMC
lca_lo_CAGATTGGTAGCGAGT-1,lca_lo,NK
ctrl_lo_AGCATCAAGGCAATGC-1,ctrl_lo,EC
lca_ld_TACAGGTGTATGCTTG-1,lca_ld,SMC
rca_lo_CTTAGGACAGTTAAAG-1,rca_lo,SMC
lca_ld_GACCGTGCAGGACAGT-1,lca_ld,MP
lca_l_TGACCCTCAAATACAG-1,lca_l,FB
lca_ld_GGGCCATTCATCACCC-1,lca_ld,FB
lca_ld_TATCGCCGTGGGCTCT-1,lca_ld,MP
rca_ld_ATTCGTTGTCTTCTAT-1,rca_ld,SMC
lca_ld_CACACAATCTATCGTT-1,lca_ld,MP
ctrl_wtd_GTCTCACGTTCCACGG-1,ctrl_wtd,SMC
lca_ld_AGTGACTAGGATGTTA-1,lca_ld,MP
lca_lo_TCTACATAGACTAAGT-1,lca_lo,MP
rca_l_TAGACTGCACCTTCCA-1,rca_l,SMC
lca_fl_TATACCTAGACAACTA-1,lca_fl,MP
2wl_ATCGGATAGACCACGA-1,2wl,EC
lca_ld_TCCACGTTCGAGCTGC-1,lca_ld,SMC
lca_ld_AAGAACAAGCAAGGAA-1,lca_ld,SMC
rca_ld_CCGAACGGTGTATCCA-1,rca_ld,FB
rca_l_CCCGAAGTCGAAATCC-1,rca_l,SMC
lca_ld_CGTGTCTAGGAGGTTC-1,lca_ld,MP
lca_fl_CAACAGTTCATTGGTG-1,lca_fl,EC
lca_ld_GAGTGAGAGCTAATCC-1,lca_ld,SMC
lca_ld_GTTCCGTTCTTTGATC-1,lca_ld,MP
lca_l_TGACAGTAGCGAACTG-1,lca_l,MP
rca_lo_ATCGCCTAGGAGTACC-1,rca_lo,FB
lca_ld_AAGCCATCAGTCTGGC-1,lca_ld,SMC
2dr_CGAATTGGTTGCATTG-1,2dr,EC
lca_ld_CTAGGTATCGCATTGA-1,lca_ld,SMC
ctrl_lo_AGACAGGGTAGCGCTC-1,ctrl_lo,SMC
lca_ld_TTGTTGTAGTCTTGGT-1,lca_ld,MP
rca_l_TCCTTTCTCCCAAGTA-1,rca_l,SMC
lca_ld_CAGTGCGTCGCACTCT-1,lca_ld,MP
lca_ld_TTCACGCTCGTAATGC-1,lca_ld,MP
pcsk9_lo_TACTTGTGTAGATCGG-1,pcsk9_lo,SMC
lca_fl_TTTGACTCAACTACGT-1,lca_fl,DC
lca_ld_ATCCCTGTCGCCTATC-1,lca_ld,MP
lca_fl_AACGAAAGTTACCCTC-1,lca_fl,EC
2wr_TGCAGTACAATCCAGT-1,2wr,EC
rca_ld_TTCCAATAGGGCAGAG-1,rca_ld,EC
lca_l_GTACAACCACCCGTAG-1,lca_l,FB
lca_ld_GCTACCTAGCGCCTCA-1,lca_ld,EC
lca_ld_TCCTCCCAGAAGAACG-1,lca_ld,EC
2dl_TCGACGGTCAATCGGT-1,2dl,EC
rca_l_GAACGTTGTCACTTAG-1,rca_l,FB
2wl_GTAATGCTCGATACAC-1,2wl,EC
lca_ld_TCTGTCGGTGAGCGAT-1,lca_ld,SMC
rca_wtd_GTTGAACCATGATCTG-1,rca_wtd,FB
rca_wtd_ACAAGCTCATTAGGAA-1,rca_wtd,SMC
rca_l_TTCCGTGTCACCTCTG-1,rca_l,SMC
rca_ld_GCATTAGTCCCATTCG-1,rca_ld,EC
2wl_TGAATCGTCGTTGCCT-1,2wl,EC
lca_lo_TATCCTATCAAGGACG-1,lca_lo,MP
lca_ld_CATGAGTTCAGGAACG-1,lca_ld,MP
lca_ld_GGGTCACCACTCATAG-1,lca_ld,MP
lca_ld_CATGCAAAGCCTGTCG-1,lca_ld,MP
lca_ld_GCCGTGATCTGTCGTC-1,lca_ld,MP
lca_ld_CAATGACTCGTTCATT-1,lca_ld,MP
2wl_CCTTGTGCAATTGCTG-1,2wl,EC
rca_fl_CATTGTTCACAATGTC-1,rca_fl,EC
lca_ld_TGCTCGTAGAGTTGTA-1,lca_ld,SMC
2wl_GTTGCGGCATGGCCCA-1,2wl,MP
lca_l_GTGGAAGTCTCTGCTG-1,lca_l,SMC
rca_lo_TGATTCTCATTAAAGG-1,rca_lo,FB
lca_ld_TCTGCCAGTCGACGCT-1,lca_ld,MP
pcsk9_lo_TAACTTCAGTTCGGTT-1,pcsk9_lo,SMC
pcsk9_lo_CACAACATCGGCTCTT-1,pcsk9_lo,SMC
lca_ld_TGACAGTTCAGGAAAT-1,lca_ld,MP
lca_l_AATTTCCGTTCCACGG-1,lca_l,FB
rca_l_CGTGAATTCCGCAACG-1,rca_l,FB
2dl_CAATTTCGTTATGACC-1,2dl,EC
lca_ld_CACTAAGCAAGCCTGC-1,lca_ld,MP
2dr_TGTTTGTCAGAGACTG-1,2dr,EC
lca_lo_CATTCATAGAAACTCA-1,lca_lo,FB
lca_ld_TCGGTCTCAAGATCCT-1,lca_ld,MP
lca_lo_CATCCACGTATCACGT-1,lca_lo,SMC
pcsk9_wtd_GCCCAGAAGCGTGTCC-1,pcsk9_wtd,SMC
lca_ld_TCATATCTCGTTGTAG-1,lca_ld,MP
lca_ld_CAGATTGTCAGGAACG-1,lca_ld,MP
lca_lo_AACACACGTAGAGTTA-1,lca_lo,FB
rca_l_TTCGGTCGTATCGTGT-1,rca_l,SMC
lca_l_TCTTTGAAGCTAGAGC-1,lca_l,MP
pcsk9_lo_GAGTTTGCAACGTATC-1,pcsk9_lo,SMC
rca_wtd_AACCTTTGTTGCCATA-1,rca_wtd,SMC
lca_ld_GCCCGAAGTCTACAGT-1,lca_ld,MP
lca_fl_CAGGCCATCTTACGTT-1,lca_fl,SMC
rca_lo_AGGGTGAAGTCCCTAA-1,rca_lo,SMC
pcsk9_lo_TCTGTCGCATGATAGA-1,pcsk9_lo,SMC
rca_lo_GGTTGTATCCATCCGT-1,rca_lo,SMC
2wr_AGAAGTATCATTACGG-1,2wr,EC
pcsk9_lo_ATTCTTGCAATCTCTT-1,pcsk9_lo,SMC
lca_fl_GTTGTGAGTCACTCGG-1,lca_fl,SMC
lca_lo_CTATCTAAGTCACGAG-1,lca_lo,FB
lca_ld_GCCAGCAAGCATGAAT-1,lca_ld,MP
lca_ld_TCCTTTCCACTTCAGA-1,lca_ld,MP
pcsk9_lo_ACCTGTCAGGCTTAGG-1,pcsk9_lo,SMC
lca_ld_ATTACTCCATCGAAGG-1,lca_ld,MP
ctrl_wtd_AGGTTACTCAGGAACG-1,ctrl_wtd,SMC
lca_ld_CATCCACGTTTGAAAG-1,lca_ld,MP
rca_lo_TCACTCGCAAGAGGTC-1,rca_lo,FB
2dr_GCGATCGAGATGGTCG-1,2dr,EC
lca_ld_TCAAGTGCAACCGGAA-1,lca_ld,DC
ctrl_lo_TATGTTCAGCCATGCC-1,ctrl_lo,SMC
rca_wtd_AACAGGGCATCCTTCG-1,rca_wtd,SMC
pcsk9_lo_CACATGAAGTGCCAGA-1,pcsk9_lo,SMC
lca_lo_GGAGAACAGTCCCTAA-1,lca_lo,FB
lca_fl_CTGAGGCAGGAACGCT-1,lca_fl,EC
pcsk9_wtd_CACACAAGTGATATAG-1,pcsk9_wtd,SMC
lca_l_GTGTCCTCAATAGTAG-1,lca_l,FB
lca_ld_GCCAGTGTCTGGTGGC-1,lca_ld,MP
lca_ld_AATGGAACATGATAGA-1,lca_ld,MP
pcsk9_wtd_TGAGCATTCAGGGATG-1,pcsk9_wtd,SMC
lca_l_TATTTCGTCGAGTGAG-1,lca_l,EC
lca_ld_TTCCGTGCATGTCTAG-1,lca_ld,MP
lca_ld_TCCTCCCAGCCTGTCG-1,lca_ld,MP
lca_lo_TTGTTTGAGTACCCTA-1,lca_lo,SMC
lca_ld_TGTTGGAGTTCCATTT-1,lca_ld,SMC
pcsk9_lo_TTAGGGTCAGCCCACA-1,pcsk9_lo,SMC
lca_ld_TGTCCACGTTCCTACC-1,lca_ld,MP
lca_fl_CGGGTCAAGGTCACCC-1,lca_fl,SMC
lca_l_TCCGTGTGTGGCATCC-1,lca_l,EC
lca_ld_CCACGTTAGATGAACT-1,lca_ld,EC
ctrl_wtd_CATTGTTCAAAGACTA-1,ctrl_wtd,SMC
lca_fl_TGCATCCCAGCCTATA-1,lca_fl,DC
rca_lo_AGAGAATGTTCAACGT-1,rca_lo,FB
rca_f_TTCCTCTGTAGGCTCC-1,rca_f,EC
lca_fl_CACATGATCGCACTCT-1,lca_fl,MP
ctrl_lo_TCGAACAAGGCTAACG-1,ctrl_lo,FB
lca_fl_CCCTAACTCACCATAG-1,lca_fl,NT
rca_lo_CGCCATTGTAGATTAG-1,rca_lo,FB
rca_l_GGAGAACTCAAGTGTC-1,rca_l,EC
lca_ld_CGTGCTTTCCAGCAAT-1,lca_ld,MP
rca_l_TACCCACCAACTGTGT-1,rca_l,SMC
lca_ld_ACTTATCCACTTACAG-1,lca_ld,SMC
ctrl_lo_TGATCTTTCTCTCGCA-1,ctrl_lo,SMC
lca_l_CATTGCCTCATGCATG-1,lca_l,FB
pcsk9_wtd_GACATCATCTCGACGG-1,pcsk9_wtd,SMC
lca_ld_TTAGGCAGTAAGGAGA-1,lca_ld,MP
2wl_ATTTCACAGCTCGCAC-1,2wl,EC
pcsk9_wtd_CACAGATCACCTTCCA-1,pcsk9_wtd,SMC
lca_lo_AGAGCAGGTACCGTCG-1,lca_lo,SMC
lca_ld_ATTCTTGGTTCTCGCT-1,lca_ld,MP
lca_ld_AGCTTCCGTATCTCTT-1,lca_ld,MP
lca_ld_GAAGCCCAGCTGAGCA-1,lca_ld,MP
pcsk9_lo_TTCCACGCAAGAATGT-1,pcsk9_lo,EC
rca_wtd_CACGAATCAAGCTGCC-1,rca_wtd,SMC
rca_wtd_TCCCACATCCTACAAG-1,rca_wtd,SMC
lca_ld_CATCCGTTCGTTCCCA-1,lca_ld,MP
ctrl_ld_GATCACAAGCACTCAT-1,ctrl_ld,EC
lca_fl_GGGACAAGTACTGCCG-1,lca_fl,EC
lca_ld_ATAGAGAAGATGGCAC-1,lca_ld,EC
lca_lo_GTGAGTTGTTGGGCCT-1,lca_lo,MP
lca_l_GCTACCTGTAGGAAAG-1,lca_l,FB
rca_wtd_AGTTCCCTCTTCACAT-1,rca_wtd,FB
2dl_GAGTTGTTCACTTTGT-1,2dl,EC
pcsk9_wtd_GAGATGGGTCGACGCT-1,pcsk9_wtd,SMC
pcsk9_ld_CAAAGAATCGACGAGA-1,pcsk9_ld,FB
lca_l_CTTCTCTCAGGTTCAT-1,lca_l,EC
ctrl_wtd_TGCAGTATCCAACCGG-1,ctrl_wtd,SMC
lca_ld_AGATAGATCGATCCAA-1,lca_ld,SMC
rca_wtd_GCCATTCTCATCCCGT-1,rca_wtd,SMC
lca_ld_ACTCCCACAGTTTGGT-1,lca_ld,DC
lca_ld_GGGTATTAGTTCCAGT-1,lca_ld,MP
lca_ld_CTTCTCTAGGAGATAG-1,lca_ld,MP
lca_ld_TGCATGAGTACGAAAT-1,lca_ld,MP
lca_fl_TTCAATCAGCGTGTCC-1,lca_fl,DC
lca_l_GACTCAACAATCAAGA-1,lca_l,FB
lca_ld_CGAGTTACAGCAGGAT-1,lca_ld,SMC
pcsk9_wtd_TCTTTGATCACGGGAA-1,pcsk9_wtd,SMC
ctrl_lo_GAGGGTATCGAACACT-1,ctrl_lo,SMC
ctrl_wtd_AGAAGTACAATGGGTG-1,ctrl_wtd,FB
rca_lo_CACACAACATTGTGCA-1,rca_lo,FB
lca_ld_TTTACTGTCTTCCTAA-1,lca_ld,MP
lca_ld_ACGCACGTCATAGGCT-1,lca_ld,MP
lca_ld_TCTTGCGCAAAGTATG-1,lca_ld,MP
lca_fl_GACAGCCCAGGGATAC-1,lca_fl,MP
lca_l_CTTTCGGTCATAGAGA-1,lca_l,FB
ctrl_lo_GGGTTATGTCCTCAGG-1,ctrl_lo,FB
lca_ld_GCAGTTAGTAGAAACT-1,lca_ld,EC
rca_lo_GGGTCTGCATCCGATA-1,rca_lo,SMC
lca_ld_CAGCAGCCATGACGTT-1,lca_ld,MP
2wr_TGACCCTAGGTTTGAA-1,2wr,EC
lca_ld_CGAGTTAGTGTCATCA-1,lca_ld,MP
lca_lo_GGCTTTCGTACAAAGT-1,lca_lo,MP
rca_lo_AGGGAGTCATGCAGCC-1,rca_lo,SMC
lca_l_AGACACTGTTGACGGA-1,lca_l,FB
pcsk9_wtd_TCAGGTAAGTCATTGC-1,pcsk9_wtd,FB
lca_ld_GACCAATGTTTCACAG-1,lca_ld,MP
rca_ld_AGACAGGAGGCCTGAA-1,rca_ld,EC
ctrl_lo_TCGATTTCAGCGCGTT-1,ctrl_lo,FB
lca_lo_TACAACGAGATCCAAA-1,lca_lo,FB
ctrl_lo_CATACAGCAGGTTCCG-1,ctrl_lo,SMC
lca_ld_AGATCCAGTACCCACG-1,lca_ld,MP
lca_ld_CAGTTCCGTAGTGCGA-1,lca_ld,MP
lca_ld_GACATCAAGTTGAAAC-1,lca_ld,DC
rca_lo_ATCCTATGTACCATAC-1,rca_lo,FB
rca_lo_ATTCATCAGATAGCTA-1,rca_lo,SMC
2dr_AGAGCCCGTGGTCCGT-1,2dr,EC
rca_lo_TTACTGTAGTATAACG-1,rca_lo,SMC
lca_fl_TCCACGTAGACTTCGT-1,lca_fl,MP
lca_ld_GGTTAACAGAGGTTTA-1,lca_ld,MP
lca_ld_TTCATGTCAATTTCTC-1,lca_ld,MP
ctrl_lo_TCCATGCCACGACTAT-1,ctrl_lo,FB
lca_lo_GTAGGTTTCTCTCTAA-1,lca_lo,FB
lca_ld_ATGATCGTCGTAGTGT-1,lca_ld,MP
2dl_CACAGATGTTGTGCCG-1,2dl,FB
rca_wtd_GAGTGAGCACTGTGAT-1,rca_wtd,FB
lca_l_CCACAAAAGCCGATAG-1,lca_l,SMC
rca_l_TTGGGTAGTTGTTGCA-1,rca_l,EC
ctrl_lo_CCTCAACGTCCTGGGT-1,ctrl_lo,SMC
lca_lo_CGGAACCAGTGGAAAG-1,lca_lo,SMC
rca_wtd_GTTACGAGTAGTAAGT-1,rca_wtd,SMC
lca_lo_CATCCCATCTCCGTGT-1,lca_lo,MP
rca_lo_AGGCTGCCACTGCATA-1,rca_lo,SMC
lca_fl_CATACAGAGCTACAAA-1,lca_fl,TC
pcsk9_wtd_TTAGGGTAGGGAGTGG-1,pcsk9_wtd,SMC
rca_lo_CTGTGGGGTGCCGTAC-1,rca_lo,EC
lca_l_TACCCACTCCGGACTG-1,lca_l,MP
rca_l_GAGGGATAGCAACTCT-1,rca_l,SMC
rca_ld_CGTTAGAGTCAGGAGT-1,rca_ld,EC
rca_wtd_ATTACTCCAATTGCAC-1,rca_wtd,SMC
ctrl_lo_CAGCACGGTCCTTTGC-1,ctrl_lo,SMC
rca_lo_CCTAACCAGCATTGTC-1,rca_lo,FB
lca_fl_CTCAATTTCCCAATAG-1,lca_fl,TC
lca_ld_GACCCTTGTCTTCATT-1,lca_ld,FB
pcsk9_wtd_GAGCCTGAGTGGCGAT-1,pcsk9_wtd,SMC
lca_lo_TATCTGTTCGGTGTTA-1,lca_lo,SMC
ctrl_wtd_TGAGGGATCCACTTTA-1,ctrl_wtd,SMC
rca_l_GGGACAACATCGGAGA-1,rca_l,EC
pcsk9_lo_GTGTTAGCAATCTCGA-1,pcsk9_lo,SMC
ctrl_ld_GGGACTCCAGTCCGTG-1,ctrl_ld,FB
lca_fl_TCCTAATCAAGAGATT-1,lca_fl,EC
pcsk9_wtd_CTTTCGGTCCGGCTTT-1,pcsk9_wtd,SMC
rca_ld_GTTCCGTAGCGAGTAC-1,rca_ld,EC
lca_ld_TAGATCGGTAAGTTGA-1,lca_ld,MP
lca_wtd_CACGTGGTCGCTAGCG-1,lca_wtd,MP
lca_ld_ACCGTTCTCGTGGCGT-1,lca_ld,EC
ctrl_lo_TCACATTAGTCTTGGT-1,ctrl_lo,EC
rca_lo_TCGCAGGCAGTCAGTT-1,rca_lo,FB
rca_ld_TACGCTCGTTCTCCCA-1,rca_ld,FB
lca_l_GCTTCACGTGGATCGA-1,lca_l,SMC
rca_l_GTGGAAGCATTAGGAA-1,rca_l,FB
ctrl_lo_CTGCAGGTCTATTCGT-1,ctrl_lo,SMC
ctrl_lo_GCAGGCTTCATTCCTA-1,ctrl_lo,FB
rca_wtd_GTGGGAACAGGCGAAT-1,rca_wtd,SMC
lca_ld_CGTTAGACATCGGTTA-1,lca_ld,MP
lca_ld_GATTGGTTCACTGTTT-1,lca_ld,MP
lca_l_CCTCACAGTGAGATAT-1,lca_l,EC
rca_lo_GGCTTGGTCTAGCCAA-1,rca_lo,FB
lca_l_TCCTCCCTCCTCGATC-1,lca_l,SMC
rca_wtd_GGGCGTTTCGTTCTCG-1,rca_wtd,FB
lca_ld_AGAACAAGTCAGCTTA-1,lca_ld,SMC
rca_lo_CCGGGTACAACGCCCA-1,rca_lo,FB
2dl_GGAATGGTCAAAGAAC-1,2dl,EC
2dl_AGATGCTAGTCACTAC-1,2dl,FB
lca_ld_AACAGGGGTACCGTCG-1,lca_ld,NT
lca_lo_CTGCGAGTCGCTAATG-1,lca_lo,FB
ctrl_wtd_TCCGAAACAACCCTAA-1,ctrl_wtd,SMC
ctrl_lo_TAGACCATCATTACGG-1,ctrl_lo,SMC
lca_lo_TGCAGGCGTCCAGAAG-1,lca_lo,FB
pcsk9_lo_TCTATCAGTAGTCACT-1,pcsk9_lo,FB
lca_ld_TCACTATGTATTAAGG-1,lca_ld,MP
lca_ld_TTAGGGTAGTTCCGTA-1,lca_ld,TC
lca_lo_TCTATACTCTTAATCC-1,lca_lo,MP
lca_lo_AACCAACCAATCTGCA-1,lca_lo,MP
pcsk9_wtd_ATAGGCTGTCACAGTT-1,pcsk9_wtd,FB
lca_lo_GGTGTCGAGTTCGGTT-1,lca_lo,FB
2dr_GCGATCGTCGTCTAAG-1,2dr,EC
lca_ld_ATGTCTTAGGCGCTTC-1,lca_ld,DC
lca_ld_GAATAGATCGTGCATA-1,lca_ld,MP
lca_ld_GTTGTAGTCGTTCCTG-1,lca_ld,MP
lca_ld_CCTATCGTCTATTTCG-1,lca_ld,MP
lca_ld_ATGCGATAGTCACACT-1,lca_ld,EC
lca_fl_GTTCATTCAATTGAAG-1,lca_fl,SMC
ctrl_lo_TTGTTGTTCAAGGCTT-1,ctrl_lo,SMC
rca_ld_TTACCGCAGCCTGCCA-1,rca_ld,EC
rca_wtd_CATGAGTAGTGCAGCA-1,rca_wtd,MP
lca_l_ATGCGATTCGTTGTTT-1,lca_l,FB
rca_lo_TTACCATCAAGAGTGC-1,rca_lo,SMC
lca_ld_GCCAGGTAGGTACAGC-1,lca_ld,SMC
lca_l_GGTAACTAGTAATCCC-1,lca_l,EC
rca_l_GGGAGTATCAATCTTC-1,rca_l,FB
rca_l_CTACAGAGTATCTCTT-1,rca_l,SMC
lca_lo_AATGGAACACTAGGCC-1,lca_lo,SMC
lca_l_CCGGACACAACGATTC-1,lca_l,FB
lca_lo_CATACTTAGTTAGAAC-1,lca_lo,SMC
pcsk9_wtd_AGTTCCCCACGACGCT-1,pcsk9_wtd,SMC
lca_ld_TTCTAACGTAGTCACT-1,lca_ld,MP
ctrl_wtd_GGCGTCAAGTGGCAGT-1,ctrl_wtd,SMC
lca_ld_TCTTCCTCACCTTCGT-1,lca_ld,EC
rca_ld_CGTCCATGTCCAGTTA-1,rca_ld,EC
lca_ld_TACAGGTCAAGCTGTT-1,lca_ld,MP
lca_ld_AGTTAGCCAAGTGGCA-1,lca_ld,MP
pcsk9_lo_ACACCAAAGAGTAACT-1,pcsk9_lo,FB
2wl_ATACCGAAGTTCTCTT-1,2wl,TC
rca_lo_ACAGGGAAGCTCCCTT-1,rca_lo,SMC
rca_lo_CGCATAAAGACTGAGC-1,rca_lo,SMC
lca_ld_TTCCGGTCACCCATAA-1,lca_ld,SMC
ctrl_wtd_CTCTCAGGTTTCCAAG-1,ctrl_wtd,SMC
lca_ld_CTCATGCTCAAGGTGG-1,lca_ld,SMC
lca_ld_AAAGTCCAGACCACGA-1,lca_ld,MP
lca_ld_CTCCCTCTCTACGCAA-1,lca_ld,SMC
lca_ld_TCATTTGTCCTTGACC-1,lca_ld,SMC
ctrl_wtd_ATGTCCCAGTCATGGG-1,ctrl_wtd,SMC
pcsk9_lo_GTGTTCCGTAGCGTAG-1,pcsk9_lo,SMC
rca_lo_AGGGAGTAGAGAGCGG-1,rca_lo,EC
lca_fl_CGGAATTGTCGACTGC-1,lca_fl,MP
ctrl_lo_CCTAAGAAGGCGTTGA-1,ctrl_lo,SMC
lca_ld_CTACCTGGTATGGTTC-1,lca_ld,SMC
lca_ld_ATCGGATTCTGCTCTG-1,lca_ld,SMC
lca_ld_ACGTTCCTCCGGTTCT-1,lca_ld,EC
lca_l_CAAAGAATCATCGACA-1,lca_l,FB
lca_fl_GATCGTAGTCTGTTAG-1,lca_fl,EC
rca_wtd_GTTAGACTCCCAAGCG-1,rca_wtd,FB
lca_fl_GAATAGAGTACGAGCA-1,lca_fl,EC
lca_l_GACTCTCTCCGCGAGT-1,lca_l,FB
lca_ld_CAGCACGGTGGAACAC-1,lca_ld,MP
lca_fl_CATTGCCAGGGCGAGA-1,lca_fl,MP
lca_l_ACCTACCTCAAAGAAC-1,lca_l,FB
rca_l_TCGCTTGAGTCTTGGT-1,rca_l,SMC
2wl_TTTAGTCGTGAAAGTT-1,2wl,EC
rca_wtd_CCCGGAAGTGGCATCC-1,rca_wtd,FB
ctrl_wtd_CTAAGTGTCCATCTGC-1,ctrl_wtd,SMC
rca_lo_ACGCACGTCCTATTTG-1,rca_lo,SMC
lca_l_AATGGCTTCTGGACTA-1,lca_l,FB
lca_ld_TATTGCTTCTTCCAGC-1,lca_ld,MP
2wl_ACGGAAGCAACACGTT-1,2wl,MP
pcsk9_lo_GGATCTAGTTACGATC-1,pcsk9_lo,FB
lca_ld_CCGGTAGCACGCGTCA-1,lca_ld,MP
2dr_TCTTGCGTCAGCACCG-1,2dr,EC
lca_ld_TGACTCCCACGCTATA-1,lca_ld,MP
lca_ld_AGTAGTCAGCCTAACT-1,lca_ld,MP
lca_ld_CAGTTCCGTGACACAG-1,lca_ld,MP
pcsk9_wtd_TGGGTTAAGCTTGTTG-1,pcsk9_wtd,SMC
pcsk9_ld_AGTTAGCAGGTGCTAG-1,pcsk9_ld,EC
lca_ld_GTCCTCAAGCTGCCAC-1,lca_ld,EC
ctrl_wtd_ATAGAGATCAGCTCTC-1,ctrl_wtd,SMC
rca_fl_GTCAAACAGGCGATAC-1,rca_fl,EC
lca_ld_TAGATCGTCCGATGTA-1,lca_ld,MP
rca_fl_AACAAAGAGACCTCAT-1,rca_fl,EC
2dl_ACGTAGTCACATGTTG-1,2dl,EC
lca_ld_AGGATCTGTACCATAC-1,lca_ld,MP
rca_lo_TTCCTCTCAACTCCCT-1,rca_lo,FB
pcsk9_lo_TGTACAGCAATCTCTT-1,pcsk9_lo,FB
lca_l_GAAACCTAGGCGCTTC-1,lca_l,EC
pcsk9_wtd_CTTCCGAGTCACTCAA-1,pcsk9_wtd,SMC
ctrl_wtd_CCTTCAGCAGTACTAC-1,ctrl_wtd,SMC
lca_ld_CGGAGAAGTGTGAGCA-1,lca_ld,MP
ctrl_fl_TCGCTCAAGTATGATG-1,ctrl_fl,EC
lca_ld_AGCTCAACAAAGCGTG-1,lca_ld,MP
lca_ld_TTAGTCTCATGGCTAT-1,lca_ld,EC
lca_l_CTGCGAGTCAGACTGT-1,lca_l,SMC
lca_ld_TGATCTTTCCTGCTAC-1,lca_ld,TC
lca_wtd_TTTGACTCAGGTGACA-1,lca_wtd,SMC
ctrl_wtd_GCCATTCGTCGGATTT-1,ctrl_wtd,SMC
lca_lo_CTGATCCCACGGCACT-1,lca_lo,FB
rca_lo_ACCGTTCTCTCGCGTT-1,rca_lo,SMC
pcsk9_wtd_AGCGTATCACAGCATT-1,pcsk9_wtd,SMC
lca_ld_CGAAGTTGTGATCGTT-1,lca_ld,MP
pcsk9_ld_GTTTGGAGTTTGGAGG-1,pcsk9_ld,EC
lca_lo_TTCGGTCGTTCAAGTC-1,lca_lo,SMC
lca_l_TTTGGAGGTGCGAACA-1,lca_l,FB
2dr_CATCCACAGCCTGTCG-1,2dr,EC
lca_ld_CCACACTAGACGCTCC-1,lca_ld,SMC
ctrl_wtd_TGAGGAGGTTCGGCGT-1,ctrl_wtd,SMC
rca_lo_CTGCCATTCCATCCGT-1,rca_lo,FB
2dr_CCACACTTCGCCATAA-1,2dr,EC
rca_lo_GATGTTGGTTGGGTAG-1,rca_lo,SMC
lca_ld_TCAGTCCGTTTGGAGG-1,lca_ld,MP
lca_ld_ACTCTCGAGCCTGAAG-1,lca_ld,SMC
pcsk9_wtd_GCCAGGTCAGTTTCAG-1,pcsk9_wtd,SMC
lca_ld_TTTGACTTCATTACGG-1,lca_ld,MP
lca_ld_ACTTCCGGTGACACGA-1,lca_ld,MP
pcsk9_wtd_CGAATTGAGGGAGGTG-1,pcsk9_wtd,FB
lca_wtd_TCAGCAAAGTGTTGTC-1,lca_wtd,MP
rca_lo_TCTCACGGTTCTTGTT-1,rca_lo,FB
lca_ld_CATTGCCAGAGATGCC-1,lca_ld,MP
pcsk9_lo_GGAGGATTCGATAACC-1,pcsk9_lo,FB
ctrl_lo_CCAATTTCAGCGTATT-1,ctrl_lo,SMC
lca_l_CCCATTGTCAGTCCGG-1,lca_l,FB
rca_lo_GGGTTATGTTGGAGAC-1,rca_lo,SMC
lca_fl_ATAGAGAAGTAAACGT-1,lca_fl,SMC
lca_ld_TGGGCTGCAGAGGCAT-1,lca_ld,EC
lca_ld_CATAAGCTCGACACTA-1,lca_ld,SMC
rca_l_TTTGGTTGTGTTCATG-1,rca_l,FB
2dr_ATATCCTGTGCCGTAC-1,2dr,SMC
pcsk9_lo_TTGACCCGTGGAACAC-1,pcsk9_lo,EC
lca_ld_GTGCGTGCACTACAGT-1,lca_ld,EC
lca_ld_TCTATCAGTAAGATAC-1,lca_ld,MP
lca_ld_GTTCTATTCGCAGTTA-1,lca_ld,SMC
ctrl_wtd_CGTCCATTCCGTGCGA-1,ctrl_wtd,SMC
ctrl_lo_CCTCTCCTCTTCACAT-1,ctrl_lo,FB
lca_lo_CAAGAGGCACAAGGTG-1,lca_lo,SMC
lca_ld_CCTGCATAGGCATGGT-1,lca_ld,MP
lca_ld_TCACTCGTCTATCGGA-1,lca_ld,DC
pcsk9_lo_CTTGAGATCTTTGGAG-1,pcsk9_lo,SMC
rca_lo_TACCCACCACGCAAAG-1,rca_lo,FB
lca_ld_ACTCTCGCAAAGGCTG-1,lca_ld,EC
rca_lo_ACACGCGTCGTTCTGC-1,rca_lo,EC
lca_ld_TTGAGTGCATCCCGTT-1,lca_ld,MP
rca_ld_GCAGGCTTCTACTCAT-1,rca_ld,SMC
rca_lo_TGCTTGCCATGGCGCT-1,rca_lo,SMC
lca_l_GTGGGAATCACACGAT-1,lca_l,FB
ctrl_wtd_TGCAGATGTTAGCTAC-1,ctrl_wtd,FB
rca_lo_AGGATCTGTGTAGGAC-1,rca_lo,FB
lca_lo_TACCCGTTCTAGTGAC-1,lca_lo,FB
2wl_ACCCTTGTCGAGAACG-1,2wl,SMC
lca_ld_CATACCCAGCTAAATG-1,lca_ld,DC
lca_ld_TATTCCAAGTAACAGT-1,lca_ld,MP
lca_l_CACAGATGTAATGATG-1,lca_l,FB
lca_ld_AGAAATGTCCTCTTTC-1,lca_ld,EC
lca_l_CGGACACCAACCAACT-1,lca_l,MP
lca_ld_TGCATGACAATAGGAT-1,lca_ld,DC
lca_ld_TCAGCCTGTCAACATC-1,lca_ld,EC
lca_ld_AAGCATCCATCCTCAC-1,lca_ld,MP
lca_ld_TTCACCGTCGCCAATA-1,lca_ld,DC
lca_ld_TCAGCCTGTCAAATCC-1,lca_ld,MP
pcsk9_ld_GCACATAAGTGGCAGT-1,pcsk9_ld,EC
rca_ld_TCATCCGGTGAATGTA-1,rca_ld,EC
lca_lo_CTCTCGATCTCGTTTA-1,lca_lo,MP
lca_ld_ATGATCGTCGCCCAGA-1,lca_ld,SMC
pcsk9_wtd_GCGGATCCAACCGCTG-1,pcsk9_wtd,SMC
2wl_TCACATTTCACCCTTG-1,2wl,EC
lca_lo_TGCACGGAGTAAAGCT-1,lca_lo,FB
lca_l_AGGATAATCGGTATGT-1,lca_l,MP
lca_ld_GAGGCAACATGCGGTC-1,lca_ld,MP
lca_fl_CCATCACCACTGCGAC-1,lca_fl,BC
ctrl_lo_CCACAAACACTCAGAT-1,ctrl_lo,SMC
lca_ld_TGTGGCGTCTTCGATT-1,lca_ld,TC
lca_fl_TCCACGTAGTAAACGT-1,lca_fl,SMC
lca_lo_ACGTCCTCAAGCCTGC-1,lca_lo,SMC
pcsk9_lo_GTCCTCACATGACTTG-1,pcsk9_lo,SMC
rca_lo_CAAGAGGTCCGATAGT-1,rca_lo,FB
rca_l_AAAGAACAGTCATGGG-1,rca_l,EC
rca_wtd_CTTCCTTCAACCTAAC-1,rca_wtd,FB
2wl_AGGAAATTCATCGACA-1,2wl,EC
lca_fl_AACCTGAAGATGCCGA-1,lca_fl,MP
lca_ld_TTACCATCACGAGGAT-1,lca_ld,MP
2dl_GATAGCTTCGTTAGTG-1,2dl,EC
lca_ld_GAGCTGCCAGTATACC-1,lca_ld,EC
pcsk9_wtd_ACTTAGGTCCCGTGTT-1,pcsk9_wtd,SMC
lca_lo_CATTCCGGTTCGAGCC-1,lca_lo,SMC
lca_l_TGACGCGGTAGTGTGG-1,lca_l,FB
lca_ld_GTGAGGACAAGAGGTC-1,lca_ld,EC
lca_ld_GTTGTCCGTTCCATTT-1,lca_ld,SMC
lca_ld_AGTCAACCATAGACTC-1,lca_ld,MP
lca_ld_TCCTTTCGTGAGACGT-1,lca_ld,MP
lca_ld_CACGTGGTCCGGGACT-1,lca_ld,MP
lca_fl_AAGCGAGCAAGTCATC-1,lca_fl,MP
pcsk9_lo_TCTAACTCATCGATGT-1,pcsk9_lo,SMC
rca_lo_GTTTGGACATCTTCGC-1,rca_lo,FB
rca_l_ATCCACCCAAATAGCA-1,rca_l,FB
lca_ld_GTTGTGAGTGCCAAGA-1,lca_ld,MP
lca_fl_TCGGGTGTCCATTTAC-1,lca_fl,MP
lca_ld_TTGCCTGAGCGTTCCG-1,lca_ld,SMC
2wl_TTGTTCACAAACTGCT-1,2wl,SMC
ctrl_wtd_TGAGCGCCATTAAAGG-1,ctrl_wtd,FB
lca_fl_CTCAAGACACGACGAA-1,lca_fl,MP
lca_ld_TGTTTGTCAGGACATG-1,lca_ld,MP
rca_l_TCGGGTGGTAGTTACC-1,rca_l,SMC
lca_ld_TTTCACAAGATCCAAA-1,lca_ld,MP
lca_wtd_GAAGAATCAAGGCAAC-1,lca_wtd,DC
pcsk9_wtd_ACCACAATCCGAGGCT-1,pcsk9_wtd,FB
rca_lo_GCTCAAATCACCGACG-1,rca_lo,SMC
lca_fl_TCCCACAGTGAATTGA-1,lca_fl,SMC
2wl_CTCCCTCAGGTGATCG-1,2wl,EC
lca_wtd_ATACTTCTCATCACAG-1,lca_wtd,FB
lca_ld_GAGTGAGAGCAAATGT-1,lca_ld,MP
ctrl_lo_AGTCACATCATTCATC-1,ctrl_lo,EC
rca_lo_TCTCACGTCATTCGTT-1,rca_lo,SMC
ctrl_wtd_TCATGCCGTAAGATTG-1,ctrl_wtd,SMC
lca_l_TAACTTCTCCATTTAC-1,lca_l,SMC
lca_fl_CCCGGAAAGCGCCTCA-1,lca_fl,MP
pcsk9_lo_CTGTCGTTCAGCAATC-1,pcsk9_lo,EC
ctrl_fl_CTACAGAAGCTGTTCA-1,ctrl_fl,EC
lca_lo_ACAAAGACAGATTCGT-1,lca_lo,MP
lca_l_CGTGTCTCACCCGTAG-1,lca_l,FB
ctrl_lo_CGAAGTTTCGCCGAGT-1,ctrl_lo,SMC
lca_ld_CATTTCAGTGCATTAC-1,lca_ld,MP
lca_lo_CAGCAATTCGCAATGT-1,lca_lo,SMC
rca_lo_ATCCATTAGCTTCTAG-1,rca_lo,FB
lca_ld_GACGCTGGTCGGAAAC-1,lca_ld,DC
lca_ld_GGAGATGGTATAGCTC-1,lca_ld,TC
rca_lo_GGAGGTACAGTTGAAA-1,rca_lo,FB
lca_ld_GGGTATTGTACGATTC-1,lca_ld,MP
lca_ld_GTAACACCATGCCGAC-1,lca_ld,MP
pcsk9_wtd_CTCATCGCAGAAACCG-1,pcsk9_wtd,SMC
rca_lo_CGTCCATGTGCGAACA-1,rca_lo,EC
lca_ld_TGACGCGGTTGGAGGT-1,lca_ld,SMC
2wl_GCCATTCAGTAAGACT-1,2wl,SMC
lca_lo_AACTTCTAGTGAGTTA-1,lca_lo,EC
lca_ld_TTAGTCTGTGTGTCCG-1,lca_ld,EC
lca_ld_GTGCAGCCAACCCTAA-1,lca_ld,MP
lca_l_TAGATCGAGAATGTTG-1,lca_l,SMC
lca_l_GTAATCGAGTAGATCA-1,lca_l,FB
lca_ld_TGCTTGCGTAACCCGC-1,lca_ld,MP
lca_l_GGGATGATCGGCAGTC-1,lca_l,SMC
ctrl_wtd_CTCAGGGGTAAGGCTG-1,ctrl_wtd,SMC
lca_fl_GGGTAGAGTGGTTCTA-1,lca_fl,SMC
lca_ld_GTCCCATGTGGGATTG-1,lca_ld,MP
lca_ld_TGATCAGCAGACCATT-1,lca_ld,DC
lca_l_AGGCTGCCAAGGTCGA-1,lca_l,NK
lca_ld_CTAACTTGTCTCACGG-1,lca_ld,MP
lca_ld_CTCCTTTTCACCCTCA-1,lca_ld,SMC
lca_l_AGATCGTTCAACCTCC-1,lca_l,SMC
rca_l_CGGGTGTTCAGCATTG-1,rca_l,EC
lca_ld_ATCACAGGTTTACACG-1,lca_ld,SMC
rca_ld_TGATGGTAGCCAACCC-1,rca_ld,EC
lca_ld_CCTAAGAGTATGGTAA-1,lca_ld,MP
lca_fl_GGTGGCTAGACCAGAC-1,lca_fl,SMC
lca_fl_TGTGTGACAGTGTGCC-1,lca_fl,MP
lca_ld_TCGATTTCATCTATCT-1,lca_ld,TC
lca_ld_GATGACTTCCACCTCA-1,lca_ld,MP
rca_l_GACTCTCGTAACCCTA-1,rca_l,SMC
2wl_CTGATCCTCAGAGTGG-1,2wl,EC
2dr_TCAAGTGCATCAGTCA-1,2dr,EC
pcsk9_wtd_GAACTGTGTATTGACC-1,pcsk9_wtd,FB
ctrl_wtd_TACAGGTTCTTGGAAC-1,ctrl_wtd,SMC
lca_ld_GGGCTCAAGAATTCAG-1,lca_ld,MP
lca_fl_AAAGGTAGTCGAGATG-1,lca_fl,NT
pcsk9_lo_CTTCTAAAGCCTTGAT-1,pcsk9_lo,EC
lca_ld_CATGGTATCACCATCC-1,lca_ld,SMC
rca_wtd_TACGGTATCCCGAGTG-1,rca_wtd,SMC
rca_lo_CTGAATGAGTCCGTCG-1,rca_lo,EC
lca_l_CGAAGGAGTTCAAGTC-1,lca_l,SMC
lca_l_TGATTTCAGTTTCGGT-1,lca_l,FB
lca_ld_AGATGAATCGAAGGAC-1,lca_ld,MP
lca_ld_ATTTACCTCCATCACC-1,lca_ld,MP
lca_ld_AAGCCATGTATCCCTC-1,lca_ld,MP
rca_lo_AACCATGGTTGCAACT-1,rca_lo,FB
lca_ld_GGTTGTAAGGCCTAGA-1,lca_ld,SMC
rca_lo_CTCAGAATCAATCCGA-1,rca_lo,SMC
lca_lo_TATATCCTCGCCTTGT-1,lca_lo,MP
lca_ld_ATTCTACTCCGCTGTT-1,lca_ld,SMC
pcsk9_wtd_GCATGATTCCGAGTGC-1,pcsk9_wtd,SMC
lca_ld_CAGTTAGGTTGCTAGT-1,lca_ld,SMC
ctrl_lo_AGCGCTGCATGACTTG-1,ctrl_lo,FB
lca_l_TAGAGTCTCTAGCATG-1,lca_l,FB
2dr_TTCCGTGTCGATCCCT-1,2dr,EC
ctrl_lo_TGTGTGATCGACTCCT-1,ctrl_lo,EC
lca_lo_CTTCAATCAACAGATA-1,lca_lo,MP
lca_ld_CTGATCCTCCACTGGG-1,lca_ld,MP
lca_l_GGGTCTGTCTGCATGA-1,lca_l,SMC
lca_ld_GTTGTGATCTATACGG-1,lca_ld,EC
lca_l_GAAGCCCAGTCTACCA-1,lca_l,SMC
lca_ld_GTTTGGACATATCGGT-1,lca_ld,MP
lca_ld_GAACGTTCACAAGTGG-1,lca_ld,SMC
lca_ld_GCGATCGTCCCGGTAG-1,lca_ld,DC
ctrl_lo_ACACCAAGTCTTCTAT-1,ctrl_lo,FB
2dr_TGCAGTACATAAGATG-1,2dr,EC
lca_l_TTTGGAGAGCCATTCA-1,lca_l,SMC
ctrl_wtd_TAAGCCATCTTACCGC-1,ctrl_wtd,FB
lca_lo_TTACGTTAGACGTCGA-1,lca_lo,SMC
rca_lo_GGGTAGACACCAGTAT-1,rca_lo,FB
2wl_TACTTCACATGGACAG-1,2wl,MP
lca_fl_CCGGACATCACGTAGT-1,lca_fl,TC
rca_lo_GATTGGTCAAACGGCA-1,rca_lo,SMC
lca_l_TCTACATAGCATGTTC-1,lca_l,FB
lca_wtd_AGATGAAGTAGGAAAG-1,lca_wtd,FB
lca_ld_CACAGGCTCGCCCAGA-1,lca_ld,EC
ctrl_wtd_AAACGCTGTACATTGC-1,ctrl_wtd,SMC
lca_ld_CCTATCGTCACTGATG-1,lca_ld,EC
lca_ld_TCAGTCCAGGCTTAAA-1,lca_ld,EC
rca_lo_CTTGATTGTACAGTTC-1,rca_lo,SMC
lca_f_TAGAGTCAGTGGTGGT-1,lca_f,EC
2wl_TCGTGGGGTCCAGCGT-1,2wl,EC
2dr_GACCAATAGCCAACCC-1,2dr,EC
lca_ld_CTCCTCCGTACGAGTG-1,lca_ld,MP
lca_ld_GACCTTCTCCAACTAG-1,lca_ld,MP
lca_lo_TCCTCCCTCAGTCAGT-1,lca_lo,SMC
rca_lo_GATCGTAAGGCGATAC-1,rca_lo,FB
2wl_CCATCACTCTCTTAAC-1,2wl,EC
lca_ld_CACAGGCCAGGCGATA-1,lca_ld,MP
lca_ld_CTGATCCGTCGGCCTA-1,lca_ld,MP
lca_ld_ACTGCAACATCAGCAT-1,lca_ld,MP
lca_l_TAGGTACTCAACCTTT-1,lca_l,SMC
pcsk9_lo_GCCATGGTCGCAGAGA-1,pcsk9_lo,EC
lca_l_ACCCTTGTCGTTATCT-1,lca_l,SMC
lca_ld_GAAGGGTTCATCTGTT-1,lca_ld,DC
lca_ld_CCTACGTAGCAGGTCA-1,lca_ld,MP
lca_fl_TATATCCCATTAGGAA-1,lca_fl,MP
ctrl_lo_CTAGACATCGCATAGT-1,ctrl_lo,SMC
lca_l_GCACATAAGGCGTTGA-1,lca_l,SMC
lca_wtd_GGAATGGTCCGACGGT-1,lca_wtd,MP
lca_ld_TCGGGTGCAAGAGATT-1,lca_ld,SMC
2dl_AAGCATCCAGTAGAAT-1,2dl,EC
lca_ld_TCAATCTTCAAGCTTG-1,lca_ld,EC
lca_ld_TGAGGAGAGAGGTTTA-1,lca_ld,SMC
lca_lo_AGATGCTTCTGAATGC-1,lca_lo,TC
ctrl_wtd_GGGATCCGTCGAGTTT-1,ctrl_wtd,SMC
rca_lo_AACAACCGTGGTCCGT-1,rca_lo,FB
rca_lo_GGGTTATGTGCAGGAT-1,rca_lo,EC
rca_lo_AAACGAAGTAATCAGA-1,rca_lo,SMC
rca_wtd_TCAGGTACACTGGCGT-1,rca_wtd,SMC
pcsk9_wtd_CCAATTTAGTCATCCA-1,pcsk9_wtd,SMC
rca_lo_GAGGGATTCGAGTACT-1,rca_lo,FB
lca_ld_AGACCATTCCTAGCGG-1,lca_ld,MP
2wl_CGTCCATGTTAGCTAC-1,2wl,SMC
rca_lo_CTCAGTCTCTTGCAAG-1,rca_lo,SMC
ctrl_lo_TGCTCCAGTGATAGAT-1,ctrl_lo,SMC
rca_l_CTGCATCTCGGTTAGT-1,rca_l,SMC
lca_l_TCGCACTTCAATCGGT-1,lca_l,EC
lca_ld_GTAAGTCCATGCGTGC-1,lca_ld,MP
rca_lo_TCTTCCTCAGCGTGAA-1,rca_lo,FB
lca_ld_TCTCAGCTCCTACGAA-1,lca_ld,MP
lca_ld_TCCTTCTCAGCACAAG-1,lca_ld,TC
ctrl_wtd_TCGGGTGCATGAAGGC-1,ctrl_wtd,SMC
pcsk9_lo_GGAGAACAGGGATCGT-1,pcsk9_lo,EC
lca_ld_TTCCTCTAGTCATTGC-1,lca_ld,MP
2wl_AGTACCATCGACGACC-1,2wl,EC
lca_ld_TACACCCCACAGTCGC-1,lca_ld,MP
pcsk9_wtd_ATAGACCCAGAGGCAT-1,pcsk9_wtd,SMC
lca_fl_TTGGGCGCAATTCACG-1,lca_fl,SMC
rca_fl_CTCCTCCAGCCTAACT-1,rca_fl,EC
lca_ld_GACGCTGAGCACGATG-1,lca_ld,MP
rca_lo_TAACTTCGTCGGAACA-1,rca_lo,SMC
2dl_CAACCAATCGCATGAT-1,2dl,MP
lca_lo_GATTGGTGTAGTCCTA-1,lca_lo,MP
rca_ld_CTGTAGACACTAGGCC-1,rca_ld,EC
lca_fl_AGGCCACGTCTGTCAA-1,lca_fl,MP
lca_wtd_CCTCTAGAGTCATGAA-1,lca_wtd,MP
rca_ld_ACACAGTGTACGTGTT-1,rca_ld,FB
ctrl_lo_CACAGATGTATCACCA-1,ctrl_lo,SMC
lca_fl_AGTAGCTCAGTTAAAG-1,lca_fl,SMC
ctrl_wtd_ATCGTAGGTCCACGCA-1,ctrl_wtd,SMC
lca_ld_TGTGATGGTTGCGAAG-1,lca_ld,MP
lca_ld_GGGAGTAAGAGTTGTA-1,lca_ld,MP
rca_lo_TTGCTGCTCATGAGGG-1,rca_lo,EC
lca_ld_TAGCACATCCTCACGT-1,lca_ld,DC
lca_wtd_CTTGAGAAGACATCAA-1,lca_wtd,MP
lca_wtd_TTCACGCGTCGCGTTG-1,lca_wtd,MP
lca_ld_AGTGCCGTCGAACCTA-1,lca_ld,SMC
ctrl_lo_GCAACATTCAGACCTA-1,ctrl_lo,SMC
lca_ld_GCCCAGATCCAACCAA-1,lca_ld,MP
lca_ld_ATGGGAGTCTCTTGCG-1,lca_ld,MP
lca_fl_GTGAGCCTCCACGAAT-1,lca_fl,MP
lca_ld_AGAGCAGGTTACGATC-1,lca_ld,MP
rca_lo_GTGAGCCCAAGTTCCA-1,rca_lo,SMC
rca_l_CTGTGGGGTCACTCGG-1,rca_l,FB
ctrl_lo_TCTCCGACACGACGCT-1,ctrl_lo,EC
rca_lo_TGCATGAAGGAACTCG-1,rca_lo,SMC
lca_ld_CGATGGCTCATGTCAG-1,lca_ld,DC
pcsk9_wtd_ATTCAGGTCTACTGCC-1,pcsk9_wtd,SMC
pcsk9_wtd_CCCATTGCACCACTGG-1,pcsk9_wtd,SMC
rca_lo_AGGCTGCTCCTGGGTG-1,rca_lo,FB
lca_ld_AGATAGACAGCTGTGC-1,lca_ld,MP
lca_lo_CATTGAGGTATCATGC-1,lca_lo,FB
lca_l_TTCCTAACATCGGTTA-1,lca_l,SMC
pcsk9_lo_TCCACGTCACCAAATC-1,pcsk9_lo,SMC
lca_fl_CCGGACAGTTGGTGTT-1,lca_fl,MP
lca_fl_ATCTCTAAGGATATGT-1,lca_fl,NT
2wl_TCATCATAGTTTGGCT-1,2wl,EC
lca_ld_TACCCACCATTCTCCG-1,lca_ld,DC
rca_l_GTAGGTTCACGACCTG-1,rca_l,MP
ctrl_wtd_AGTTCCCAGCCAGACA-1,ctrl_wtd,SMC
lca_l_AGCGTATGTAACATAG-1,lca_l,SMC
2wl_CAGGTATCAGTTTCGA-1,2wl,SMC
rca_lo_ATCATTCGTGTAACGG-1,rca_lo,SMC
lca_ld_TCGATTTCAAAGCTAA-1,lca_ld,MP
2dl_CATTTCACAGTCTACA-1,2dl,FB
lca_lo_GTATTGGTCATGCAGT-1,lca_lo,SMC
lca_ld_TTGCCTGGTCCGGTGT-1,lca_ld,MP
rca_wtd_TATGTTCTCCCATTCG-1,rca_wtd,SMC
pcsk9_wtd_AAGAACAAGATCCCAT-1,pcsk9_wtd,SMC
pcsk9_lo_ACCCAAACATATGCGT-1,pcsk9_lo,SMC
lca_l_CCTCCTCGTGAGATAT-1,lca_l,MP
lca_ld_TGTAGACAGTCGCCCA-1,lca_ld,SMC
rca_wtd_GGAGATGTCATCGGGC-1,rca_wtd,SMC
lca_ld_ATCGGATAGAAGCCAC-1,lca_ld,MP
lca_ld_TACTGCCTCACCATAG-1,lca_ld,MP
pcsk9_wtd_GTACAGTCAGCATACT-1,pcsk9_wtd,SMC
lca_l_CAGAGCCCAAATTGGA-1,lca_l,SMC
lca_ld_TCGCACTCATTGGCAT-1,lca_ld,EC
2wr_AACCACATCAAGGAGC-1,2wr,EC
lca_ld_GTAGGTTCAGGAATAT-1,lca_ld,MP
rca_lo_GTGCAGCGTGTATCCA-1,rca_lo,SMC
lca_l_ATCCACCTCATTACTC-1,lca_l,FB
lca_wtd_GTTCATTCATTCAGCA-1,lca_wtd,MP
lca_wtd_GGGTAGAAGGCGCTCT-1,lca_wtd,FB
rca_lo_ATTCCTAGTTTGCAGT-1,rca_lo,FB
lca_ld_CACTAAGCACAAGTTC-1,lca_ld,SMC
rca_ld_GCATCTCTCTGTCAGA-1,rca_ld,EC
lca_ld_CATGAGTCACTGAATC-1,lca_ld,MP
ctrl_lo_AACGGGAGTTCTTCAT-1,ctrl_lo,EC
rca_lo_ACAAGCTTCTGAGCAT-1,rca_lo,SMC
2dl_TCAGCAACACGACTAT-1,2dl,TC
lca_ld_CATTCTATCATTGTTC-1,lca_ld,SMC
2wl_CGTTAGATCCTAGCTC-1,2wl,TC
ctrl_wtd_CCAATGAGTGGCTGCT-1,ctrl_wtd,SMC
2dl_CATTCATTCACTGAAC-1,2dl,FB
rca_lo_CCCAACTAGGCTATCT-1,rca_lo,EC
rca_l_TCGAACACAGCAGTTT-1,rca_l,SMC
rca_l_ACGTAGTAGGCGAAGG-1,rca_l,SMC
lca_ld_CTTGATTCAGTTTCAG-1,lca_ld,SMC
ctrl_wtd_ACTTATCGTATCAGGG-1,ctrl_wtd,SMC
2dr_CAGATTGTCGAGATAA-1,2dr,EC
lca_ld_CACTGGGTCATCGGGC-1,lca_ld,SMC
lca_ld_CTAGGTACATTACGGT-1,lca_ld,SMC
pcsk9_wtd_AAGGAATCAGCTGGTC-1,pcsk9_wtd,SMC
lca_lo_CTTCTCTCAGCTCCTT-1,lca_lo,FB
lca_l_TTTGGAGTCGCTGTCT-1,lca_l,FB
rca_wtd_CCTAAGAGTTTGCCGG-1,rca_wtd,SMC
lca_l_CTCCACATCGTCAGAT-1,lca_l,EC
lca_ld_AAAGGTAGTAGCGCCT-1,lca_ld,MP
lca_ld_CCACCATCACATGAAA-1,lca_ld,NK
lca_ld_TCGAACAAGTCTGTAC-1,lca_ld,EC
lca_fl_TTTGATCGTCGTGGTC-1,lca_fl,SMC
pcsk9_wtd_GTAGAGGCATAATGAG-1,pcsk9_wtd,SMC
2dl_CGGACACGTAGCGATG-1,2dl,EC
pcsk9_wtd_AGATGAACAGTTAAAG-1,pcsk9_wtd,FB
lca_ld_TTTAGTCAGACAGCTG-1,lca_ld,MP
lca_ld_ACTTCCGAGTCATGCT-1,lca_ld,MP
rca_l_AGGAGGTCATCCAATG-1,rca_l,EC
lca_wtd_GACGTTACAATCCTTT-1,lca_wtd,MP
rca_lo_GCTACCTTCTGAGATC-1,rca_lo,FB
lca_fl_ACTTCCGGTTCCTTGC-1,lca_fl,MP
lca_lo_TCAAGACGTCAGTCGC-1,lca_lo,EC
2wl_CTCATGCAGTTACTCG-1,2wl,SMC
pcsk9_lo_CTATAGGGTCTTTCTA-1,pcsk9_lo,SMC
lca_ld_CACTTCGAGCGCACAA-1,lca_ld,MP
lca_ld_TCCATCGGTATAGGAT-1,lca_ld,MP
rca_lo_TACGGGCCAATCTAGC-1,rca_lo,EC
lca_ld_CTACAGAGTAGACTGG-1,lca_ld,SMC
lca_ld_TGCGACGTCCAGTGTA-1,lca_ld,SMC
lca_ld_GGTTAACCATCCTCAC-1,lca_ld,MP
lca_ld_TTGCCTGGTCGGCCTA-1,lca_ld,EC
lca_fl_AACTTCTTCGCAGTTA-1,lca_fl,EC
ctrl_wtd_CGTTAGATCGCTTGCT-1,ctrl_wtd,SMC
rca_lo_GCGGAAATCGAGTTGT-1,rca_lo,FB
lca_ld_GATTGGTTCAGTGTTG-1,lca_ld,MP
lca_ld_ATCGGCGGTAGGTAGC-1,lca_ld,SMC
lca_ld_TACTTACCAAATGGTA-1,lca_ld,DC
pcsk9_lo_GGGACTCAGTAACCGG-1,pcsk9_lo,FB
lca_ld_GATCACAAGATAGGGA-1,lca_ld,EC
lca_ld_TCAGCCTGTATGATCC-1,lca_ld,MP
lca_ld_AACCATGAGCCACTCG-1,lca_ld,EC
ctrl_lo_CCTCTCCCACGCAAAG-1,ctrl_lo,FB
lca_wtd_CTCCAACAGTCAACAA-1,lca_wtd,MP
pcsk9_wtd_TTAGGGTAGGTAAAGG-1,pcsk9_wtd,FB
lca_ld_GAAGGACTCAACGCTA-1,lca_ld,MP
lca_l_GTGCTTCCATTGAGGG-1,lca_l,FB
pcsk9_wtd_ATGCATGGTTAACCTG-1,pcsk9_wtd,FB
2dr_ACGGTTACAGGTTCCG-1,2dr,EC
lca_fl_CTCCACAAGCCGAATG-1,lca_fl,MP
lca_fl_TGCGGGTGTAATGATG-1,lca_fl,MP
lca_lo_TGGAGAGGTCTTAGTG-1,lca_lo,SMC
rca_lo_GCCATGGCAAGACTGG-1,rca_lo,FB
lca_ld_GGGACAATCCGAGTGC-1,lca_ld,MP
lca_l_CAGTGCGCAGACGATG-1,lca_l,FB
rca_lo_CCCATTGTCGTTCATT-1,rca_lo,FB
lca_ld_TCACTATTCCACCTCA-1,lca_ld,SMC
lca_lo_GGCTTGGTCCGATGTA-1,lca_lo,MP
ctrl_lo_GTTGAACGTTCCGCGA-1,ctrl_lo,SMC
2dl_GATGACTTCTGTTGGA-1,2dl,EC
lca_ld_GTGTCCTTCGGTGTAT-1,lca_ld,MP
ctrl_wtd_TTACCGCAGTCCTGTA-1,ctrl_wtd,SMC
lca_ld_CAACAACTCCTTACCG-1,lca_ld,MP
lca_l_CATCGCTTCTGATTCT-1,lca_l,MP
rca_l_AGCCAGCGTTCCTAAG-1,rca_l,SMC
ctrl_wtd_AGCCACGGTCCAGCCA-1,ctrl_wtd,SMC
lca_ld_ATTACTCTCTAGCCTC-1,lca_ld,MP
2wl_AGATCGTTCGCAGATT-1,2wl,EC
lca_lo_GGACGTCAGGTAAGGA-1,lca_lo,SMC
lca_fl_AGCCACGAGGTACTGG-1,lca_fl,TC
lca_l_GCCCAGACAAATAAGC-1,lca_l,FB
2dl_CAGCGTGAGGAGAGTA-1,2dl,SMC
rca_ld_AGAAATGAGCGTATGG-1,rca_ld,SMC
lca_ld_TTCTAGTAGGATTACA-1,lca_ld,MP
lca_ld_CAGGTATAGAGACAAG-1,lca_ld,SMC
lca_ld_ACCAAACCACATCCCT-1,lca_ld,SMC
lca_ld_TAGGTACGTCGCAGTC-1,lca_ld,SMC
2dr_CATCCGTAGTAGACCG-1,2dr,EC
lca_ld_CAACCTCTCTTGTTAC-1,lca_ld,TC
lca_ld_TTAGGCAGTGACTGAG-1,lca_ld,SMC
2wl_CATAAGCGTAGCTGTT-1,2wl,MP
lca_ld_AGGCATTCATACTTTC-1,lca_ld,EC
2wl_AACGTCAGTTGCTGAT-1,2wl,EC
rca_l_TTACGTTAGACTGTTC-1,rca_l,SMC
lca_ld_CATGCAACAAGGAGTC-1,lca_ld,MP
rca_wtd_GATAGCTGTCCTTAAG-1,rca_wtd,FB
lca_l_GTCGTTCAGGCATGGT-1,lca_l,FB
lca_ld_AGGTTACTCTACCCAC-1,lca_ld,TC
lca_ld_TTACCATAGCCTGTGC-1,lca_ld,EC
lca_ld_CATTCCGCAGAGTAAT-1,lca_ld,EC
lca_ld_GTTACGACAATCCTTT-1,lca_ld,MP
2wl_AGGGTCCAGAGAGCAA-1,2wl,DC
lca_l_CGATCGGTCGTACCTC-1,lca_l,FB
lca_ld_CCCTCAAGTGCTGATT-1,lca_ld,MP
rca_wtd_GGAGATGGTCGGCCTA-1,rca_wtd,FB
lca_ld_CATACTTCATCATCTT-1,lca_ld,TC
lca_ld_GCATTAGTCTTCCAGC-1,lca_ld,MP
rca_ld_AAGCATCCAGTAGTTC-1,rca_ld,BC
lca_fl_CAGCCAGAGGTGCCTC-1,lca_fl,MP
lca_ld_TCATCATGTCTACGAT-1,lca_ld,EC
pcsk9_lo_CATGGTAAGTCTAGCT-1,pcsk9_lo,SMC
lca_lo_TATTGGGGTCAAGGCA-1,lca_lo,MP
rca_fl_CTCCAACGTGACAGCA-1,rca_fl,EC
rca_lo_GGAAGTGAGATTAGCA-1,rca_lo,EC
lca_l_ACATCCCTCTGTCCCA-1,lca_l,SMC
lca_ld_CTCTGGTAGCTCGACC-1,lca_ld,MP
lca_fl_TCAGGGCAGCGCTTCG-1,lca_fl,MP
lca_ld_AAAGGGCCAAAGGCAC-1,lca_ld,MP
lca_lo_GGTCACGGTGGACTAG-1,lca_lo,MP
2wl_CAATTTCCATGAGATA-1,2wl,SMC
lca_ld_ACCTACCCACTAAACC-1,lca_ld,TC
pcsk9_lo_CTAACTTTCCGTAGTA-1,pcsk9_lo,EC
rca_lo_GGGCCATAGCCTCTGG-1,rca_lo,SMC
rca_fl_ATTCTACCACCAGCCA-1,rca_fl,EC
rca_lo_GAGGGTAAGTCAATCC-1,rca_lo,FB
rca_lo_CATCCCACAACCGCCA-1,rca_lo,EC
lca_ld_TGAACGTGTCGCATTA-1,lca_ld,MP
lca_ld_CACGGGTCAACAAAGT-1,lca_ld,MP
2dr_GCTGAATGTCTTCCGT-1,2dr,EC
rca_wtd_TTTGGTTGTATAGGGC-1,rca_wtd,SMC
pcsk9_wtd_GAGACCCTCGTAACAC-1,pcsk9_wtd,SMC
lca_l_GCTGAATCAGAGAGGG-1,lca_l,FB
rca_l_CCTTGTGCACAGTGTT-1,rca_l,EC
pcsk9_lo_TTCGGTCCATTGGCAT-1,pcsk9_lo,EC
lca_ld_TAGCACAAGACCAAAT-1,lca_ld,MP
rca_wtd_TTGCCTGTCAGTGTTG-1,rca_wtd,SMC
rca_lo_CGATGCGAGATGGGCT-1,rca_lo,SMC
rca_lo_TTACCATTCATGGAGG-1,rca_lo,SMC
lca_ld_ATACCTTCAATCCAGT-1,lca_ld,DC
lca_l_GATCCCTTCGACGCGT-1,lca_l,SMC
lca_ld_GCTTGGGAGACCAACG-1,lca_ld,MP
lca_l_CATGCGGTCGTTGCCT-1,lca_l,SMC
lca_ld_CATTCTAGTGTCACAT-1,lca_ld,BC
lca_ld_TCATTACTCCATCACC-1,lca_ld,MP
pcsk9_lo_TGACGCGGTCAAGCCC-1,pcsk9_lo,SMC
lca_ld_AATGCCACAACCAACT-1,lca_ld,MP
rca_ld_AGGTCTAAGAGACAAG-1,rca_ld,SMC
lca_ld_GTGACGCTCACCTCAC-1,lca_ld,MP
rca_lo_CGACAGCAGAGCTTTC-1,rca_lo,EC
rca_lo_AGAGCCCCAAAGCGTG-1,rca_lo,EC
rca_fl_TCGGATAAGTGCAGCA-1,rca_fl,EC
lca_fl_GTAGCTACAGTTTGGT-1,lca_fl,NT
lca_ld_CATTGCCTCGCAGTTA-1,lca_ld,EC
pcsk9_wtd_TATGTTCTCGCAATGT-1,pcsk9_wtd,SMC
lca_ld_GACCAATAGTTACGAA-1,lca_ld,SMC
lca_fl_GACTCAAGTGTGGTCC-1,lca_fl,DC
lca_ld_AGATCCACATGTGGTT-1,lca_ld,MP
lca_ld_AGGTGTTTCCATTCGC-1,lca_ld,MP
ctrl_wtd_GGCACGTAGCAGGGAG-1,ctrl_wtd,SMC
lca_ld_CGTGCTTGTAGTAAGT-1,lca_ld,EC
lca_ld_ACACGCGAGCCACCGT-1,lca_ld,MP
lca_fl_GGTAACTCACGCCAGT-1,lca_fl,NK
lca_l_CGACAGCAGCATGCAG-1,lca_l,DC
rca_lo_GTCTACCCACGCGCAT-1,rca_lo,EC
pcsk9_wtd_TTGCGTCGTCTGATCA-1,pcsk9_wtd,SMC
2dl_TTTGTTGCACCCAATA-1,2dl,EC
ctrl_wtd_CTCAAGACATCGAAGG-1,ctrl_wtd,SMC
rca_l_CCATCACGTCCACGCA-1,rca_l,EC
ctrl_lo_CTCATCGTCCGGACTG-1,ctrl_lo,SMC
lca_ld_CGCGTGAAGGTACAAT-1,lca_ld,EC
rca_lo_TCAGCCTCACCCTATC-1,rca_lo,SMC
lca_ld_TCCACGTTCCGTTGAA-1,lca_ld,MP
lca_l_ACCAAACGTACAAACA-1,lca_l,FB
pcsk9_lo_AAACGAAGTACTCAAC-1,pcsk9_lo,SMC
rca_ld_CGCGTGATCCTGGTCT-1,rca_ld,EC
rca_lo_TCGGGACTCTGTCGCT-1,rca_lo,FB
lca_fl_CATTGCCGTAGAAACT-1,lca_fl,TC
lca_ld_GTTAGACCATATGCGT-1,lca_ld,EC
lca_l_TCACAAGTCTCCGAAA-1,lca_l,SMC
2wl_CTCCTTTGTCCGGCAT-1,2wl,EC
2wl_CTTCTCTCAGGTGACA-1,2wl,DC
ctrl_wtd_TTGATGGGTAGACAAT-1,ctrl_wtd,FB
pcsk9_lo_CCTTCAGCACTTCAAG-1,pcsk9_lo,EC
lca_ld_ATCACGATCGTGCTCT-1,lca_ld,SMC
lca_ld_CTAGACACACTGTCCT-1,lca_ld,EC
lca_l_TCAGTCCCAGAAATTG-1,lca_l,SMC
lca_ld_GTCTCACGTCGATTTG-1,lca_ld,DC
lca_l_CGTAAGTTCAAGGAGC-1,lca_l,EC
lca_ld_TGCCGAGCAGTATACC-1,lca_ld,MP
lca_ld_ATGACCACAAAGGAGA-1,lca_ld,EC
lca_ld_ATGAAAGGTCCCACGA-1,lca_ld,SMC
lca_ld_GAGTCTAGTGCCAAGA-1,lca_ld,MP
rca_wtd_CCGAACGAGTGAGGTC-1,rca_wtd,FB
lca_ld_CTTTCAAAGCCGTAAG-1,lca_ld,EC
rca_lo_GGTGTTAAGATACCAA-1,rca_lo,FB
lca_ld_ATTCACTCATTGCCTC-1,lca_ld,DC
pcsk9_lo_AACAAAGTCTACGCAA-1,pcsk9_lo,FB
rca_fl_TGTTACTGTGAAGCTG-1,rca_fl,EC
2wl_CGGACACCAGACGATG-1,2wl,MP
rca_lo_GTCCACTAGACATACA-1,rca_lo,SMC
lca_lo_AGAACAACAAGTCCAT-1,lca_lo,SMC
lca_fl_GAGCTGCAGTAGACCG-1,lca_fl,MP
lca_ld_CTGAGCGGTATCCTCC-1,lca_ld,DC
ctrl_wtd_ACGGTCGCACTATCCC-1,ctrl_wtd,SMC
lca_ld_CACATGAGTATTTCGG-1,lca_ld,SMC
lca_ld_CCCTCTCAGGGCGAGA-1,lca_ld,SMC
2dr_TAGTGCAAGAGTACCG-1,2dr,EC
2dr_GAGTCTATCTTCACAT-1,2dr,EC
rca_wtd_CATCGTCCATGTCGTA-1,rca_wtd,FB
ctrl_lo_GATTCTTCAACCGTGC-1,ctrl_lo,FB
lca_l_CAGCCAGCAGGCTACC-1,lca_l,FB
lca_ld_TCCCACAAGCTCACTA-1,lca_ld,SMC
pcsk9_wtd_ATTCCATCACCGGAAA-1,pcsk9_wtd,SMC
ctrl_wtd_TCGACCTGTAGTTACC-1,ctrl_wtd,SMC
lca_ld_TCCCACAGTTCCTACC-1,lca_ld,SMC
rca_lo_GCACTAATCACCTCAC-1,rca_lo,SMC
lca_lo_GTTGTCCAGAGCAGAA-1,lca_lo,SMC
rca_ld_TGGGATTTCGCACTCT-1,rca_ld,EC
pcsk9_wtd_GGGTCACCAAATACAG-1,pcsk9_wtd,SMC
2dl_ATGAGTCGTCTGTAAC-1,2dl,NT
2wl_TGGAGAGCATGGAGAC-1,2wl,SMC
rca_wtd_ACGATCAGTCTTTCTA-1,rca_wtd,SMC
lca_ld_CCACGAGAGACTACCT-1,lca_ld,MP
ctrl_wtd_GAGTGAGTCTCCGATC-1,ctrl_wtd,FB
lca_lo_TCAAGCACATGGTGGA-1,lca_lo,MP
2wr_ATCGTGATCACCCTCA-1,2wr,EC
rca_lo_GAGCCTGTCTTTCCGG-1,rca_lo,EC
lca_ld_TCATGTTAGAGACAAG-1,lca_ld,MP
lca_ld_TTCCACGGTCGAATGG-1,lca_ld,SMC
lca_ld_TTCCAATAGAGCAAGA-1,lca_ld,MP
2dr_TGCGGGTTCAAGTAAG-1,2dr,EC
rca_l_CTTACCGGTCGTATTG-1,rca_l,SMC
rca_lo_TAACTTCAGAATCGAT-1,rca_lo,SMC
lca_ld_CCGGGTAGTAGAGATT-1,lca_ld,SMC
lca_ld_TTTATGCAGATGTAGT-1,lca_ld,MP
rca_lo_CTCCTTTCAAGTATCC-1,rca_lo,SMC
rca_f_ATCGCCTCAAAGCTCT-1,rca_f,EC
rca_ld_TACGCTCGTAAGTCAA-1,rca_ld,EC
lca_lo_AGGGAGTAGGCATTTC-1,lca_lo,SMC
lca_fl_TGAGGGAAGTTGCATC-1,lca_fl,MP
lca_ld_AGAACAAAGACATCCT-1,lca_ld,MP
pcsk9_wtd_ATACCTTCAACACAAA-1,pcsk9_wtd,SMC
ctrl_lo_AAACGCTTCTCTGCCA-1,ctrl_lo,EC
lca_l_CAAGAGGTCATCGCTC-1,lca_l,MP
rca_wtd_GCAGCCACACTTTAGG-1,rca_wtd,MP
2wl_TTCACCGTCCCAGGAC-1,2wl,EC
rca_ld_CTGAGCGGTGTTACTG-1,rca_ld,MP
lca_ld_CTTCTAACAACGAGGT-1,lca_ld,SMC
rca_ld_GGGCGTTTCCGCACGA-1,rca_ld,EC
lca_ld_ACACGCGTCATTTGCT-1,lca_ld,MP
ctrl_lo_GTACAACAGGTGCCTC-1,ctrl_lo,SMC
lca_ld_GCCAGGTGTGCCTACG-1,lca_ld,DC
rca_lo_TATTGCTTCGCTCTAC-1,rca_lo,SMC
lca_ld_ATAGGCTAGGGTAGCT-1,lca_ld,EC
lca_lo_CAAGCTAGTCTTCGAA-1,lca_lo,TC
rca_wtd_ACGCACGGTCAGTCCG-1,rca_wtd,SMC
lca_ld_ATTCATCTCAGTCCGG-1,lca_ld,MP
lca_l_TCGGTCTGTATCACGT-1,lca_l,FB
lca_ld_TTCGATTTCAGCTTCC-1,lca_ld,MP
lca_l_TCTCCGAAGGTGCCAA-1,lca_l,FB
rca_lo_CCCTAACTCCCTTGGT-1,rca_lo,MP
lca_ld_CTCATTACATCGTCCT-1,lca_ld,SMC
lca_lo_TTACCATAGGTAAGGA-1,lca_lo,DC
ctrl_lo_CCTACGTGTTGTGTTG-1,ctrl_lo,EC
lca_l_AGGTTGTTCTGCATGA-1,lca_l,MP
lca_fl_TCAATTCCAAATGGAT-1,lca_fl,DC
2dl_TGGAACTCATGTGACT-1,2dl,EC
lca_l_AAGCGAGGTCACAATC-1,lca_l,SMC
pcsk9_wtd_TCTGGCTTCATAGACC-1,pcsk9_wtd,SMC
ctrl_wtd_GGCTTTCGTATAGGGC-1,ctrl_wtd,SMC
lca_l_CTGGACGAGACAACTA-1,lca_l,SMC
lca_ld_TGAGGGATCTACTATC-1,lca_ld,MP
lca_lo_CATCGGGGTCATCGGC-1,lca_lo,MP
rca_lo_GACCCTTGTCCCGGTA-1,rca_lo,SMC
lca_ld_ACATCCCCAGAGGACT-1,lca_ld,MP
ctrl_wtd_TGTTCTATCACACGAT-1,ctrl_wtd,SMC
2wl_CCCTCTCGTTCTAACG-1,2wl,EC
lca_fl_AGAGAATTCGTTAGAC-1,lca_fl,MP
lca_ld_TTCGCTGCAATCTAGC-1,lca_ld,MP
rca_l_TGGAACTTCTGCATGA-1,rca_l,SMC
rca_lo_AAGCCATAGCTCCATA-1,rca_lo,FB
lca_ld_TCCCATGAGAGTCCGA-1,lca_ld,MP
lca_ld_TTCCTAATCAAGTGGG-1,lca_ld,EC
pcsk9_wtd_CCCTCTCGTGAGCGAT-1,pcsk9_wtd,SMC
ctrl_lo_CTGAATGCACACCGCA-1,ctrl_lo,FB
lca_ld_TAGACTGGTGTAAACA-1,lca_ld,SMC
2wl_AAGACTCTCTACACAG-1,2wl,EC
rca_lo_TGCTCGTCATAGGTTC-1,rca_lo,FB
ctrl_wtd_CTTCCGAAGACATAAC-1,ctrl_wtd,SMC
lca_l_GAGTTACGTTGCATGT-1,lca_l,SMC
lca_l_CTCAACCGTCTTGTCC-1,lca_l,SMC
lca_ld_GAAACCTTCCTAGCCT-1,lca_ld,TC
2dr_GCTCAAACATCTAGAC-1,2dr,EC
rca_ld_GTGTGATCAACTCGAT-1,rca_ld,EC
lca_ld_ATGAGTCCATATGAAG-1,lca_ld,MP
lca_ld_GCCAGCACAGTAACAA-1,lca_ld,EC
rca_l_ATCACAGAGGTGCCTC-1,rca_l,FB
lca_lo_ATCGTCCGTTGGGATG-1,lca_lo,SMC
lca_l_TCGCACTTCTTCACAT-1,lca_l,SMC
lca_l_CGAGTGCTCCGGGACT-1,lca_l,FB
rca_lo_GTTGTGACACGTAACT-1,rca_lo,SMC
lca_l_AAAGTCCAGCATCAGG-1,lca_l,SMC
lca_ld_CCTACGTGTCACGTGC-1,lca_ld,EC
pcsk9_lo_ACGTCCTGTGCATGAG-1,pcsk9_lo,SMC
ctrl_fl_ACTTTGTGTATCAGCT-1,ctrl_fl,EC
2wr_GTCATGACATGGAATA-1,2wr,EC
lca_lo_TAGACTGAGGGTACAC-1,lca_lo,SMC
rca_l_CAATTTCAGCAGGCAT-1,rca_l,EC
lca_l_CGTGATATCGCGTGAC-1,lca_l,SMC
lca_ld_CCTGCATCATGGGCAA-1,lca_ld,MP
lca_lo_CATCGCTAGCTCGTGC-1,lca_lo,SMC
lca_lo_TTTACGTGTCCAGTTA-1,lca_lo,EC
lca_l_TTTACGTTCACCATAG-1,lca_l,SMC
2wr_GACGTTACATTGACTG-1,2wr,EC
lca_l_TTTCCTCAGCTTTCCC-1,lca_l,SMC
rca_lo_TCATGAGAGCTGGCTC-1,rca_lo,SMC
rca_wtd_GACCTTCAGCTAAATG-1,rca_wtd,FB
rca_wtd_GTGCTTCAGCAGATAT-1,rca_wtd,FB
lca_l_ATTCCCGCAGACCATT-1,lca_l,FB
lca_fl_TCTAACTTCACGAGGA-1,lca_fl,MP
lca_ld_AGCTTCCCATATAGCC-1,lca_ld,MP
ctrl_wtd_GAGATGGAGAATCCCT-1,ctrl_wtd,FB
lca_ld_AGTAGCTAGACCATTC-1,lca_ld,MP
lca_wtd_TCGTAGAGTAACATCC-1,lca_wtd,SMC
lca_l_GATAGCTAGCAGCCCT-1,lca_l,SMC
ctrl_lo_ATAGACCCACCTCTGT-1,ctrl_lo,SMC
2dl_GTCTTTAGTAATCAGA-1,2dl,EC
lca_fl_ACGGTTATCCGAAGGA-1,lca_fl,SMC
lca_ld_TACCTCGTCTGGGCGT-1,lca_ld,SMC
rca_ld_TTTATGCCAGCTCGGT-1,rca_ld,EC
rca_wtd_AGAGCAGAGGGACCAT-1,rca_wtd,FB
ctrl_lo_GGGTCACAGGGTTGCA-1,ctrl_lo,FB
lca_ld_ACATTTCCACTCCGGA-1,lca_ld,EC
pcsk9_lo_TGAATCGTCTCGCTTG-1,pcsk9_lo,SMC
pcsk9_wtd_CATCGTCAGAATCTAG-1,pcsk9_wtd,SMC
lca_ld_TCTGCCAAGAGTATAC-1,lca_ld,SMC
lca_l_TACCTCGTCAGACCGC-1,lca_l,MP
lca_l_TCAGCAAAGCTGTTAC-1,lca_l,MP
lca_l_TTACAGGTCAGCTGAT-1,lca_l,SMC
lca_ld_CACAGATTCCGATCGG-1,lca_ld,MP
pcsk9_lo_GGATCTACAGAGGACT-1,pcsk9_lo,SMC
rca_lo_ATGAGTCCAGCACACC-1,rca_lo,FB
rca_lo_GAGTTGTGTACGGGAT-1,rca_lo,SMC
pcsk9_lo_ATTCTACTCGGACGTC-1,pcsk9_lo,EC
rca_ld_AGGGCTCAGGTTAAAC-1,rca_ld,EC
pcsk9_wtd_AGGTTACAGAGCCGAT-1,pcsk9_wtd,SMC
lca_l_TGCGATAGTGCAACAG-1,lca_l,SMC
lca_fl_TAAGTCGCAGGTGTGA-1,lca_fl,EC
ctrl_lo_CGCCATTGTTGCCTAA-1,ctrl_lo,SMC
lca_ld_GCCGATGTCGTGGAAG-1,lca_ld,SMC
lca_ld_GAGATGGCAGTTGTCA-1,lca_ld,MP
lca_fl_CTCAACCCAAATCCCA-1,lca_fl,MP
lca_ld_CCACTTGCATGCGTGC-1,lca_ld,MP
rca_lo_GACCTTCCATTGCTGA-1,rca_lo,SMC
ctrl_wtd_GCACTAAGTAGAGTTA-1,ctrl_wtd,SMC
2dl_GAGGCCTGTCCACATA-1,2dl,SMC
rca_lo_AGTGCCGAGTCATCCA-1,rca_lo,FB
lca_ld_TGTTACTGTGGAGGTT-1,lca_ld,EC
ctrl_lo_CTCCAACGTCAGTCTA-1,ctrl_lo,EC
pcsk9_wtd_TGTACAGTCACTGGTA-1,pcsk9_wtd,SMC
rca_l_GTAGCTACATCGAACT-1,rca_l,SMC
lca_ld_TTTCCTCCACCTGCAG-1,lca_ld,MP
rca_wtd_AGCCAGCCAGGTGACA-1,rca_wtd,SMC
lca_lo_CCTGCATCATAATCGC-1,lca_lo,FB
lca_ld_TCAAGACTCCTCGATC-1,lca_ld,NK
lca_ld_TGTTTGTTCGAGAACG-1,lca_ld,MP
2dl_AGAGCCCGTGATTCTG-1,2dl,NT
lca_ld_CAACAGTCACTGCGAC-1,lca_ld,MP
rca_fl_CCCTAACGTCAAGTTC-1,rca_fl,EC
rca_lo_CGCCAGATCGACACCG-1,rca_lo,FB
rca_lo_AATGGAAGTTCACCGG-1,rca_lo,SMC
rca_ld_TTTGACTGTTATCCAG-1,rca_ld,EC
rca_lo_TTAGGCAAGGGATGTC-1,rca_lo,SMC
pcsk9_wtd_GGGAGTATCATAGCAC-1,pcsk9_wtd,SMC
lca_ld_CTCACTGCAGCTGTCG-1,lca_ld,MP
lca_ld_TCTGGCTTCGGCGATC-1,lca_ld,TC
ctrl_wtd_TACCGAAGTTCTGACA-1,ctrl_wtd,SMC
ctrl_lo_GTGTGGCGTTGGATCT-1,ctrl_lo,EC
lca_fl_TACTGCCCATGGCCCA-1,lca_fl,TC
lca_l_CAGGGCTAGAGAAGGT-1,lca_l,EC
rca_lo_AATGGCTTCAAGAAAC-1,rca_lo,FB
lca_l_TGTAGACTCAAGGCTT-1,lca_l,MP
ctrl_wtd_CGGCAGTCAAGCCTGC-1,ctrl_wtd,SMC
2wl_TCAATTCTCCGGGACT-1,2wl,EC
lca_lo_CCTGTTGTCTGTCCCA-1,lca_lo,SMC
lca_ld_ACTCCCAGTCACTCGG-1,lca_ld,MP
ctrl_wtd_TAGGAGGTCCTGTAGA-1,ctrl_wtd,SMC
lca_ld_TGGTACAGTCGAGCTC-1,lca_ld,MP
lca_ld_CTCGAGGAGCGATGGT-1,lca_ld,MP
lca_ld_TCTGTCGCACGAAAGC-1,lca_ld,SMC
pcsk9_wtd_GAGGGTAAGCTACAAA-1,pcsk9_wtd,SMC
pcsk9_wtd_TTCACCGAGGCTTAGG-1,pcsk9_wtd,SMC
lca_ld_TGATGGTGTGGTTTGT-1,lca_ld,BC
rca_wtd_CGTGCTTTCTTAGGAC-1,rca_wtd,FB
pcsk9_lo_GGTGAAGTCAAGCCAT-1,pcsk9_lo,SMC
rca_lo_AATTTCCAGATAGTCA-1,rca_lo,SMC
lca_wtd_TCCACCACAGTCTTCC-1,lca_wtd,SMC
rca_wtd_TAAGCGTTCGAGAAAT-1,rca_wtd,SMC
lca_ld_GACTATGAGTAGAGTT-1,lca_ld,MP
lca_fl_GGAAGTGAGCTGCCAC-1,lca_fl,BC
pcsk9_lo_ACTTCCGAGGTGGCTA-1,pcsk9_lo,SMC
lca_ld_ATTCACTTCTGGAAGG-1,lca_ld,SMC
lca_fl_TCGGGCACAAGCTCTA-1,lca_fl,TC
lca_fl_GTTCGCTTCATTCATC-1,lca_fl,SMC
lca_l_TCCTCCCAGAATTTGG-1,lca_l,MP
lca_wtd_ATCCACCCAGTAGGAC-1,lca_wtd,MP
lca_ld_AACGGGAGTATCTCGA-1,lca_ld,SMC
lca_ld_CCGTAGGGTATGATCC-1,lca_ld,MP
rca_lo_TAGGTACCAATGAAAC-1,rca_lo,SMC
lca_ld_ACTTCCGAGCTACTGT-1,lca_ld,MP
lca_ld_CCTTCAGGTCGCATCG-1,lca_ld,DC
lca_ld_GTCTGTCCATCCGAGC-1,lca_ld,EC
ctrl_wtd_CGCAGGTGTAGTGTGG-1,ctrl_wtd,SMC
2dr_TTACGCCAGATCCTAC-1,2dr,SMC
rca_l_TGCCGAGGTCACTGAT-1,rca_l,EC
lca_fl_ACCGTTCAGTGACCTT-1,lca_fl,SMC
lca_l_TAATTCCAGGAGTCTG-1,lca_l,NT
lca_ld_GCCAGTGAGGCCCGTT-1,lca_ld,MP
rca_wtd_TGGGCTGCACGGCACT-1,rca_wtd,SMC
lca_ld_TAGATCGGTCTCGCGA-1,lca_ld,SMC
lca_ld_GCCAACGCAGTTCACA-1,lca_ld,MP
pcsk9_lo_TGTTGAGTCGTAGGAG-1,pcsk9_lo,SMC
lca_l_AGACTCAGTCACAGTT-1,lca_l,SMC
rca_ld_CAACGATGTTTCCCAC-1,rca_ld,EC
lca_fl_TTGAGTGGTTCTCCTG-1,lca_fl,DC
lca_ld_AAACGCTCACCGTGGT-1,lca_ld,MP
ctrl_wtd_CGAGGAAGTTTACGTG-1,ctrl_wtd,SMC
rca_l_CATTGTTCAGCTTCGG-1,rca_l,EC
lca_l_TGGGATTGTCGAACGA-1,lca_l,MP
lca_l_CATTCCGGTTAAACAG-1,lca_l,EC
lca_ld_ATCACAGTCGATGCAT-1,lca_ld,DC
lca_ld_ACGTAACCAAGAGTGC-1,lca_ld,MP
lca_l_TCAATTCTCGACATAC-1,lca_l,MP
lca_lo_GTGGCGTCAAGCAGGT-1,lca_lo,SMC
rca_l_TGGGCTGCATCGATAC-1,rca_l,SMC
2wl_TCTCAGCGTCAGGAGT-1,2wl,DC
pcsk9_wtd_GCTGAATAGCAGCACA-1,pcsk9_wtd,SMC
lca_ld_GAACGTTGTGGTCTTA-1,lca_ld,MP
lca_ld_CCTTCAGTCTAGGCCG-1,lca_ld,MP
rca_lo_CCTACGTCAAACTCGT-1,rca_lo,SMC
rca_ld_TACAACGTCAGAGCGA-1,rca_ld,EC
2dr_TATACCTAGATTGCGG-1,2dr,EC
ctrl_wtd_CCTACGTGTTAGTCGT-1,ctrl_wtd,FB
lca_lo_CGGAATTGTTAGTCGT-1,lca_lo,DC
rca_ld_TCTATACAGTTACGAA-1,rca_ld,EC
lca_ld_CAAGGGACATCCGAGC-1,lca_ld,MP
pcsk9_wtd_TGTTACTCAAGAGATT-1,pcsk9_wtd,FB
lca_ld_GTAGAAATCCCTTTGG-1,lca_ld,EC
pcsk9_wtd_AAGTGAATCTCGACCT-1,pcsk9_wtd,SMC
lca_ld_TATTGCTTCGGTGTTA-1,lca_ld,EC
2dl_TGGATCATCTACGGGC-1,2dl,DC
lca_ld_CGCATGGTCCTTCTTC-1,lca_ld,SMC
ctrl_lo_GAGGGTAAGAAGATCT-1,ctrl_lo,FB
rca_lo_CGCCAGATCTACACTT-1,rca_lo,SMC
rca_wtd_TATTGGGGTTTCGATG-1,rca_wtd,SMC
rca_wtd_TCAGTTTAGCGTGAAC-1,rca_wtd,FB
ctrl_lo_GCTTGGGGTTATTCCT-1,ctrl_lo,FB
lca_wtd_TTGCTGCTCCCGAGAC-1,lca_wtd,MP
lca_l_TGTCCACTCGATTCCC-1,lca_l,FB
lca_fl_GTACAACTCATTTGGG-1,lca_fl,MP
lca_f_CATACTTGTCCACTTC-1,lca_f,MP
rca_lo_ATTCTACCACTTCCTG-1,rca_lo,SMC
lca_ld_GTAACACCAAGACCTT-1,lca_ld,EC
2dl_CGGCAGTAGACTCATC-1,2dl,EC
rca_l_CGGGCATCACTATCGA-1,rca_l,SMC
rca_wtd_ATGCCTCTCAGTCATG-1,rca_wtd,SMC
lca_l_TTCGATTAGAGCTTTC-1,lca_l,SMC
rca_lo_CCTCAACAGACCCGCT-1,rca_lo,SMC
ctrl_wtd_GAGGCCTAGTCGCGAA-1,ctrl_wtd,SMC
lca_ld_TAACACGTCCATACAG-1,lca_ld,MP
pcsk9_lo_TTACGTTGTCTACACA-1,pcsk9_lo,SMC
rca_lo_TAATCTCTCACGGTCG-1,rca_lo,FB
lca_wtd_GACCCAGCACATGTTG-1,lca_wtd,MP
lca_ld_GTAGATCGTACAAGTA-1,lca_ld,SMC
lca_ld_TTGTTGTAGGGACAGG-1,lca_ld,SMC
lca_l_TCTTTGAAGCATCCCG-1,lca_l,FB
2wl_GTGACGCTCGCACTCT-1,2wl,DC
pcsk9_lo_TTCTAACTCTAACGGT-1,pcsk9_lo,SMC
lca_f_CTGAGCGGTGATACTC-1,lca_f,DC
lca_ld_ATGCGATTCTGGAGAG-1,lca_ld,MP
lca_l_CTTAGGAGTTCCGGTG-1,lca_l,FB
lca_ld_CTCCTCCGTGACCTGC-1,lca_ld,MP
ctrl_wtd_ATCGGATGTCAGACTT-1,ctrl_wtd,SMC
2wl_CAATACGAGGTGCTTT-1,2wl,SMC
pcsk9_lo_CATACCCCACAATGAA-1,pcsk9_lo,SMC
lca_ld_ACCTACCTCGGCATTA-1,lca_ld,MP
pcsk9_wtd_CTCATGCCAGTTCACA-1,pcsk9_wtd,SMC
lca_l_GTCATCCTCGTAATGC-1,lca_l,SMC
lca_ld_GACACGCCACTAACCA-1,lca_ld,MP
lca_lo_CCACCATGTAGCACAG-1,lca_lo,MP
lca_fl_AGATCCATCGAGAAAT-1,lca_fl,MP
rca_ld_GTTGTAGAGCATGCAG-1,rca_ld,EC
lca_ld_GTAACCACAAAGACGC-1,lca_ld,MP
lca_ld_TTGTGGAAGTCTGCGC-1,lca_ld,DC
lca_lo_ATGAAAGCAAACTAGA-1,lca_lo,FB
lca_wtd_CCTATCGAGCTTAGTC-1,lca_wtd,NK
pcsk9_lo_AGGTTACGTATCTCTT-1,pcsk9_lo,EC
ctrl_wtd_AGTCAACAGCGTGCTC-1,ctrl_wtd,SMC
lca_ld_AGTGCCGAGTTACGAA-1,lca_ld,MP
lca_ld_GCCAGCAGTTGCACGC-1,lca_ld,MP
rca_fl_GGCTTGGCAGCAGATG-1,rca_fl,EC
lca_fl_TGCATCCTCCACTTTA-1,lca_fl,MP
lca_l_TCTATACCAGGAATCG-1,lca_l,FB
ctrl_lo_CTTGATTCATGACAGG-1,ctrl_lo,SMC
2wl_ACCCTCACATTGGATC-1,2wl,MP
rca_lo_ACTATGGTCTTGGTGA-1,rca_lo,FB
lca_ld_CATTGAGCACGAGAAC-1,lca_ld,MP
lca_fl_TCTGCCACAGCGATTT-1,lca_fl,MP
rca_lo_TAACCAGGTACCTAGT-1,rca_lo,EC
lca_ld_AACTTCTAGTAAACAC-1,lca_ld,MP
lca_ld_CAACAACTCCCTTGTG-1,lca_ld,MP
lca_fl_TGTTGGAAGCATTTGC-1,lca_fl,DC
rca_wtd_AAACCCAGTCACTAGT-1,rca_wtd,SMC
lca_ld_ATAGAGAAGAAGTCAT-1,lca_ld,NK
lca_ld_AGGAAATTCGGACTTA-1,lca_ld,MP
lca_ld_CTAAGTGAGGGTAGCT-1,lca_ld,EC
lca_ld_CCCATTGGTGAAGCTG-1,lca_ld,SMC
ctrl_ld_GTCCCATAGCGGGTAT-1,ctrl_ld,EC
lca_ld_GTCATGAGTACGGCAA-1,lca_ld,SMC
2dl_TTCCTAATCGCGTGAC-1,2dl,EC
ctrl_lo_ACGATGTAGCTCCGAC-1,ctrl_lo,SMC
lca_ld_TCATTCAGTCGGTGTC-1,lca_ld,MP
lca_wtd_TTATTGCTCAAGCCAT-1,lca_wtd,DC
lca_fl_AGAAGTATCCTCAGGG-1,lca_fl,NK
2dl_TTCCTAACAAACGGCA-1,2dl,MP
ctrl_wtd_TACTTACCAGCAGTCC-1,ctrl_wtd,SMC
lca_ld_TGGATGTTCACCCATC-1,lca_ld,MP
rca_lo_TTACAGGGTGTAGGAC-1,rca_lo,SMC
rca_lo_ACTCCCAAGTTGCTCA-1,rca_lo,SMC
rca_l_GGGCCATCAGCGTATT-1,rca_l,SMC
lca_l_TGGGCGTGTGTGATGG-1,lca_l,MP
rca_l_CATTCATGTAGAGACC-1,rca_l,SMC
lca_ld_GCGGAAACAACTGAAA-1,lca_ld,MP
lca_fl_CATCCACGTGAATTGA-1,lca_fl,MP
lca_l_GACGCTGGTAATTAGG-1,lca_l,SMC
2dr_CAGGGCTCATGAAAGT-1,2dr,EC
lca_l_GTGTGATGTCGATGCC-1,lca_l,MP
lca_ld_TTGGTTTCAATCTGCA-1,lca_ld,SMC
rca_lo_CGTTAGAAGCCTCAAT-1,rca_lo,FB
lca_wtd_GGTGTTACATCTCAAG-1,lca_wtd,MP
rca_fl_AGTGACTCAATGTCTG-1,rca_fl,EC
lca_lo_CGTGAATCAGCTTTGA-1,lca_lo,FB
lca_lo_TCACTATGTGGCTCTG-1,lca_lo,SMC
lca_ld_ATGTCTTTCGCAGAGA-1,lca_ld,MP
lca_ld_TCAATTCGTATACAGA-1,lca_ld,SMC
lca_ld_CCCTGATTCAGAATAG-1,lca_ld,EC
lca_lo_AAGTTCGGTCGTGCCA-1,lca_lo,SMC
pcsk9_lo_CAAAGAACAACCGGAA-1,pcsk9_lo,FB
lca_lo_CATAAGCAGTTGCCCG-1,lca_lo,MP
lca_ld_TCCTCGAGTTCCCAAA-1,lca_ld,MP
lca_ld_CCGCAAGCAGTGGGTA-1,lca_ld,TC
ctrl_wtd_AGCGCTGAGTTCCTGA-1,ctrl_wtd,SMC
lca_ld_TCATGGATCGGCCTTT-1,lca_ld,MP
lca_ld_TCTACATGTTCGATTG-1,lca_ld,MP
rca_wtd_GACGCTGTCGGAGATG-1,rca_wtd,SMC
lca_ld_TGCAGTACATTCACAG-1,lca_ld,MP
2dr_CACCAAACATCGTGCG-1,2dr,EC
pcsk9_lo_TAACTTCGTTTCCCAC-1,pcsk9_lo,EC
lca_ld_GACCTTCAGCAGCACA-1,lca_ld,MP
lca_ld_CACTGGGGTTCAGGTT-1,lca_ld,MP
lca_ld_GAGTTTGTCCATTTCA-1,lca_ld,DC
2dr_CTGTAGACAATGTCAC-1,2dr,EC
lca_ld_GTTCCGTCAGAACTAA-1,lca_ld,MP
ctrl_lo_TAAGCCATCAGACCGC-1,ctrl_lo,MP
lca_l_TTGAGTGGTTTACTTC-1,lca_l,FB
ctrl_lo_GGCTTTCTCTGCATGA-1,ctrl_lo,SMC
lca_ld_GTAGGAGTCGGCTATA-1,lca_ld,MP
rca_ld_CAGCACGCACACGGAA-1,rca_ld,EC
lca_fl_TCGCTCAAGGCCTTCG-1,lca_fl,EC
ctrl_fl_GGGAGATCACAGTGTT-1,ctrl_fl,EC
lca_wtd_CACTAAGGTCGCCTAG-1,lca_wtd,TC
lca_lo_CAGCGTGTCTAAGAAG-1,lca_lo,MP
lca_ld_TTCTCTCTCCATAAGC-1,lca_ld,DC
ctrl_lo_CCCGGAATCGACATTG-1,ctrl_lo,FB
lca_l_GGGAGTACAAATGAGT-1,lca_l,FB
lca_ld_GCATCTCAGAGTGGCT-1,lca_ld,MP
ctrl_ld_GGAACCCCACGGCCAT-1,ctrl_ld,EC
2dr_TCATATCTCGTTTACT-1,2dr,EC
lca_ld_CAATTTCAGATGTTAG-1,lca_ld,MP
lca_l_TTTACTGGTGCCCGTA-1,lca_l,SMC
ctrl_lo_ACAACCACATGGACAG-1,ctrl_lo,EC
rca_lo_GGAAGTGTCGCCTTTG-1,rca_lo,EC
lca_ld_CAAGAGGCATGAATCC-1,lca_ld,SMC
ctrl_lo_TCCCACAGTTAAGACA-1,ctrl_lo,SMC
lca_lo_CTCTGGTCACTAGTAC-1,lca_lo,FB
lca_ld_CAGATACAGTGTACAA-1,lca_ld,SMC
rca_lo_TACCCACAGAACCCGA-1,rca_lo,EC
lca_ld_GCATCGGAGCACCAGA-1,lca_ld,EC
lca_fl_TGGAACTGTCAAGGCA-1,lca_fl,MP
lca_lo_GGAATCTAGGGTAGCT-1,lca_lo,MP
lca_ld_CCCATTGGTCAGACTT-1,lca_ld,TC
rca_wtd_CCTCACACATTCTCCG-1,rca_wtd,SMC
rca_lo_ATCTTCACATTACGGT-1,rca_lo,SMC
lca_l_TTGGGTAAGTGCCTCG-1,lca_l,FB
lca_lo_TCTACATTCCTTATCA-1,lca_lo,SMC
lca_ld_TCCATCGAGCCTGAGA-1,lca_ld,MP
lca_wtd_TAACACGGTTTACCAG-1,lca_wtd,DC
lca_l_TGATTCTGTGACGCCT-1,lca_l,FB
lca_ld_TAACTTCTCAGACCTA-1,lca_ld,MP
lca_l_ACAGGGAGTAGCGAGT-1,lca_l,FB
ctrl_lo_TCATGTTCAATTGCCA-1,ctrl_lo,SMC
lca_ld_CACTGAAAGATTGTGA-1,lca_ld,DC
lca_lo_CTATAGGTCCTTCTAA-1,lca_lo,SMC
rca_lo_AATCGTGGTTCTCCCA-1,rca_lo,FB
lca_ld_TCTATACGTCGCCTAG-1,lca_ld,SMC
lca_ld_CGTAGTAAGATACATG-1,lca_ld,SMC
lca_f_TATTGCTAGGTCACAG-1,lca_f,EC
lca_ld_GCTTCACCAGTGTACT-1,lca_ld,SMC
rca_ld_GGTGTCGGTATAATGG-1,rca_ld,EC
ctrl_wtd_AACACACTCCCATAAG-1,ctrl_wtd,SMC
2wl_ACTTTCACAGAGAAAG-1,2wl,EC
lca_l_GTGGCGTAGTTTCGAC-1,lca_l,SMC
ctrl_wtd_GGTGGCTCATACAGAA-1,ctrl_wtd,SMC
lca_l_CTCCTCCTCTTTGGAG-1,lca_l,FB
lca_l_GTGGGAATCCGCACGA-1,lca_l,SMC
rca_lo_CACTGGGGTCTACATG-1,rca_lo,SMC
2dr_ATTCTACTCCTCACCA-1,2dr,EC
lca_ld_AATAGAGCAAGACCTT-1,lca_ld,MP
lca_l_TTGTGGATCTTCTGTA-1,lca_l,SMC
2dl_TAGGTTGCAATACGCT-1,2dl,EC
lca_lo_GCTTGGGGTCCAAATC-1,lca_lo,FB
lca_lo_AACGAAAGTAGTGCGA-1,lca_lo,SMC
lca_ld_CCTAAGAAGCGGGTTA-1,lca_ld,MP
lca_wtd_GTGAGCCAGCTCGCAC-1,lca_wtd,TC
lca_ld_ATCCTATAGGTTCAGG-1,lca_ld,SMC
lca_lo_AGAGAATCAGAGTGTG-1,lca_lo,MP
ctrl_wtd_CTCATCGGTGATGTAA-1,ctrl_wtd,FB
lca_fl_CGTAAGTTCACAATGC-1,lca_fl,MP
ctrl_lo_CTTCAATGTCTATGAC-1,ctrl_lo,EC
ctrl_wtd_GGAGGATGTGGACCAA-1,ctrl_wtd,SMC
lca_l_CGCATAACAGCTACAT-1,lca_l,MP
lca_ld_GTTCCGTGTCTTTATC-1,lca_ld,EC
lca_ld_GATAGCTTCCAGTGCG-1,lca_ld,EC
rca_lo_GCGTGCAAGAAGAGCA-1,rca_lo,FB
rca_l_AACCCAATCCCAGGAC-1,rca_l,EC
lca_ld_TTGCGTCAGCGAGGAG-1,lca_ld,MP
pcsk9_lo_CGCGTGAAGGATACAT-1,pcsk9_lo,FB
ctrl_lo_CGTGCTTGTCCATAGT-1,ctrl_lo,FB
lca_lo_GACTATGTCCAGCTCT-1,lca_lo,SMC
rca_lo_TGTTGAGAGTAAACAC-1,rca_lo,FB
pcsk9_lo_TCCGGGATCTCTATGT-1,pcsk9_lo,SMC
pcsk9_lo_TCTCTGGAGTGCAGGT-1,pcsk9_lo,SMC
ctrl_ld_CGAGAAGGTAGCTGTT-1,ctrl_ld,EC
rca_lo_TAGGTACAGACTCTAC-1,rca_lo,SMC
rca_lo_GGCAGTCCAGGTCCCA-1,rca_lo,FB
rca_fl_ATTCGTTCAGAACGCA-1,rca_fl,EC
lca_fl_TCCTTCTTCTCTCGAC-1,lca_fl,SMC
ctrl_lo_GATTCGATCCATTTAC-1,ctrl_lo,SMC
lca_ld_CACAACAAGATCCCAT-1,lca_ld,SMC
rca_wtd_TCAAGCACACGACTAT-1,rca_wtd,SMC
rca_lo_CATAAGCCAACTGGTT-1,rca_lo,SMC
2dr_GAGGGTACAGAACTTC-1,2dr,SMC
lca_ld_GACCAATTCTGGGCGT-1,lca_ld,MP
lca_wtd_CAACGATTCTCTCGCA-1,lca_wtd,DC
lca_wtd_TAACGACGTTCTTCAT-1,lca_wtd,DC
lca_fl_CACTGAAAGCTAATGA-1,lca_fl,MP
rca_ld_GATGATCCAAAGCTAA-1,rca_ld,EC
lca_ld_TCATTCATCGCATTGA-1,lca_ld,SMC
lca_ld_GATCACATCCTACCGT-1,lca_ld,MP
lca_ld_CGTGCTTTCCATGATG-1,lca_ld,SMC
lca_lo_CTCAAGACAAAGAGTT-1,lca_lo,FB
rca_lo_GGTTAACTCTAAACGC-1,rca_lo,FB
rca_ld_TGTGCGGTCGCGAAGA-1,rca_ld,EC
pcsk9_ld_CTTCAATGTTGAGAGC-1,pcsk9_ld,EC
lca_fl_AGCGTCGAGGTTGTTC-1,lca_fl,DC
2wl_CTGATCCGTCGCATGC-1,2wl,EC
lca_lo_ATCGTCCCACGACAAG-1,lca_lo,FB
lca_ld_CTTCCTTCATAGATGA-1,lca_ld,MP
ctrl_wtd_TGAATCGGTAGCGAGT-1,ctrl_wtd,EC
lca_lo_TACTTGTTCCTTATGT-1,lca_lo,SMC
2wr_AAGATAGAGTATTCCG-1,2wr,EC
lca_ld_TCCTGCAAGGACAGCT-1,lca_ld,MP
lca_ld_TTGGGTACACAAGCCC-1,lca_ld,MP
lca_ld_TCCATCGTCAATCGGT-1,lca_ld,MP
rca_wtd_TATCGCCCACCATTCC-1,rca_wtd,SMC
ctrl_wtd_CATTCTAGTGATACCT-1,ctrl_wtd,SMC
lca_lo_ATCTCTATCCTACCAC-1,lca_lo,MP
lca_ld_AGCGCTGGTTTACTTC-1,lca_ld,MP
ctrl_lo_CGTAATGAGCTCACTA-1,ctrl_lo,EC
lca_l_AGAACAAAGATTAGTG-1,lca_l,SMC
lca_ld_AGTCACACATGATAGA-1,lca_ld,EC
ctrl_wtd_GATAGAATCAGTAGGG-1,ctrl_wtd,SMC
rca_ld_TTTCAGTTCAGCGTCG-1,rca_ld,EC
lca_l_GCCCGAAAGCTTGTTG-1,lca_l,EC
rca_lo_AGGAATACAGCTTTGA-1,rca_lo,SMC
2wr_AATGACCGTCCACATA-1,2wr,EC
lca_ld_ATCCATTGTTGCATTG-1,lca_ld,MP
lca_fl_GCATGATGTATGGAGC-1,lca_fl,MP
lca_lo_TACGTCCAGTATGATG-1,lca_lo,MP
rca_l_TCTACCGAGGGCAGTT-1,rca_l,SMC
rca_lo_TGCCGAGAGTCCCGAC-1,rca_lo,SMC
rca_ld_TGCTCGTTCATAGGCT-1,rca_ld,EC
2wr_GGTTAACCAGGATGAC-1,2wr,EC
rca_lo_TCCATCGTCATGCGGC-1,rca_lo,EC
lca_ld_ATCGTCCGTAACCCTA-1,lca_ld,DC
ctrl_wtd_CTAGACAGTTCTCACC-1,ctrl_wtd,MP
pcsk9_lo_TGGGAAGTCGTTCATT-1,pcsk9_lo,SMC
lca_ld_TGGGAGAGTCCGAAAG-1,lca_ld,EC
lca_ld_TCGAACATCGTTGCCT-1,lca_ld,MP
lca_ld_GTTGTAGAGTGACCTT-1,lca_ld,MP
lca_ld_TATTGGGCAGCAGTAG-1,lca_ld,MP
lca_l_GACTTCCTCCGGGACT-1,lca_l,FB
lca_ld_TGCTTGCAGACGCCCT-1,lca_ld,MP
lca_ld_TCGCTCAAGCTACTAC-1,lca_ld,MP
lca_ld_TCGAACACACTGCGAC-1,lca_ld,MP
lca_l_TCTTTGATCTTGCAAG-1,lca_l,FB
lca_ld_TCATGTTGTGGACCAA-1,lca_ld,MP
pcsk9_ld_GGCACGTAGATCGCTT-1,pcsk9_ld,EC
ctrl_ld_GCCCGAAAGAACTTCC-1,ctrl_ld,EC
lca_lo_AACAACCGTTATGACC-1,lca_lo,MP
lca_ld_AAGACTCGTATCGCGC-1,lca_ld,MP
lca_ld_GTGAGTTGTAGTAAGT-1,lca_ld,MP
rca_lo_AGCGTATCACTTCTCG-1,rca_lo,SMC
lca_ld_ATGGGTTGTAAGGCCA-1,lca_ld,MP
lca_l_TTTCGATAGCAGCGAT-1,lca_l,MP
lca_ld_GAGACTTCAGATTTCG-1,lca_ld,MP
pcsk9_lo_AGGACTTGTGGCTCTG-1,pcsk9_lo,SMC
rca_lo_AGACAGGTCGTGGCTG-1,rca_lo,FB
lca_fl_GGGCTCATCTCCTGAC-1,lca_fl,NK
2wl_AGGGTCCAGTCACACT-1,2wl,EC
2dl_CATGAGTAGCTGCCAC-1,2dl,SMC
lca_l_CGGAACCCAGAGACTG-1,lca_l,EC
ctrl_wtd_TGCGGCACAACATACC-1,ctrl_wtd,SMC
2dr_GGGCTCAGTACTGCGC-1,2dr,FB
lca_ld_GTAGGTTTCACACGAT-1,lca_ld,MP
lca_ld_TCCTCGATCCCTAGGG-1,lca_ld,MP
lca_ld_TCTCACGCAGATACCT-1,lca_ld,MP
lca_ld_CCCGAAGAGACGGATC-1,lca_ld,MP
ctrl_fl_CCACGAGGTCAAACGG-1,ctrl_fl,EC
ctrl_wtd_CTTCTAAGTGTGAATA-1,ctrl_wtd,SMC
2wl_CAGATTGCAACATACC-1,2wl,SMC
pcsk9_lo_GTGGAGAAGCTCGACC-1,pcsk9_lo,SMC
rca_lo_TAAGCGTTCGCATGAT-1,rca_lo,SMC
lca_ld_AGGAAATGTGACAGCA-1,lca_ld,MP
lca_ld_GCACGGTAGCGTGTCC-1,lca_ld,MP
lca_lo_GTAGATCGTCCGCAGT-1,lca_lo,MP
lca_ld_TTTACTGCAATTTCCT-1,lca_ld,MP
2wl_CGCAGGTTCAAACCCA-1,2wl,EC
lca_ld_TTCCAATCACAGTCCG-1,lca_ld,SMC
lca_ld_TGTCCACCATATTCGG-1,lca_ld,MP
rca_lo_CACAGGCGTGAAGCTG-1,rca_lo,SMC
2dr_TCATTTGGTTCAGCTA-1,2dr,EC
rca_lo_AACCTTTTCATTCATC-1,rca_lo,SMC
lca_ld_ATGAGTCCAGGTTTAC-1,lca_ld,MP
pcsk9_lo_CATGAGTCACAGTACT-1,pcsk9_lo,SMC
pcsk9_lo_CTTGAGAGTCTGATAC-1,pcsk9_lo,FB
2wl_TTCCAATAGTTCGGTT-1,2wl,EC
lca_ld_AGCCACGTCTCCGATC-1,lca_ld,MP
ctrl_lo_CTGAGCGAGTCATGGG-1,ctrl_lo,SMC
lca_ld_GATCACAGTGCGTTTA-1,lca_ld,MP
rca_l_GCAGTTAAGAGGCTGT-1,rca_l,EC
lca_ld_GTTTACTGTCTTGTCC-1,lca_ld,MP
ctrl_fl_GGAACCCCAGGTGACA-1,ctrl_fl,EC
lca_lo_ATCACAGTCTCCTACG-1,lca_lo,FB
lca_ld_CTACCCAAGATGGGCT-1,lca_ld,MP
lca_l_TCTACATTCGCTGATA-1,lca_l,FB
lca_ld_AGGCTGCTCTCTGCCA-1,lca_ld,MP
lca_ld_TCGACCTAGAACAAGG-1,lca_ld,MP
lca_ld_GTTACGATCCTTCGAC-1,lca_ld,EC
rca_l_TTGTTGTGTCCTCAGG-1,rca_l,SMC
lca_ld_GATCACATCTCTCCGA-1,lca_ld,MP
pcsk9_lo_TGGATGTGTGTTATCG-1,pcsk9_lo,SMC
2wl_AGTAACCCACAATGCT-1,2wl,EC
lca_fl_CTCCACAGTACGTTCA-1,lca_fl,DC
rca_l_CTGGTCTCAGAGTTCT-1,rca_l,SMC
lca_ld_ACGATGTTCGCGAAGA-1,lca_ld,SMC
rca_lo_GGGCCATCAAGAATGT-1,rca_lo,SMC
rca_lo_TGAGACTGTGGGATTG-1,rca_lo,SMC
lca_f_ACGTACATCTCAACCC-1,lca_f,EC
lca_ld_TATCTTGTCAACTTTC-1,lca_ld,MP
pcsk9_lo_CGAATTGAGTATCTGC-1,pcsk9_lo,FB
lca_wtd_CCTCAGTGTTCGTTCC-1,lca_wtd,EC
pcsk9_lo_ACTATTCTCAGACCTA-1,pcsk9_lo,FB
rca_lo_GACTTCCAGCATCCCG-1,rca_lo,SMC
rca_wtd_GAGTCATAGTCACGCC-1,rca_wtd,SMC
rca_ld_CAACAACCAGCGTACC-1,rca_ld,EC
rca_wtd_GAAGTAATCGGTCACG-1,rca_wtd,FB
lca_ld_AACCATGAGGAGACCT-1,lca_ld,MP
2wl_CGGAGAACATTGGGAG-1,2wl,TC
lca_l_TTCCGTGAGATCCGAG-1,lca_l,SMC
ctrl_wtd_GAAACCTAGCACTCGC-1,ctrl_wtd,SMC
lca_lo_ATGCGATAGTAGGAAG-1,lca_lo,SMC
lca_ld_CACAGGCTCGACCAAT-1,lca_ld,DC
lca_fl_CAGCCAGAGTTGAAGT-1,lca_fl,SMC
pcsk9_wtd_GATCGTAAGCAAGCCA-1,pcsk9_wtd,SMC
lca_ld_ATAGGCTTCTTTCCGG-1,lca_ld,MP
rca_lo_AGATGAAGTGAACTAA-1,rca_lo,FB
rca_lo_AGGTGTTTCCACCTCA-1,rca_lo,SMC
2dr_TACGGGCCAGTGTGGA-1,2dr,EC
ctrl_lo_CCATCACGTTGCATGT-1,ctrl_lo,FB
lca_ld_CGATCGGCATGTGGTT-1,lca_ld,MP
rca_l_AGCCAATCAGTAACGG-1,rca_l,SMC
lca_wtd_CCCTTAGCAGAGTGAC-1,lca_wtd,TC
lca_ld_GAGTTTGTCCATCTAT-1,lca_ld,MP
rca_wtd_ACAACCATCATAGAGA-1,rca_wtd,SMC
lca_ld_GATCATGGTTATCCAG-1,lca_ld,MP
ctrl_lo_CATAGACCAGGCTACC-1,ctrl_lo,EC
rca_lo_TCATGCCTCATCCTGC-1,rca_lo,SMC
lca_ld_AATTCCTAGGGTCTTT-1,lca_ld,SMC
rca_lo_ACAGAAAGTAGTACGG-1,rca_lo,FB
lca_ld_TAACCAGAGGCCTTCG-1,lca_ld,MP
lca_fl_TCACTATAGTAGACCG-1,lca_fl,MP
lca_ld_GTTGTAGAGCTGACTT-1,lca_ld,MP
ctrl_lo_TGACTCCTCCTGTTAT-1,ctrl_lo,SMC
rca_lo_GCCAGTGAGCTAAGTA-1,rca_lo,FB
lca_lo_TTCCTAAGTTGGAGAC-1,lca_lo,MP
rca_lo_ATTGTTCGTCGTTGCG-1,rca_lo,EC
2wr_TTCACGCCAACCGGAA-1,2wr,EC
pcsk9_lo_TTGGGTAGTTTACGAC-1,pcsk9_lo,EC
ctrl_wtd_GGACGTCAGGGATGTC-1,ctrl_wtd,SMC
lca_ld_ACTGATGCACCTGATA-1,lca_ld,MP
ctrl_wtd_ATATCCTTCTACTCAT-1,ctrl_wtd,SMC
lca_ld_GTGGTTATCACCTGGG-1,lca_ld,MP
lca_ld_GGGTCTGGTGATAGTA-1,lca_ld,MP
ctrl_lo_GTCATCCGTGGCACTC-1,ctrl_lo,EC
lca_ld_AGAACCTCAGCGTGCT-1,lca_ld,MP
rca_lo_ATCATTCTCGCAACAT-1,rca_lo,FB
lca_l_GAGAAATAGATTGTGA-1,lca_l,EC
rca_wtd_GTTAGTGGTGGCTGAA-1,rca_wtd,FB
lca_f_TGCTTGCGTGGCTACC-1,lca_f,MP
lca_ld_GTAACACGTGTTTGCA-1,lca_ld,MP
lca_ld_TCGGATAGTTCTCTCG-1,lca_ld,MP
lca_fl_CCCATTGTCGAAGCCC-1,lca_fl,DC
lca_ld_CTCAACCCACAGTGTT-1,lca_ld,SMC
lca_ld_GAAATGACAGAGGCTA-1,lca_ld,MP
2wl_AGCTTCCCAGTTGTTG-1,2wl,EC
lca_ld_TCCCAGTAGCACACCC-1,lca_ld,SMC
lca_ld_CCTCCAATCAGTGTTG-1,lca_ld,MP
2wl_GAACACTTCCCTCTCC-1,2wl,EC
lca_ld_TGAGCGCCATTCGGGC-1,lca_ld,MP
rca_lo_CGGACACGTACCCACG-1,rca_lo,SMC
lca_lo_CCGATGGGTGATTGGG-1,lca_lo,FB
lca_ld_GACAGCCCATAGAGGC-1,lca_ld,EC
rca_lo_TATCTTGGTCCAATCA-1,rca_lo,SMC
lca_lo_TTAATCCCACCAGTAT-1,lca_lo,FB
lca_lo_CTTGAGATCAGTCATG-1,lca_lo,EC
lca_ld_TGTTGAGGTGAGTTTC-1,lca_ld,EC
rca_lo_TACAGGTCACAGAGAC-1,rca_lo,SMC
lca_l_ATGTCCCCAGGTACGA-1,lca_l,FB
rca_lo_GGCGTCATCACACGAT-1,rca_lo,SMC
lca_ld_CCCGGAACACCCTATC-1,lca_ld,MP
rca_l_CTACGGGGTAGATTAG-1,rca_l,FB
pcsk9_ld_TCCTTTCTCGGTCTGG-1,pcsk9_ld,FB
lca_ld_TTGACCCAGTATAGAC-1,lca_ld,SMC
ctrl_wtd_GTGGAGACATGATAGA-1,ctrl_wtd,FB
lca_lo_CTACATTTCAAGATAG-1,lca_lo,MP
lca_ld_CCACCATCATCGCTCT-1,lca_ld,DC
rca_lo_AAACCCAGTCTGATAC-1,rca_lo,EC
lca_lo_TAATTCCGTTGACTGT-1,lca_lo,FB
lca_ld_CACAACATCGGTAAGG-1,lca_ld,MP
pcsk9_wtd_AGCCAATGTACCGGCT-1,pcsk9_wtd,SMC
lca_ld_ATAGACCCAAGCTGCC-1,lca_ld,MP
rca_lo_GTCTCACCACAGCTGC-1,rca_lo,SMC
lca_l_TCGCAGGAGTAGAGTT-1,lca_l,SMC
rca_lo_CTGAGGCGTAGGTTTC-1,rca_lo,EC
lca_l_TACAACGGTGACGTCC-1,lca_l,FB
2dr_AATTCCTTCGTGTCAA-1,2dr,EC
lca_lo_ATTACCTCAAGCGCAA-1,lca_lo,MP
lca_ld_TTCGCTGAGGCCTAAG-1,lca_ld,EC
pcsk9_wtd_GATGATCGTGGGATTG-1,pcsk9_wtd,FB
lca_ld_TCTACATGTAGCTTAC-1,lca_ld,MP
lca_wtd_TTGGATGAGCTCCCTT-1,lca_wtd,FB
lca_fl_ACCCTCAAGCCTTTGA-1,lca_fl,MP
rca_wtd_TATCCTAGTCGGTGTC-1,rca_wtd,FB
ctrl_lo_CATGCAAAGCCTCTCT-1,ctrl_lo,EC
rca_lo_TCAGCAAGTGAGGATC-1,rca_lo,FB
rca_l_CATAGACGTGAGTGAC-1,rca_l,MP
lca_ld_ACCTGAAAGTGGTTAA-1,lca_ld,EC
rca_lo_TCACACCAGTAGCATA-1,rca_lo,FB
rca_ld_ATGGAGGCAGAGAGGG-1,rca_ld,EC
rca_l_AACAAAGCAAGTGGAC-1,rca_l,EC
rca_fl_GTAAGTCCAGGTCAAG-1,rca_fl,EC
lca_ld_TTCAATCAGCCGGATA-1,lca_ld,TC
rca_wtd_GCCAGTGGTACGTAGG-1,rca_wtd,SMC
rca_lo_CGTCCATTCCCAGGAC-1,rca_lo,FB
lca_ld_TGTGATGCAATTTCTC-1,lca_ld,MP
pcsk9_lo_GAACTGTCATCGATCA-1,pcsk9_lo,SMC
lca_ld_ACTGTCCGTCGCACGT-1,lca_ld,EC
lca_ld_AGACACTTCTGGGTCG-1,lca_ld,MP
rca_lo_CTCACTGAGACCATTC-1,rca_lo,SMC
ctrl_wtd_TTGCATTCATGCCGGT-1,ctrl_wtd,SMC
pcsk9_wtd_TAAGCACAGATCCCAT-1,pcsk9_wtd,SMC
lca_fl_ATTCGTTTCGCTGCGA-1,lca_fl,SMC
lca_fl_TAGAGTCGTCTCGGGT-1,lca_fl,SMC
lca_ld_GGTCACGCAGAAACCG-1,lca_ld,FB
lca_ld_CCTCTCCTCAAATGAG-1,lca_ld,MP
2dl_AGCCAGCAGTGTTGTC-1,2dl,EC
rca_lo_AGTGATCAGCTGACAG-1,rca_lo,SMC
lca_fl_TAACGACGTTCTTAGG-1,lca_fl,DC
lca_ld_CATTCTAAGCATTTCG-1,lca_ld,MP
lca_l_GGCAGTCCATCTAACG-1,lca_l,FB
rca_ld_GGGACCTCAAGTGGTG-1,rca_ld,EC
lca_ld_TGCAGTAAGAGCTGCA-1,lca_ld,EC
rca_lo_ATGAAAGGTGACTGTT-1,rca_lo,FB
lca_l_AACCCAATCGAGTTGT-1,lca_l,FB
lca_ld_GTCACTCAGATAGTCA-1,lca_ld,FB
lca_lo_TGAGACTTCACCGACG-1,lca_lo,MP
lca_l_CAAAGAAAGTCGCCAC-1,lca_l,FB
rca_ld_TGTGATGAGGCAGGGA-1,rca_ld,EC
2dr_TGTCCACTCTAACACG-1,2dr,EC
rca_ld_TCATCCGCATCGTCCT-1,rca_ld,EC
lca_l_GGTAATCGTATGAGAT-1,lca_l,TC
lca_l_AATGGCTTCTAACACG-1,lca_l,SMC
lca_ld_TGATGGTGTAGTCTGT-1,lca_ld,SMC
lca_fl_ATCGTAGCAGCCGTTG-1,lca_fl,EC
lca_ld_TCCTGCAAGAAACCAT-1,lca_ld,MP
lca_l_TTTCGATGTATTTCCT-1,lca_l,NT
lca_l_ATCGGCGCACACCTTC-1,lca_l,FB
rca_lo_AACAACCAGATACTGA-1,rca_lo,SMC
lca_l_GAAACCTGTATGCTAC-1,lca_l,FB
lca_ld_AGTACCACAACTGCTA-1,lca_ld,MP
pcsk9_lo_CTACCTGAGCGTGTCC-1,pcsk9_lo,SMC
lca_ld_ATAGACCCAGACGCTC-1,lca_ld,MP
rca_wtd_TGCGATACAACATCGT-1,rca_wtd,FB
lca_ld_ACGTAGTAGTTGGCTT-1,lca_ld,MP
pcsk9_wtd_GAGAAATCATGCCGCA-1,pcsk9_wtd,SMC
lca_ld_GTATTTCGTGTTTGCA-1,lca_ld,MP
lca_wtd_AGCTACATCGTAACAC-1,lca_wtd,MP
lca_lo_GCCAGGTGTTAGCGGA-1,lca_lo,MP
lca_ld_CATCGGGCAGGGACTA-1,lca_ld,EC
2dr_AATCGACAGTGTTCAC-1,2dr,EC
lca_ld_CTTTCGGGTCGCCACA-1,lca_ld,MP
lca_ld_TACGCTCTCACAGAGG-1,lca_ld,SMC
rca_l_ATTGTTCAGGTCGTGA-1,rca_l,FB
lca_fl_CATCCGTAGGTAAGTT-1,lca_fl,SMC
ctrl_lo_TGATTTCAGGCTCTAT-1,ctrl_lo,EC
ctrl_wtd_CTCCACAGTAATGCTC-1,ctrl_wtd,FB
rca_l_TGCATGAGTGAACCGA-1,rca_l,SMC
lca_ld_AGGACGACATCCGGCA-1,lca_ld,SMC
lca_lo_CTCATTACAACCACGC-1,lca_lo,SMC
2dl_ACTGTGACACTATCCC-1,2dl,EC
rca_lo_GACCTTCGTACGCGTC-1,rca_lo,SMC
lca_fl_GTATTGGCAAACACCT-1,lca_fl,MP
lca_ld_CGTAAGTGTCAACCAT-1,lca_ld,SMC
pcsk9_lo_CAGCAGCAGGCGTTAG-1,pcsk9_lo,EC
pcsk9_wtd_CTGCAGGTCGTCCTTG-1,pcsk9_wtd,SMC
pcsk9_lo_TAACCAGTCCCAATAG-1,pcsk9_lo,SMC
lca_ld_ACTATCTGTCCCTAAA-1,lca_ld,SMC
lca_ld_GTATTGGCACAGAGCA-1,lca_ld,TC
rca_lo_ATTGGGTAGATGCAGC-1,rca_lo,FB
lca_ld_GCGGAAATCGCTGACG-1,lca_ld,MP
pcsk9_ld_GGGAAGTGTCTTTCAT-1,pcsk9_ld,EC
ctrl_lo_CAGATCACAGCACAAG-1,ctrl_lo,FB
ctrl_lo_GGCACGTTCCGTTGAA-1,ctrl_lo,FB
lca_ld_GAGCTGCGTACGCTAT-1,lca_ld,EC
lca_fl_TACTTCATCGTAGAGG-1,lca_fl,NT
rca_lo_AACCAACTCTCCAATT-1,rca_lo,SMC
lca_ld_GAACGTTAGTAACCGG-1,lca_ld,SMC
rca_wtd_CCGCAAGAGGAGTATT-1,rca_wtd,SMC
rca_fl_TTCACGCGTTTGGAAA-1,rca_fl,EC
lca_ld_CTCGAGGCAACTGGTT-1,lca_ld,DC
lca_ld_GCATCGGTCGAGTACT-1,lca_ld,DC
pcsk9_wtd_TGAGGTTGTGCCCTTT-1,pcsk9_wtd,SMC
lca_wtd_TGGAACTAGCAGAAAG-1,lca_wtd,MP
lca_ld_GTCATTTTCCCTATTA-1,lca_ld,EC
lca_ld_TACGGGCAGAGGATGA-1,lca_ld,MP
lca_fl_ACACGCGGTAGGAAAG-1,lca_fl,MP
lca_ld_CAACCTCCACGCTGTG-1,lca_ld,MP
lca_l_AGGTCTATCCGATCGG-1,lca_l,FB
lca_ld_GCATTAGTCGCGTGAC-1,lca_ld,SMC
rca_lo_CTAAGTGTCTTGTTAC-1,rca_lo,FB
lca_ld_AACGGGACAATCCTTT-1,lca_ld,MP
lca_ld_AGGCCACGTCTAACGT-1,lca_ld,EC
pcsk9_wtd_CTGCCATGTTTCGATG-1,pcsk9_wtd,FB
lca_ld_ATTCAGGGTCAACACT-1,lca_ld,MP
ctrl_wtd_GGATGTTGTCCACACG-1,ctrl_wtd,SMC
lca_l_AGCTCAATCCACGGAC-1,lca_l,MP
lca_l_CGTGTCTTCGTCGCTT-1,lca_l,SMC
pcsk9_wtd_CGAAGGAGTGTTAAAG-1,pcsk9_wtd,SMC
lca_ld_GCATTAGGTATTTCGG-1,lca_ld,TC
ctrl_lo_ATGGGTTCATGGAGAC-1,ctrl_lo,SMC
lca_ld_TGATCTTAGCCTATCA-1,lca_ld,MP
lca_ld_TCAAGCATCTCATTTG-1,lca_ld,EC
rca_lo_TGTGATGTCCGAGGCT-1,rca_lo,SMC
lca_fl_TATACCTCAGTTAAAG-1,lca_fl,TC
rca_l_GCACTAACATTCTCCG-1,rca_l,EC
rca_lo_TCTAACTAGATAACGT-1,rca_lo,FB
lca_l_GTGAGGAGTGCCAAGA-1,lca_l,DC
lca_l_AATGAAGCACGGCACT-1,lca_l,FB
lca_fl_TGGAACTCAATGAACA-1,lca_fl,MP
lca_l_CAAGCTATCACTGATG-1,lca_l,FB
pcsk9_wtd_CCTAACCAGCGAGTAC-1,pcsk9_wtd,SMC
rca_lo_TGTGCGGAGAGAAGGT-1,rca_lo,FB
rca_lo_TAAGCACCAAAGCACG-1,rca_lo,FB
lca_ld_CGTAATGGTCTGTAAC-1,lca_ld,DC
lca_ld_GTTCCGTAGAAGCGGG-1,lca_ld,MP
rca_l_GGTGTTAAGCCTGTCG-1,rca_l,EC
lca_ld_ACTTTCAGTGGACAGT-1,lca_ld,MP
pcsk9_lo_AGATCGTAGAAGCCTG-1,pcsk9_lo,EC
lca_fl_ATGTCCCCATTCACAG-1,lca_fl,MP
lca_lo_TTCCTAATCTTCACAT-1,lca_lo,FB
pcsk9_lo_TTGCATTTCCTAGCCT-1,pcsk9_lo,SMC
rca_l_TGCTGAAGTAGAATAC-1,rca_l,SMC
ctrl_lo_GTCATGAGTCAGGAGT-1,ctrl_lo,SMC
lca_ld_GGCGTCAAGAAGATCT-1,lca_ld,MP
lca_ld_TTCTGTAGTTGACTGT-1,lca_ld,MP
rca_l_TCATTCACAGAGGTAC-1,rca_l,FB
lca_fl_CTCCCAAAGGTAATCA-1,lca_fl,MP
2dr_TGTTGAGGTCTACACA-1,2dr,EC
lca_ld_TCATATCAGAAGATCT-1,lca_ld,MP
lca_ld_CTAACTTGTTATTCTC-1,lca_ld,MP
lca_ld_GAGTTACCAGTATACC-1,lca_ld,MP
2dl_TAAGTCGGTCTTCAAG-1,2dl,EC
rca_f_GAATCGTAGCAAACAT-1,rca_f,EC
rca_l_TCATGAGTCCGGACGT-1,rca_l,SMC
lca_ld_TATTGCTCATGCCATA-1,lca_ld,MP
lca_ld_GTCCACTGTCGAGCTC-1,lca_ld,MP
lca_l_ACTATCTCATGATAGA-1,lca_l,SMC
rca_lo_AGGAGGTAGTGTAGTA-1,rca_lo,SMC
2wl_TTAGGCAGTCGCCACA-1,2wl,EC
lca_lo_AACGTCAGTTTCTTAC-1,lca_lo,TC
2dr_TGTTCATAGAGGATCC-1,2dr,EC
lca_ld_ATTATCCGTATTCCTT-1,lca_ld,SMC
pcsk9_wtd_GAAGGGTAGATGTTAG-1,pcsk9_wtd,SMC
rca_lo_GACTTCCTCTGCGGAC-1,rca_lo,FB
lca_ld_CGGGCATAGAATAACC-1,lca_ld,MP
lca_ld_AGATGAATCCATGATG-1,lca_ld,MP
lca_ld_AAGCCATCATTGCTTT-1,lca_ld,MP
lca_ld_AGGTGTTCAAGGGTCA-1,lca_ld,MP
lca_wtd_ACTTATCTCCGTTTCG-1,lca_wtd,FB
ctrl_wtd_CTCCCTCTCGTCGATA-1,ctrl_wtd,SMC
lca_ld_TACTGCCAGGCTAAAT-1,lca_ld,MP
rca_ld_TAAGCGTAGCCATTCA-1,rca_ld,EC
lca_ld_CTAACCCCATCAGTGT-1,lca_ld,MP
lca_ld_CTCACTGTCTCATTTG-1,lca_ld,MP
rca_lo_AGGGAGTTCGATTCCC-1,rca_lo,FB
ctrl_wtd_AGGTGTTCACACCAGC-1,ctrl_wtd,FB
ctrl_lo_AACGGGAAGACCATAA-1,ctrl_lo,SMC
lca_wtd_GACTGATAGAGCAAGA-1,lca_wtd,MP
pcsk9_lo_AACCCAAAGGATAATC-1,pcsk9_lo,SMC
lca_ld_TGAATCGGTATCATGC-1,lca_ld,MP
rca_l_TTTGTTGGTGGTGATG-1,rca_l,FB
lca_ld_TCACACCCATCTCGTC-1,lca_ld,MP
lca_ld_GTCTACCTCCCATACC-1,lca_ld,DC
lca_l_AGTGCCGAGACTTGTC-1,lca_l,SMC
rca_f_GTTGCGGGTTACGTAC-1,rca_f,EC
lca_ld_GCAGCTGCAGAGTGTG-1,lca_ld,DC
lca_l_CAGAGCCGTGACTGTT-1,lca_l,FB
lca_ld_CATGCAACAATCACGT-1,lca_ld,MP
lca_ld_CAATTTCTCCACGAAT-1,lca_ld,MP
rca_l_TAACACGTCCCTCGTA-1,rca_l,FB
lca_ld_ATTGTTCAGCCTCAGC-1,lca_ld,EC
lca_ld_TAGAGTCCACCCGTAG-1,lca_ld,DC
lca_ld_TGTCCTGAGCGACCCT-1,lca_ld,MP
ctrl_wtd_CAGATCATCCCAGTGG-1,ctrl_wtd,SMC
lca_ld_TCGATTTTCCCAACTC-1,lca_ld,MP
lca_ld_TTCTTCCTCGCTTAAG-1,lca_ld,MP
lca_ld_CAACGGCCAAACCGGA-1,lca_ld,MP
rca_lo_TCTATCATCCTTATCA-1,rca_lo,FB
2wl_TGCGGCATCTTGGGCG-1,2wl,TC
lca_l_TCAAGCAGTATCGTTG-1,lca_l,FB
lca_l_CTTCCTTGTTGCGAAG-1,lca_l,SMC
lca_lo_ACAAAGATCGCACTCT-1,lca_lo,SMC
pcsk9_lo_CTCCCTCGTTCTCAGA-1,pcsk9_lo,SMC
ctrl_wtd_ACTTATCCAGTCGAGA-1,ctrl_wtd,SMC
2wl_AACGTCAAGGGCATGT-1,2wl,EC
lca_ld_TTGGGCGAGTGATCGG-1,lca_ld,TC
rca_f_GGACGTCTCCATTGGA-1,rca_f,EC
pcsk9_lo_GGGTGTCTCGACGATT-1,pcsk9_lo,SMC
lca_ld_CCAATGAGTCTGCCTT-1,lca_ld,SMC
rca_lo_CATTTCAAGACATGCG-1,rca_lo,SMC
rca_ld_CTTCCGACAACAGCCC-1,rca_ld,EC
pcsk9_lo_CTTAGGAAGAAGCTCG-1,pcsk9_lo,FB
rca_lo_TCCACCATCAAGATAG-1,rca_lo,FB
ctrl_wtd_AGGTCATTCATTGGTG-1,ctrl_wtd,SMC
lca_ld_ACTACGAGTGATCGTT-1,lca_ld,MP
lca_ld_TATGTTCTCAAGTTGC-1,lca_ld,MP
lca_fl_GTATTGGGTACTGAGG-1,lca_fl,NT
ctrl_fl_CAATACGTCATTCGGA-1,ctrl_fl,EC
lca_lo_TTCCGGTTCGATACTG-1,lca_lo,SMC
lca_fl_AGTAGTCCATTATGCG-1,lca_fl,MP
lca_ld_ATTTCACAGATAGCAT-1,lca_ld,EC
lca_fl_CGGAACCGTACAAGTA-1,lca_fl,NT
lca_l_TTGCGTCTCCGGTAGC-1,lca_l,FB
lca_ld_TTGATGGGTCTCGGGT-1,lca_ld,MP
lca_ld_TATATCCCAGGCGAAT-1,lca_ld,MP
pcsk9_wtd_GCCTGTTTCCGCTGTT-1,pcsk9_wtd,SMC
lca_ld_TCCTAATAGCCACAAG-1,lca_ld,SMC
lca_ld_TAGATCGGTGGTAATA-1,lca_ld,SMC
lca_ld_TGTTCATGTTAGAGTA-1,lca_ld,SMC
lca_ld_GAGTTACCACTTGTGA-1,lca_ld,MP
lca_l_TTGTGTTGTACCGGAA-1,lca_l,TC
pcsk9_lo_CACGAATCATCATCCC-1,pcsk9_lo,SMC
lca_wtd_TGCTTCGCATATGAAG-1,lca_wtd,SMC
lca_ld_TCATCCGAGAGTCTTC-1,lca_ld,MP
lca_ld_TCCATCGCACCACTGG-1,lca_ld,EC
lca_l_AGTGCCGAGGGTATAT-1,lca_l,EC
2wr_ATAGGCTGTCGGTACC-1,2wr,EC
lca_ld_CATTGAGTCGGCTGAC-1,lca_ld,SMC
rca_wtd_GGGACAACACATGACT-1,rca_wtd,FB
lca_lo_GTCACTCTCGGCATTA-1,lca_lo,SMC
ctrl_wtd_ATTTCACAGACATAAC-1,ctrl_wtd,SMC
lca_ld_TTCAATCAGAGAGGTA-1,lca_ld,MP
2wl_CCGGGTAAGGGATCTG-1,2wl,EC
ctrl_ld_CCACGAGCAAGTCCCG-1,ctrl_ld,EC
ctrl_wtd_GCAGCCACAACAACAA-1,ctrl_wtd,SMC
ctrl_lo_TGAGCGCTCAAAGGAT-1,ctrl_lo,SMC
lca_ld_TGGTAGTCACGTGTGC-1,lca_ld,SMC
2dl_GGTTAACGTTTGGGAG-1,2dl,SMC
lca_wtd_TCACACCGTTTAGACC-1,lca_wtd,EC
rca_ld_GACATCATCTGCGGGT-1,rca_ld,EC
pcsk9_lo_AACAAGAAGGTATCTC-1,pcsk9_lo,EC
lca_lo_GGGTCTGTCTCGTCGT-1,lca_lo,SMC
pcsk9_wtd_TTTGTTGGTTCCGCGA-1,pcsk9_wtd,SMC
lca_ld_CATTGCCCAGACCCGT-1,lca_ld,SMC
rca_lo_CCTTGTGGTGCCTAAT-1,rca_lo,SMC
lca_ld_ATTCCTAAGGCATGGT-1,lca_ld,DC
pcsk9_lo_CAGATTGAGTAATCCC-1,pcsk9_lo,SMC
rca_lo_AACCTGAAGCGATGCA-1,rca_lo,SMC
lca_fl_ATTCTTGGTGAGTAGC-1,lca_fl,MP
rca_wtd_GAGGGTATCTCCTGAC-1,rca_wtd,FB
rca_wtd_CGTGTCTAGCAAATGT-1,rca_wtd,SMC
rca_lo_GCGTGCAAGGTCATAA-1,rca_lo,SMC
lca_f_GTAGAAAGTTTGAACC-1,lca_f,TC
ctrl_wtd_CTGGTCTTCGGATACT-1,ctrl_wtd,FB
rca_l_GACATCATCGAGTACT-1,rca_l,SMC
2wl_GTCGTTCCAGGCTACC-1,2wl,EC
lca_l_ATGGTTGAGCTTGTTG-1,lca_l,FB
lca_fl_GTTACCCAGTCACTAC-1,lca_fl,EC
rca_ld_TTGCATTTCACAGAGG-1,rca_ld,SMC
2wl_TCGTCCAAGCACAAAT-1,2wl,MP
lca_fl_TAACTTCTCCTCACGT-1,lca_fl,TC
pcsk9_lo_TCTCCGACAAGGTTGG-1,pcsk9_lo,SMC
pcsk9_lo_TCCATCGGTGTCCATA-1,pcsk9_lo,SMC
pcsk9_lo_CCGGACAGTGACCTGC-1,pcsk9_lo,FB
ctrl_fl_TTGGATGCAACTCCCT-1,ctrl_fl,EC
pcsk9_wtd_GTCAGCGAGGAGGCAG-1,pcsk9_wtd,SMC
rca_ld_GCAACCGAGAACCGCA-1,rca_ld,EC
2wl_TACCGGGCATAACTCG-1,2wl,SMC
ctrl_lo_GTCATGATCTCTATAC-1,ctrl_lo,FB
2wr_TTACTGTGTTAAACAG-1,2wr,EC
ctrl_lo_CGCATAAGTGGGCTTC-1,ctrl_lo,FB
rca_fl_CATGCCTTCTAGCCTC-1,rca_fl,EC
lca_l_CCTCACATCACGGACC-1,lca_l,TC
lca_fl_GTGAGTTCATACCAGT-1,lca_fl,EC
lca_ld_TCGATTTAGGTAGCAC-1,lca_ld,DC
lca_ld_TACTTGTGTCAGGTAG-1,lca_ld,DC
lca_ld_ATGGGTTCACAAATGA-1,lca_ld,SMC
lca_ld_ACCCTCACAGGTTACT-1,lca_ld,MP
ctrl_lo_CATCCCAAGCCTCCAG-1,ctrl_lo,SMC
ctrl_fl_AATGACCAGTGAGTGC-1,ctrl_fl,EC
lca_ld_CTGCAGGAGTCTGGTT-1,lca_ld,MP
lca_ld_CTCAATTGTGTGGTCC-1,lca_ld,TC
rca_lo_GTTATGGCATGATAGA-1,rca_lo,SMC
lca_ld_GTTACAGTCTGCAGCG-1,lca_ld,SMC
lca_ld_CCTCTAGAGACATAGT-1,lca_ld,SMC
pcsk9_wtd_TACTTACAGGTGGCTA-1,pcsk9_wtd,FB
rca_lo_TACGGTATCCCATACC-1,rca_lo,FB
lca_l_GAGACCCAGCCTCAGC-1,lca_l,DC
rca_wtd_GTCATCCTCAAGGAGC-1,rca_wtd,MP
rca_lo_CAGCAGCTCTGTCGCT-1,rca_lo,FB
pcsk9_wtd_CTCTCAGGTACAGTAA-1,pcsk9_wtd,SMC
lca_ld_AATGACCGTCCCGCAA-1,lca_ld,MP
lca_ld_GATTCTTGTTCCGCAG-1,lca_ld,TC
lca_ld_ATTATCCTCATAAGGA-1,lca_ld,MP
lca_ld_TCTGGCTAGACCCGCT-1,lca_ld,MP
lca_wtd_AAGCCATTCGATGCAT-1,lca_wtd,TC
pcsk9_lo_ACCTACCCACTACCCT-1,pcsk9_lo,SMC
lca_ld_GATCACATCTTTGATC-1,lca_ld,MP
2dr_TAAGCCACAGCCTTCT-1,2dr,FB
lca_l_CACTAAGAGTAGCAAT-1,lca_l,EC
lca_ld_ACGGGTCAGATCCCGC-1,lca_ld,MP
lca_ld_AGACTCAAGTTAACAG-1,lca_ld,MP
lca_lo_TACTTACCAACGTTAC-1,lca_lo,DC
rca_lo_GGTAACTGTAGGCTCC-1,rca_lo,FB
lca_ld_GGAGAACAGGCAGGGA-1,lca_ld,EC
lca_l_GATGATCCAGCAGTTT-1,lca_l,FB
lca_ld_TAGGAGGGTCCTCCAT-1,lca_ld,EC
lca_l_CGAATTGGTTGTAGCT-1,lca_l,SMC
ctrl_lo_GACATCACAGTTAAAG-1,ctrl_lo,SMC
lca_ld_CCACGAGAGCAGGCTA-1,lca_ld,MP
2dr_AGACTCAGTCGTGCCA-1,2dr,EC
lca_ld_ACAAAGACATCGCTAA-1,lca_ld,SMC
lca_fl_GTGCTGGAGCTGAGCA-1,lca_fl,MP
lca_lo_TCATACTGTGACATCT-1,lca_lo,FB
pcsk9_wtd_GTAGATCCACCACATA-1,pcsk9_wtd,SMC
pcsk9_ld_GCAGGCTGTGGCTGCT-1,pcsk9_ld,EC
pcsk9_wtd_CAAGCTAGTCGTACAT-1,pcsk9_wtd,SMC
lca_ld_TAGGAGGAGTCGCGAA-1,lca_ld,MP
rca_f_TCGATTTAGATGGGCT-1,rca_f,FB
lca_ld_GCCATGGGTGTCCACG-1,lca_ld,SMC
lca_lo_CGCCATTTCCAATCTT-1,lca_lo,SMC
lca_lo_TGTAACGGTTACACTG-1,lca_lo,MP
lca_wtd_TTCAGGAAGAAGCGCT-1,lca_wtd,FB
lca_ld_ACTGTCCAGGGCCAAT-1,lca_ld,SMC
lca_wtd_ATGTCCCAGATCGCCC-1,lca_wtd,MP
lca_lo_TGGTAGTGTAGGTACG-1,lca_lo,SMC
ctrl_wtd_CTTCCGACACGACTAT-1,ctrl_wtd,SMC
ctrl_wtd_TGTCCACTCGTTCAGA-1,ctrl_wtd,SMC
lca_ld_GTAAGTCTCAATGCAC-1,lca_ld,MP
ctrl_wtd_TCACATTGTATCCTCC-1,ctrl_wtd,SMC
rca_l_AGTAACCGTGAAAGTT-1,rca_l,SMC
lca_ld_TGCCGAGTCCCAGGCA-1,lca_ld,MP
lca_l_CATTCCGGTGTCCCTT-1,lca_l,FB
lca_fl_GAGTCTATCGGAACTT-1,lca_fl,NK
pcsk9_lo_GTAGGTTAGGGCAATC-1,pcsk9_lo,FB
rca_l_TGTTACTCATGACTCA-1,rca_l,SMC
lca_l_AGGGAGTCAAGCTCTA-1,lca_l,SMC
pcsk9_lo_ATTCTACGTTGCCTAA-1,pcsk9_lo,FB
pcsk9_lo_TGTCAGATCTACGGGC-1,pcsk9_lo,SMC
lca_ld_ACTATGGGTAATCAGA-1,lca_ld,EC
lca_fl_CATGCGGCACGACGCT-1,lca_fl,SMC
rca_lo_AGGCTGCAGGAGGTTC-1,rca_lo,FB
rca_lo_AACCAACAGTATAGAC-1,rca_lo,EC
lca_lo_GACCTTCGTCGTTATG-1,lca_lo,SMC
pcsk9_ld_CCACTTGGTGAACGGT-1,pcsk9_ld,SMC
lca_ld_CGTCCATTCACCCTCA-1,lca_ld,MP
2wl_ATCCACCAGTTACTCG-1,2wl,SMC
rca_lo_CCTTGTGCAATGCAAA-1,rca_lo,FB
lca_ld_TCAATCTTCGTTCCTG-1,lca_ld,SMC
pcsk9_lo_CCACTTGTCAAGCTTG-1,pcsk9_lo,SMC
rca_ld_ACCCAAATCGAGAAAT-1,rca_ld,EC
lca_ld_ATTCTTGGTCGGAAAC-1,lca_ld,EC
2dl_CCTACGTGTTCCATTT-1,2dl,EC
ctrl_wtd_GACTATGAGTCCCGAC-1,ctrl_wtd,SMC
lca_ld_CTGGTCTAGCGATCGA-1,lca_ld,EC
lca_ld_CAATGACAGGTGCAGT-1,lca_ld,MP
rca_lo_TTGTGTTCAAGGCCTC-1,rca_lo,FB
lca_ld_GTCCCATTCCTGGCTT-1,lca_ld,MP
lca_fl_CCCTTAGTCGACATAC-1,lca_fl,SMC
lca_ld_ATCAGGTCAGGCTATT-1,lca_ld,MP
pcsk9_lo_TCCTTTCCAAGAAACT-1,pcsk9_lo,FB
2wl_GTGCGTGTCCACAAGT-1,2wl,SMC
pcsk9_wtd_AGGGCCTCATATGCGT-1,pcsk9_wtd,SMC
rca_lo_TCCGTGTGTGCCCACA-1,rca_lo,SMC
lca_fl_GATTCGAGTACTGTTG-1,lca_fl,MP
rca_wtd_TGTGCGGTCCTTACCG-1,rca_wtd,FB
lca_ld_GATTCTTAGGGTACAC-1,lca_ld,MP
lca_ld_TCCCACACACCAGGTC-1,lca_ld,EC
ctrl_wtd_CCCTAACAGACCTCCG-1,ctrl_wtd,FB
lca_l_CCGGACAAGATGTTCC-1,lca_l,SMC
lca_fl_TGGGCTGGTTTGACAC-1,lca_fl,MP
rca_lo_AGACAAACAATTGTGC-1,rca_lo,SMC
rca_wtd_GAATAGACACATTCTT-1,rca_wtd,FB
lca_ld_ATGCATGAGACTACGG-1,lca_ld,SMC
pcsk9_wtd_GGAGATGTCTCTGCTG-1,pcsk9_wtd,SMC
ctrl_lo_AGATGAATCGCTCCTA-1,ctrl_lo,EC
lca_fl_ATGAGTCAGACGTCGA-1,lca_fl,SMC
rca_wtd_TGTGCGGTCATGGTAC-1,rca_wtd,SMC
ctrl_wtd_ACTATCTCAGTCGAGA-1,ctrl_wtd,SMC
lca_ld_GGGTGAATCCTTTGAT-1,lca_ld,SMC
2dl_TCAGGTATCAGACTGT-1,2dl,EC
ctrl_lo_ATGTCCCGTCACCGCA-1,ctrl_lo,SMC
ctrl_lo_CTACTATAGCATGGGT-1,ctrl_lo,SMC
rca_lo_GGTGTCGGTGGCTGAA-1,rca_lo,SMC
lca_ld_AAGCGTTAGAGCAGCT-1,lca_ld,EC
ctrl_lo_GTATTTCAGGCGATAC-1,ctrl_lo,SMC
lca_fl_CTGTATTAGCGACTAG-1,lca_fl,MP
2dl_AAGACTCTCGAACCTA-1,2dl,EC
lca_ld_TCACAAGAGGTACAAT-1,lca_ld,MP
lca_ld_ACGGGTCTCGATCCAA-1,lca_ld,NT
2dl_TTTGGAGCATGATAGA-1,2dl,EC
rca_lo_CTTAGGAGTCGCGTCA-1,rca_lo,SMC
lca_ld_CCTCCAACAGATAAAC-1,lca_ld,EC
lca_ld_GCCAGTGTCAGCTTCC-1,lca_ld,MP
rca_l_GAATAGAAGGAGAGGC-1,rca_l,FB
lca_ld_ATCCACCCAACTTGCA-1,lca_ld,MP
pcsk9_wtd_TGGTAGTTCGACGCGT-1,pcsk9_wtd,SMC
lca_ld_AGACAGGCATTGCCTC-1,lca_ld,MP
lca_ld_CGTGTCTCACCTAAAC-1,lca_ld,MP
pcsk9_wtd_TGCATGACAATATCCG-1,pcsk9_wtd,FB
lca_wtd_AGTAACCGTCAGGAGT-1,lca_wtd,NT
lca_fl_TGTCCTGTCTAGTACG-1,lca_fl,TC
ctrl_wtd_ATTATCCTCAGGTAAA-1,ctrl_wtd,FB
rca_wtd_GATTCTTGTATCGGTT-1,rca_wtd,SMC
lca_ld_TCTATCAAGCGCCTTG-1,lca_ld,SMC
rca_ld_AGGGTGATCTCGACCT-1,rca_ld,EC
lca_ld_CGATCGGGTCCATAGT-1,lca_ld,MP
ctrl_wtd_CTGCAGGCAGTTGCGC-1,ctrl_wtd,SMC
lca_l_TGTTGGAGTATACCTG-1,lca_l,SMC
lca_ld_ATCTTCACAACTGCTA-1,lca_ld,MP
lca_l_GTAGCTAGTGATGAAT-1,lca_l,NT
2dr_GCCCGAACAGTGCCTG-1,2dr,EC
lca_ld_GCACGGTTCTCATAGG-1,lca_ld,SMC
lca_ld_ATAGAGATCACTCCGT-1,lca_ld,EC
pcsk9_wtd_CTCACTGGTACGTGTT-1,pcsk9_wtd,SMC
lca_ld_ATTCCATGTGCCTAAT-1,lca_ld,NT
lca_lo_ATTACTCGTTAAGGGC-1,lca_lo,TC
rca_lo_CACACAACACGCGCAT-1,rca_lo,SMC
pcsk9_wtd_CACTGTCGTTACCCTC-1,pcsk9_wtd,SMC
rca_wtd_ATCCACCTCCTCTCTT-1,rca_wtd,FB
lca_ld_CTCCTTTTCTCCACTG-1,lca_ld,MP
lca_lo_TGTTTGTTCTCTCCGA-1,lca_lo,MP
lca_l_ATCATTCGTCGCAGTC-1,lca_l,MP
2wr_TAGTGCAAGCTTAGTC-1,2wr,MP
pcsk9_wtd_TAGACCATCTCGGGAC-1,pcsk9_wtd,SMC
lca_ld_GCGTGCAAGTTTCAGC-1,lca_ld,DC
rca_lo_ATCCCTGCATGTTACG-1,rca_lo,FB
lca_ld_CGTGCTTAGCAAGCCA-1,lca_ld,MP
2wl_TCTGGCTAGATGATTG-1,2wl,SMC
rca_l_CCAAGCGTCCTACGGG-1,rca_l,SMC
rca_lo_TGCTCCACACACAGCC-1,rca_lo,SMC
rca_l_CCCTTAGTCCTCATAT-1,rca_l,EC
lca_ld_CAAGACTGTGTACGCC-1,lca_ld,EC
pcsk9_lo_TCAATTCTCCCTTTGG-1,pcsk9_lo,FB
lca_lo_AAGTACCTCTCTGCCA-1,lca_lo,FB
pcsk9_lo_CGGACACTCGTTAGTG-1,pcsk9_lo,SMC
lca_ld_CACATGAGTACCTATG-1,lca_ld,EC
rca_lo_TGTACAGCAGTTGAAA-1,rca_lo,SMC
ctrl_wtd_GTCCTCATCTTAGCTT-1,ctrl_wtd,SMC
lca_lo_TCCTAATAGCACTAGG-1,lca_lo,EC
ctrl_wtd_AGGATAATCCGTACGG-1,ctrl_wtd,SMC
rca_l_TCAGTCCGTGGCCACT-1,rca_l,SMC
lca_fl_CGGAACCCACCACATA-1,lca_fl,MP
lca_l_GTTGAACGTGATACTC-1,lca_l,SMC
pcsk9_lo_ATATCCTAGGACATCG-1,pcsk9_lo,SMC
lca_l_TGGGCTGTCCTTATAC-1,lca_l,EC
lca_l_GCAGCCACAGCGGTTC-1,lca_l,EC
2dl_AGGTTACCAATCACGT-1,2dl,FB
lca_lo_TCATCCGCATGAGATA-1,lca_lo,SMC
ctrl_lo_TGATTCTGTATCGCTA-1,ctrl_lo,SMC
lca_fl_TTCAATCTCCCAAGCG-1,lca_fl,MP
2dr_GACAGCCTCACCTACC-1,2dr,EC
lca_l_GGAATGGTCTACCAGA-1,lca_l,MP
ctrl_fl_GCTTCACCAGTTTGGT-1,ctrl_fl,EC
pcsk9_fl_TAATCTCCAGCCTACG-1,pcsk9_fl,EC
ctrl_lo_GCACGGTCAAGTTTGC-1,ctrl_lo,FB
ctrl_lo_TCATATCTCTGTTCAT-1,ctrl_lo,FB
rca_lo_CACGTGGCACGCGCAT-1,rca_lo,SMC
2dl_TAGAGTCTCTAGGAAA-1,2dl,EC
rca_lo_ATCTCTAAGCATAGGC-1,rca_lo,EC
2dl_CTCAATTAGACTGTTC-1,2dl,SMC
lca_wtd_CCGATCTAGAGTGGCT-1,lca_wtd,NK
ctrl_wtd_TTTCATGGTTTCAGAC-1,ctrl_wtd,SMC
lca_ld_GTCCCATAGGTAAAGG-1,lca_ld,MP
ctrl_lo_AAATGGATCACTGGTA-1,ctrl_lo,FB
rca_wtd_TTCTGTAAGCTCGCAC-1,rca_wtd,SMC
pcsk9_wtd_ATCGTGAAGCCACCGT-1,pcsk9_wtd,SMC
lca_ld_TCTTTGAGTCCTACAA-1,lca_ld,DC
lca_ld_CATTGCCCAGACATCT-1,lca_ld,MP
lca_ld_GACGCTGCAGATTTCG-1,lca_ld,MP
2wl_CCGGGTAGTACGGGAT-1,2wl,EC
lca_ld_AAACGCTTCGTCTACC-1,lca_ld,NT
ctrl_lo_GTGGCGTGTGCTCCGA-1,ctrl_lo,FB
pcsk9_lo_ATCGTAGGTCATATGC-1,pcsk9_lo,SMC
rca_l_CTACAGACAGGTGGAT-1,rca_l,EC
rca_f_CAGGTATAGGTGAGCT-1,rca_f,FB
ctrl_lo_GTGTGATGTCTGCAAT-1,ctrl_lo,SMC
rca_lo_TCCCAGTTCATTTGTC-1,rca_lo,FB
ctrl_lo_AGGATAACAATACGCT-1,ctrl_lo,SMC
lca_ld_GTGATGTCAGGACAGT-1,lca_ld,MP
lca_lo_CATACAGCATCCTGTC-1,lca_lo,FB
lca_ld_CGTTCTGCATGAAGCG-1,lca_ld,MP
lca_ld_TCATGCCTCCATATGG-1,lca_ld,SMC
lca_l_TTCGCTGGTTAGGGAC-1,lca_l,SMC
ctrl_wtd_CCTCATGAGCAACAAT-1,ctrl_wtd,FB
lca_ld_AAAGTCCGTAGTGATA-1,lca_ld,MP
lca_ld_ACTTCCGTCGCTTACC-1,lca_ld,MP
rca_lo_AAATGGAAGGGCTAAC-1,rca_lo,FB
lca_wtd_TGTGAGTGTTATGTGC-1,lca_wtd,DC
rca_lo_GACCAATCACCAGGTC-1,rca_lo,SMC
2wl_CTACTATTCACTCTTA-1,2wl,DC
rca_l_TAACTTCGTCCTCCTA-1,rca_l,SMC
2dr_AGTACTGAGCTCTGTA-1,2dr,EC
rca_wtd_TGTCCACTCTGTCTCG-1,rca_wtd,SMC
lca_ld_TTGACCCCACTTGGGC-1,lca_ld,MP
rca_l_TTTGGTTAGGGATCAC-1,rca_l,SMC
lca_ld_TGTTGGAAGGTTTACC-1,lca_ld,EC
lca_ld_AGGATAAGTGGTACAG-1,lca_ld,SMC
lca_ld_TCACTATCATGTGTCA-1,lca_ld,MP
pcsk9_wtd_CCTCAACGTGGAACAC-1,pcsk9_wtd,MP
lca_fl_GATGAGGTCTTTGCAT-1,lca_fl,MP
lca_ld_TGTGGCGGTATCGCAT-1,lca_ld,EC
ctrl_lo_GTGCTGGGTCAATGGG-1,ctrl_lo,SMC
rca_wtd_CACCAAAAGGGTCTTT-1,rca_wtd,FB
lca_ld_TGATCAGGTCTACATG-1,lca_ld,EC
pcsk9_lo_AACGGGACATCAGCTA-1,pcsk9_lo,SMC
lca_l_ACAGCCGTCAAGAGTA-1,lca_l,EC
lca_l_TCCACGTTCGTGTGAT-1,lca_l,SMC
lca_lo_TGTTCCGGTAGCACAG-1,lca_lo,SMC
lca_l_GTCGTTCGTATTTCCT-1,lca_l,FB
lca_fl_TAACTTCTCGAGAACG-1,lca_fl,MP
rca_lo_TGTAAGCTCCCTCGAT-1,rca_lo,FB
2wl_CATTGCCTCTGCTGAA-1,2wl,EC
rca_wtd_CACTGTCTCTACTGCC-1,rca_wtd,SMC
lca_ld_CGTTGGGGTTCACCGG-1,lca_ld,EC
rca_lo_GACACGCAGGCTAAAT-1,rca_lo,SMC
lca_ld_ACGGGTCGTACGAGTG-1,lca_ld,MP
lca_ld_CTGCCATCACATGAAA-1,lca_ld,SMC
lca_lo_CACGTTCAGCCACTCG-1,lca_lo,SMC
lca_ld_CACATGAAGCGACTAG-1,lca_ld,SMC
pcsk9_lo_TCGAAGTCATGTTTGG-1,pcsk9_lo,SMC
pcsk9_lo_ACTGCAACAAGCTACT-1,pcsk9_lo,SMC
rca_lo_GTAGGTTGTTGAATCC-1,rca_lo,FB
lca_ld_CAGCAATGTGGATGAC-1,lca_ld,DC
ctrl_ld_ATCGATGTCCGTTGAA-1,ctrl_ld,EC
lca_ld_AGGATAAGTGCATACT-1,lca_ld,SMC
pcsk9_wtd_GGGCTCAAGAAACCAT-1,pcsk9_wtd,SMC
2wl_AGGGTCCCAACGGGTA-1,2wl,SMC
lca_fl_AGCGCCAGTTCACCGG-1,lca_fl,TC
rca_lo_AAGCATCTCCACGAAT-1,rca_lo,SMC
pcsk9_wtd_TACAACGTCTGTAAGC-1,pcsk9_wtd,SMC
lca_l_GGGACAACACACGGAA-1,lca_l,FB
lca_ld_GAAGCCCAGCGTGTCC-1,lca_ld,FB
lca_fl_TGAGACTTCCACCTCA-1,lca_fl,SMC
lca_ld_TCGGTCTCATAGGTTC-1,lca_ld,MP
2wr_CGTTAGATCACTGTTT-1,2wr,EC
pcsk9_lo_TCGGGACCATGAGAAT-1,pcsk9_lo,EC
lca_fl_CAGCACGAGATACAGT-1,lca_fl,MP
rca_wtd_CATTGAGAGACGTCGA-1,rca_wtd,SMC
lca_l_GGAGCAAAGTCGAAAT-1,lca_l,SMC
2wl_CCTTTGGGTATAATGG-1,2wl,NT
lca_ld_TGGAGGAAGATTACCC-1,lca_ld,MP
2dl_GTCGAATCAGACGCTC-1,2dl,MP
lca_ld_GTCTGTCGTGGAACAC-1,lca_ld,MP
lca_ld_CCCTAACGTGCCGGTT-1,lca_ld,MP
lca_lo_ATGATCGTCTCGGCTT-1,lca_lo,SMC
lca_lo_TCAGTCCGTCAGTCGC-1,lca_lo,SMC
lca_ld_GCCAACGCATCCGGTG-1,lca_ld,SMC
rca_ld_TCTTTGAGTGAGAACC-1,rca_ld,EC
2wr_AAATGGATCGTAGCCG-1,2wr,EC
lca_wtd_TGCATCCCAGGCATGA-1,lca_wtd,FB
2wr_TCAGTTTTCAACGTGT-1,2wr,EC
ctrl_lo_CTCCTTTCACCTGTCT-1,ctrl_lo,FB
rca_lo_AGATCCATCGTGGAAG-1,rca_lo,FB
2dl_GAGACCCTCTCTCGCA-1,2dl,EC
lca_ld_TCGAAGTCACGCCACA-1,lca_ld,SMC
pcsk9_lo_CAACGATCACAGCTTA-1,pcsk9_lo,SMC
lca_ld_CAGTTCCTCAAAGAAC-1,lca_ld,MP
ctrl_lo_CATACTTGTTGGCCGT-1,ctrl_lo,FB
lca_ld_GATGGAGAGAGTCCGA-1,lca_ld,MP
pcsk9_lo_TGTCCACTCCAAAGGG-1,pcsk9_lo,SMC
lca_l_GCTTTCGCATGCCGAC-1,lca_l,SMC
ctrl_fl_GGGAAGTAGATTTGCC-1,ctrl_fl,EC
lca_f_CCTGTTGAGTACTGTC-1,lca_f,EC
lca_l_ATCTCTAGTGCTGATT-1,lca_l,FB
2dr_CTCCCTCGTTGTTGCA-1,2dr,EC
ctrl_fl_CAATGACAGCCATGCC-1,ctrl_fl,FB
pcsk9_lo_CCGTAGGCAACTCATG-1,pcsk9_lo,EC
lca_fl_AGCGCTGTCTCCGCAT-1,lca_fl,MP
lca_fl_TCATGCCAGAGGTATT-1,lca_fl,TC
lca_lo_CTAGACAAGCGGCTCT-1,lca_lo,FB
rca_lo_GGGAGTATCTCCGCAT-1,rca_lo,SMC
lca_fl_TGATGCATCCACAAGT-1,lca_fl,MP
lca_ld_GACTATGAGATGGTAT-1,lca_ld,MP
2wl_TCGACCTCAGACACCC-1,2wl,SMC
2wl_GGTGGCTTCAAGCCAT-1,2wl,EC
lca_ld_AGCGATTGTATCGTTG-1,lca_ld,SMC
lca_lo_TTTACTGTCGGTCTGG-1,lca_lo,MP
rca_lo_AGTCAACTCTTCTCAA-1,rca_lo,EC
2dl_GCATGATGTACAGAAT-1,2dl,SMC
pcsk9_wtd_CTGTATTCACTCCCTA-1,pcsk9_wtd,SMC
lca_ld_CCACAAAGTCTCGCGA-1,lca_ld,DC
2wl_AGACTCAAGCTGTTCA-1,2wl,MP
lca_ld_GGATGTTCACCCAATA-1,lca_ld,MP
lca_ld_TTTCATGTCTGGACCG-1,lca_ld,SMC
rca_wtd_TAATTCCGTAGTCGTT-1,rca_wtd,SMC
rca_lo_ACTTTGTGTATCGGTT-1,rca_lo,FB
lca_ld_CTCATCGTCCATCCGT-1,lca_ld,MP
2dr_TTAGGGTCATCCTCAC-1,2dr,EC
ctrl_lo_CTTCTAATCCTATGGA-1,ctrl_lo,SMC
lca_ld_TTCTAGTTCTTAGCTT-1,lca_ld,MP
lca_ld_TTCCGGTTCTCAGGCG-1,lca_ld,EC
lca_ld_CAGAGCCAGTTGTAGA-1,lca_ld,MP
lca_ld_GTGGAAGTCTATCGCC-1,lca_ld,DC
rca_lo_ACAGCCGGTACTGACT-1,rca_lo,SMC
lca_l_TACTTACTCGAGAACG-1,lca_l,SMC
lca_ld_CGGGACTGTCCGAAAG-1,lca_ld,MP
rca_l_TTTCAGTGTGACTAAA-1,rca_l,SMC
rca_wtd_AACAAGAGTGTTCCAA-1,rca_wtd,SMC
lca_l_CCATAAGTCGTCAGAT-1,lca_l,FB
lca_ld_AAGTACCGTCAACGCC-1,lca_ld,SMC
lca_ld_TCAGGTAAGCATGTTC-1,lca_ld,MP
2dl_CAGATTGTCGCTTAAG-1,2dl,EC
lca_lo_CACATGAAGGGAGGTG-1,lca_lo,EC
pcsk9_wtd_CGAGGAATCGGTCTGG-1,pcsk9_wtd,SMC
pcsk9_wtd_GCTGAATAGGCCTGAA-1,pcsk9_wtd,FB
lca_ld_ATACTTCTCCTGGGAC-1,lca_ld,SMC
ctrl_lo_AGACCATAGACGATAT-1,ctrl_lo,SMC
pcsk9_lo_AGGAATATCCAACCGG-1,pcsk9_lo,SMC
lca_ld_AAAGTGATCTGTCGCT-1,lca_ld,DC
rca_lo_TCACACCAGAATCCCT-1,rca_lo,SMC
lca_ld_CTGCATCTCTGCTGAA-1,lca_ld,MP
rca_lo_AAAGGTAGTTCGTACA-1,rca_lo,FB
lca_ld_CAAGCTACAGTAGAGC-1,lca_ld,MP
pcsk9_wtd_CCCAACTAGTGGTTGG-1,pcsk9_wtd,FB
rca_lo_CTCTCAGAGGTGCCAA-1,rca_lo,FB
2dl_GCGTGCATCGAGAAAT-1,2dl,EC
lca_lo_GTGTTCCAGGATGGCT-1,lca_lo,SMC
lca_l_CCTCATGTCACTTGGA-1,lca_l,MP
lca_ld_GTTTACTTCCTTCTGG-1,lca_ld,SMC
lca_ld_CATCGTCGTAGGCAGT-1,lca_ld,MP
lca_l_TCATTACTCAGACCTA-1,lca_l,MP
lca_lo_GCCCAGATCCGTGACG-1,lca_lo,FB
pcsk9_lo_TGAGGAGGTCAACACT-1,pcsk9_lo,FB
rca_fl_ACGATGTTCGCCGATG-1,rca_fl,EC
rca_l_AAGATAGCAAGTTCCA-1,rca_l,SMC
lca_ld_AAGTACCGTCTGTAGT-1,lca_ld,MP
lca_fl_AGTACCACATATGAAG-1,lca_fl,SMC
lca_l_TCATTGTAGAAGTGTT-1,lca_l,FB
ctrl_lo_TGAGTCAAGCAGTCTT-1,ctrl_lo,SMC
lca_lo_GCCGATGGTTTACGAC-1,lca_lo,FB
ctrl_wtd_AAATGGAAGCTACTGT-1,ctrl_wtd,FB
pcsk9_wtd_TAGATCGCAGGTTCCG-1,pcsk9_wtd,SMC
2dl_TCATTCACATCAACCA-1,2dl,EC
lca_l_CCTAACCAGGTATTGA-1,lca_l,SMC
rca_wtd_TTCTCTCGTTGAGGAC-1,rca_wtd,SMC
lca_l_GATAGCTTCTTGGATG-1,lca_l,SMC
rca_lo_TCTATCACACTATCCC-1,rca_lo,SMC
lca_l_TTACAGGGTTAGTCGT-1,lca_l,SMC
rca_l_CGTGCTTAGAGTGGCT-1,rca_l,SMC
lca_l_TCATCCGTCAAGATAG-1,lca_l,SMC
lca_lo_AGTGACTCAGCCATTA-1,lca_lo,NK
pcsk9_wtd_TCATTGTTCATGTCTT-1,pcsk9_wtd,SMC
rca_ld_TGACGCGTCCCTCGAT-1,rca_ld,MP
lca_lo_GTTGCTCCAGATAAAC-1,lca_lo,SMC
rca_l_GTTCCGTCACGGAAGT-1,rca_l,SMC
lca_l_CTGCGAGAGAAGATCT-1,lca_l,SMC
lca_fl_TTCATTGAGTTACTCG-1,lca_fl,SMC
ctrl_wtd_ACACTGATCATGCTAG-1,ctrl_wtd,SMC
rca_wtd_TACCTCGTCCGTCCTA-1,rca_wtd,SMC
ctrl_lo_ATCGTGAGTAGACAAT-1,ctrl_lo,SMC
rca_wtd_GTCATCCCATCCGCGA-1,rca_wtd,FB
ctrl_lo_TTACCGCCAACCGATT-1,ctrl_lo,SMC
lca_l_TTTACTGAGACCTGGA-1,lca_l,MP
pcsk9_wtd_TCAGTTTTCTTCCGTG-1,pcsk9_wtd,SMC
rca_wtd_AGTTCCCCACCCTATC-1,rca_wtd,FB
lca_ld_AGAGCCCCAAGGTCGA-1,lca_ld,SMC
lca_l_GTCAAGTAGGGAGGGT-1,lca_l,FB
lca_ld_GACCTTCCATCCGCGA-1,lca_ld,SMC
pcsk9_wtd_GGGACCTAGCTTTCTT-1,pcsk9_wtd,SMC
lca_wtd_AATTCCTTCTGTTGGA-1,lca_wtd,MP
2dl_TCAATCTGTTCCGCAG-1,2dl,EC
pcsk9_wtd_TCCAGAAAGTTCCTGA-1,pcsk9_wtd,SMC
lca_ld_GAACACTTCGCGGTAC-1,lca_ld,MP
lca_ld_ACATCCCAGAGGGTGG-1,lca_ld,SMC
pcsk9_wtd_GAGAAATAGACTCATC-1,pcsk9_wtd,SMC
2dr_CCCTGATCAAAGCACG-1,2dr,EC
lca_ld_TCTCAGCTCAGATGCT-1,lca_ld,MP
lca_wtd_GTTCCGTAGTGGGAAA-1,lca_wtd,MP
lca_ld_ACTATCTCAAAGGGCT-1,lca_ld,MP
lca_ld_GTGAGGAAGGCCCAAA-1,lca_ld,MP
lca_ld_TTCCGTGTCCATTCGC-1,lca_ld,MP
lca_lo_AAGCATCGTAAGTAGT-1,lca_lo,NK
2wr_CACGTGGTCGCGATCG-1,2wr,EC
ctrl_wtd_GTCATCCAGCTGTTCA-1,ctrl_wtd,SMC
lca_ld_TGCAGGCCAGAACCGA-1,lca_ld,MP
lca_fl_CAAGCTAAGGCCTAGA-1,lca_fl,SMC
lca_lo_GATAGAAAGTCATCCA-1,lca_lo,NT
lca_l_TGTCAGAGTATCCCTC-1,lca_l,SMC
pcsk9_wtd_CAGATACCAAGAATAC-1,pcsk9_wtd,FB
lca_ld_CATCGTCCAGCGTTGC-1,lca_ld,MP
lca_ld_CTTCCGAGTAGCTGTT-1,lca_ld,MP
lca_ld_TACGTCCGTCGTAATC-1,lca_ld,MP
pcsk9_lo_CTGCATCGTAGCGATG-1,pcsk9_lo,SMC
rca_lo_ATTCCCGGTAACATGA-1,rca_lo,FB
ctrl_lo_CTACTATCACGCAAAG-1,ctrl_lo,SMC
ctrl_lo_CGGAACCGTACGTTCA-1,ctrl_lo,EC
lca_l_GCGGATCTCGTGTCAA-1,lca_l,SMC
ctrl_wtd_CTTACCGTCCGTAGTA-1,ctrl_wtd,SMC
lca_l_CGAAGTTGTAACAGTA-1,lca_l,DC
ctrl_lo_TCGGATATCCACGTAA-1,ctrl_lo,FB
rca_ld_AGCGTATCACGCTTAA-1,rca_ld,EC
lca_ld_AGAAGCGGTTGTGCAT-1,lca_ld,SMC
ctrl_wtd_GTGTTCCGTCAGTCTA-1,ctrl_wtd,SMC
lca_fl_CTCTGGTAGAGTTGAT-1,lca_fl,MP
lca_ld_ATCCCTGGTCGGTAAG-1,lca_ld,SMC
lca_ld_AGCGCCACATCCGTTC-1,lca_ld,MP
rca_lo_CTTCGGTGTGCTAGCC-1,rca_lo,SMC
lca_ld_ACTATGGAGTATCCTG-1,lca_ld,MP
lca_ld_GCAACCGGTGCCGAAA-1,lca_ld,EC
lca_ld_TGAGCATAGGCCCACT-1,lca_ld,MP
lca_ld_GGAGGTACATTGACAC-1,lca_ld,MP
lca_ld_TCCTTCTGTGCTGCAC-1,lca_ld,EC
ctrl_lo_TGGGTTATCGCTACGG-1,ctrl_lo,SMC
pcsk9_wtd_GACCAATAGGGCAATC-1,pcsk9_wtd,FB
ctrl_fl_TTCCACGAGCAACTTC-1,ctrl_fl,EC
lca_ld_CAACAACCAGGACTTT-1,lca_ld,MP
ctrl_fl_CCATAAGAGCTAGAGC-1,ctrl_fl,EC
rca_lo_TCGGGACAGGCATCGA-1,rca_lo,FB
lca_l_CTCGAGGAGGCTGGAT-1,lca_l,FB
lca_ld_AGCCAATTCGAACCTA-1,lca_ld,MP
ctrl_wtd_GAATAGAGTTTCGATG-1,ctrl_wtd,SMC
lca_ld_TTGGATGGTCATGACT-1,lca_ld,MP
lca_ld_TGGAGGATCTACCAGA-1,lca_ld,MP
pcsk9_lo_CATCGTCAGGCCACTC-1,pcsk9_lo,SMC
lca_ld_TCTTTGAAGTATAGAC-1,lca_ld,EC
lca_ld_AAGTCGTGTCACTACA-1,lca_ld,MP
lca_ld_GTGGGAATCCGCAAAT-1,lca_ld,MP
2dr_ATGATCGTCGAGTCTA-1,2dr,EC
rca_lo_TGATCAGCATTAGGCT-1,rca_lo,SMC
rca_l_ATCGTGACAGCACACC-1,rca_l,SMC
ctrl_wtd_TTGTGTTGTAGGCTCC-1,ctrl_wtd,SMC
2wl_GACTCTCCACAGCCAC-1,2wl,TC
ctrl_wtd_ACTTATCCAAGCTGCC-1,ctrl_wtd,SMC
lca_fl_ATTCTTGTCTCCCTAG-1,lca_fl,MP
pcsk9_wtd_ATTCATCTCAATCCAG-1,pcsk9_wtd,SMC
lca_l_AGGGAGTGTGAGCGAT-1,lca_l,MP
pcsk9_lo_GTAGATCTCGTTGTAG-1,pcsk9_lo,SMC
lca_l_ACATCCCCATCGCTGG-1,lca_l,MP
2dl_TCACTCGTCATGGTAC-1,2dl,MP
lca_lo_GTGCGTGAGCTGTACT-1,lca_lo,SMC
pcsk9_lo_GAGTTTGGTGACAGCA-1,pcsk9_lo,EC
lca_lo_TGTACAGGTGTGGTCC-1,lca_lo,MP
2dr_AACGTCAAGCACGTCC-1,2dr,EC
lca_l_GTGAGTTAGCCGTAAG-1,lca_l,FB
rca_f_TCTAACTTCTACTGCC-1,rca_f,SMC
lca_l_ACGTTCCAGCTAAATG-1,lca_l,EC
lca_ld_ATGCATGTCGACCACG-1,lca_ld,TC
lca_ld_AGAAGCGAGACTAGAT-1,lca_ld,EC
lca_ld_TATATCCTCCAAATGC-1,lca_ld,MP
rca_fl_TCACGGGCAACGGCTC-1,rca_fl,EC
lca_wtd_TTCCTAAGTGGTCTGC-1,lca_wtd,MP
lca_ld_TACTGCCCAAGCAATA-1,lca_ld,MP
pcsk9_lo_ACCCTCAGTCATTCCC-1,pcsk9_lo,SMC
rca_lo_ACAGCCGCATCACGGC-1,rca_lo,SMC
rca_lo_AGCGCCATCCTCTAAT-1,rca_lo,SMC
ctrl_lo_TGAGACTCAATCTAGC-1,ctrl_lo,SMC
lca_fl_ACATCCCGTCGCGTCA-1,lca_fl,MP
lca_ld_TGTCCTGTCAAGTAAG-1,lca_ld,MP
lca_l_TGATTCTGTGTAACGG-1,lca_l,FB
ctrl_lo_TTGGGATGTTTCCATT-1,ctrl_lo,SMC
lca_l_GAATCACGTAGCTGCC-1,lca_l,FB
ctrl_lo_AACAAAGGTCCTACAA-1,ctrl_lo,SMC
rca_lo_ACGCACGCAATTGCCA-1,rca_lo,FB
rca_l_AAACGAACAAGCACAG-1,rca_l,SMC
2wr_CTTGATTTCGTCGATA-1,2wr,EC
lca_ld_CATCAAGTCTACGCAA-1,lca_ld,MP
lca_ld_TGATCTTGTCAATGGG-1,lca_ld,MP
ctrl_lo_GTTATGGTCAGCCTTC-1,ctrl_lo,SMC
pcsk9_lo_CTTCGGTAGTCACGAG-1,pcsk9_lo,EC
lca_l_CTCCCTCGTCTGCATA-1,lca_l,MP
pcsk9_lo_AGGTCTATCTCACCCA-1,pcsk9_lo,EC
rca_wtd_CCGATGGGTATCACGT-1,rca_wtd,SMC
ctrl_wtd_CCTTCAGTCACCGGTG-1,ctrl_wtd,FB
pcsk9_wtd_TTGGGATTCGGAAGGT-1,pcsk9_wtd,SMC
lca_l_AGGGTCCAGTCCTACA-1,lca_l,FB
lca_fl_TGGTGATGTCGGCCTA-1,lca_fl,TC
2dr_GTTACGAAGGCTGGAT-1,2dr,EC
lca_ld_TTAGTCTCAGCCATTA-1,lca_ld,FB
lca_l_GAGTCATTCCGTGTAA-1,lca_l,FB
lca_ld_TGCTTGCAGGCATGGT-1,lca_ld,SMC
lca_ld_GACGTTAGTTGCATGT-1,lca_ld,EC
rca_lo_TCAAGACAGTATGTAG-1,rca_lo,SMC
ctrl_lo_GACTCAAAGGAACTCG-1,ctrl_lo,SMC
lca_ld_CTCCATGGTGCCTTTC-1,lca_ld,MP
2wr_TATTGCTCAAGAGCTG-1,2wr,EC
rca_fl_TCACATTGTATTGCCA-1,rca_fl,EC
2dl_GAGGCAATCAGCCCAG-1,2dl,EC
pcsk9_wtd_TACTGCCCAGTCTTCC-1,pcsk9_wtd,MP
lca_l_CCTGTTGGTTTGTGGT-1,lca_l,SMC
lca_ld_CTGAGCGCAAGCGCAA-1,lca_ld,EC
lca_l_ATAGGCTCACGTTGGC-1,lca_l,FB
lca_ld_CACAGATTCAAGAGGC-1,lca_ld,MP
ctrl_wtd_TGCTCCAAGTCATGAA-1,ctrl_wtd,SMC
ctrl_lo_CCCTTAGTCGCTGCGA-1,ctrl_lo,SMC
ctrl_fl_GTAGAAACAATTTCTC-1,ctrl_fl,EC
rca_lo_CGCCAGACATAATGCC-1,rca_lo,SMC
lca_lo_GAGCCTGTCAACCGAT-1,lca_lo,SMC
lca_l_GGGTCACAGAAACTGT-1,lca_l,EC
pcsk9_lo_GCAGTTATCGCACGAC-1,pcsk9_lo,EC
lca_ld_AACCAACAGCTTCATG-1,lca_ld,MP
rca_l_TTAGGCATCGCCTCTA-1,rca_l,TC
lca_ld_AGACACTAGAGTCCGA-1,lca_ld,MP
rca_lo_TACGGTATCATTGTTC-1,rca_lo,SMC
lca_f_AGCCACGGTGTGTTTG-1,lca_f,TC
lca_l_TGGTTAGTCGCTGTTC-1,lca_l,SMC
lca_ld_TGATGGTAGTCGCCAC-1,lca_ld,SMC
rca_lo_GGTGATTCATCCGAGC-1,rca_lo,EC
rca_lo_GAAATGAAGATGAATC-1,rca_lo,EC
lca_lo_CTTTCGGCACTATCCC-1,lca_lo,SMC
pcsk9_wtd_TAACGACAGGACAGTC-1,pcsk9_wtd,SMC
lca_ld_TCACAAGGTGTCCTAA-1,lca_ld,MP
rca_lo_GGCGTCATCGGCTATA-1,rca_lo,FB
lca_ld_TAAGCACTCTTGCGCT-1,lca_ld,MP
lca_ld_AACCAACCATTGAAAG-1,lca_ld,MP
lca_fl_AACCCAATCTCGTCAC-1,lca_fl,MP
2dl_ACGGAAGTCAGCTTGA-1,2dl,FB
ctrl_wtd_GTTACGAGTTTGTGGT-1,ctrl_wtd,SMC
lca_l_GAAGTAATCGGAAACG-1,lca_l,SMC
rca_l_GGAGGATAGGACGGAG-1,rca_l,SMC
pcsk9_wtd_GTTATGGCATCATCCC-1,pcsk9_wtd,SMC
rca_lo_AGTTAGCGTAGGTACG-1,rca_lo,FB
lca_fl_TACACCCAGTGTAGAT-1,lca_fl,MP
rca_lo_AGACAAACAACACGAG-1,rca_lo,EC
lca_fl_GAATAGATCTACCACC-1,lca_fl,TC
pcsk9_wtd_GAGTTTGGTCTCTCCA-1,pcsk9_wtd,FB
lca_ld_AGGTCATGTGCTGTCG-1,lca_ld,MP
ctrl_lo_TCACTATAGCACTCGC-1,ctrl_lo,FB
lca_l_CCGTGAGGTCCTTTGC-1,lca_l,FB
pcsk9_wtd_TGACTCCGTTCCTAGA-1,pcsk9_wtd,FB
lca_lo_GGTTCTCAGTTGTAGA-1,lca_lo,MP
lca_ld_CCTTTGGTCCAAGCTA-1,lca_ld,EC
2dr_GATGACTTCCGAACGC-1,2dr,EC
lca_ld_TTGGGCGTCACCGACG-1,lca_ld,MP
lca_ld_GCTACAATCAAACCTG-1,lca_ld,SMC
2dr_GTCAAACAGGAACTAT-1,2dr,FB
lca_ld_TACGGTACACCCAATA-1,lca_ld,EC
pcsk9_wtd_TTCTTCCTCACCCATC-1,pcsk9_wtd,FB
lca_lo_GTTCTATCACAGTATC-1,lca_lo,SMC
2wl_TTAATCCGTGGATACG-1,2wl,SMC
rca_l_GTCGCGAAGAAGCCAC-1,rca_l,SMC
ctrl_wtd_CGATGCGAGGAGAGTA-1,ctrl_wtd,SMC
2wl_CCTCACAAGCTGGCTC-1,2wl,SMC
rca_l_CGTCAAACAGTTAGGG-1,rca_l,FB
lca_l_CCCAACTGTCGATTAC-1,lca_l,FB
lca_ld_CAGGCCAGTTGCAAGG-1,lca_ld,SMC
lca_l_GTCCACTCACTCCGAG-1,lca_l,SMC
lca_ld_TCGGGCAAGAACTGAT-1,lca_ld,SMC
lca_ld_TTGTTGTAGTTGCCCG-1,lca_ld,MP
rca_fl_ATACCTTCAAACTAGA-1,rca_fl,EC
lca_fl_AGGACTTCATCCTTGC-1,lca_fl,MP
ctrl_lo_TTGATGGCACCTATCC-1,ctrl_lo,SMC
lca_wtd_GGAATGGTCGTGCATA-1,lca_wtd,FB
pcsk9_wtd_TAGCACACAGGCCCTA-1,pcsk9_wtd,SMC
rca_lo_GGAGGTAGTCAACCAT-1,rca_lo,SMC
lca_l_TCCTCGAGTAACTAAG-1,lca_l,SMC
2dr_AGACCCGGTCGACTGC-1,2dr,EC
rca_wtd_AGGGCCTGTGAATAAC-1,rca_wtd,SMC
ctrl_wtd_TGGAGAGCAGAATCGG-1,ctrl_wtd,SMC
rca_lo_CCGGACACAGGCTCTG-1,rca_lo,SMC
pcsk9_wtd_ATCACAGGTTCTATCT-1,pcsk9_wtd,SMC
pcsk9_lo_TTCGCTGCAACCGACC-1,pcsk9_lo,SMC
lca_l_AGGAGGTGTGACTGTT-1,lca_l,SMC
pcsk9_wtd_CTTCGGTCAAGGATGC-1,pcsk9_wtd,EC
2dr_GATCGTATCCACGTCT-1,2dr,EC
lca_l_AACCACATCGCTCTAC-1,lca_l,SMC
lca_ld_TAACCAGGTAACATGA-1,lca_ld,MP
rca_lo_CCTCCAAAGAGAACCC-1,rca_lo,EC
pcsk9_lo_AGAACCTCACTTCATT-1,pcsk9_lo,SMC
pcsk9_lo_TACACCCAGCACTAAA-1,pcsk9_lo,FB
pcsk9_ld_TTGGATGTCAGACCCG-1,pcsk9_ld,EC
2wl_GTGGGAACAACACAAA-1,2wl,MP
lca_ld_CTGTATTAGAAGGATG-1,lca_ld,SMC
lca_fl_TCCCAGTGTGGGAGAG-1,lca_fl,EC
rca_l_TGTTCCGTCATGGATC-1,rca_l,FB
2dr_AGAGAGCTCAGTGCGC-1,2dr,EC
lca_ld_AACAACCGTACGTTCA-1,lca_ld,SMC
2wl_AGAAGTACACAACATC-1,2wl,EC
lca_ld_TCCTTTCGTGCCTTTC-1,lca_ld,MP
lca_ld_ACGTTCCTCGAAGCCC-1,lca_ld,SMC
rca_lo_GCTGAATAGCACACAG-1,rca_lo,FB
rca_lo_GTAATGCCAACTCGAT-1,rca_lo,FB
ctrl_lo_TTCCTAAGTCTCAAGT-1,ctrl_lo,SMC
rca_l_GGTCACGTCATTGTGG-1,rca_l,SMC
pcsk9_wtd_TTCTCTCTCTAGGCAT-1,pcsk9_wtd,SMC
lca_ld_TAAGTCGTCTGTAAGC-1,lca_ld,MP
rca_wtd_ACTGTGACATTACTCT-1,rca_wtd,FB
lca_lo_ATTTCTGAGTTCCGGC-1,lca_lo,SMC
pcsk9_wtd_AATGACCCAGTCACGC-1,pcsk9_wtd,SMC
lca_lo_ACTCCCATCTTGGGCG-1,lca_lo,SMC
2wr_GTGTAACCATGTGTCA-1,2wr,EC
lca_l_CCTCAACCAAGAAACT-1,lca_l,FB
lca_ld_ACTTAGGCATACAGAA-1,lca_ld,MP
lca_ld_ATCCGTCAGCCATTCA-1,lca_ld,DC
lca_fl_CACGAATCATAAGCAA-1,lca_fl,MP
lca_ld_TTACTGTCAGACCGCT-1,lca_ld,SMC
pcsk9_wtd_GAAACCTCACAGAAGC-1,pcsk9_wtd,SMC
ctrl_wtd_TTGGTTTAGATTGTGA-1,ctrl_wtd,FB
rca_lo_TCCTTCTAGATGCCGA-1,rca_lo,SMC
lca_ld_GATCAGTCAGTTCACA-1,lca_ld,EC
rca_wtd_ACTTATCTCGTGCATA-1,rca_wtd,SMC
lca_ld_TTACAGGGTACTGTTG-1,lca_ld,EC
pcsk9_wtd_TGAACGTGTCTGTGAT-1,pcsk9_wtd,SMC
lca_l_ACTCCCAGTTTGGCTA-1,lca_l,FB
lca_l_ACCTGAACATGTGACT-1,lca_l,FB
lca_ld_AGGGTGATCTGCGGCA-1,lca_ld,MP
lca_fl_GCCAGTGTCGTCTACC-1,lca_fl,EC
lca_ld_AAACGAAAGGCGAACT-1,lca_ld,MP
lca_l_GGTAACTCAAGCGAAC-1,lca_l,EC
rca_lo_ATGAAAGGTCGAGCTC-1,rca_lo,FB
lca_lo_ATGTCCCCAGCCGTCA-1,lca_lo,MP
lca_l_TCACAAGCACCGCTAG-1,lca_l,MP
rca_wtd_GCATTAGAGTCACGAG-1,rca_wtd,FB
lca_l_GATCGTAAGAGAGTTT-1,lca_l,SMC
2dr_GATGACTGTTTCCATT-1,2dr,EC
lca_fl_TGGGCGTTCTCTGCCA-1,lca_fl,DC
rca_lo_CACGAATAGCTGTGCC-1,rca_lo,FB
lca_lo_CTCAGGGCAAGTGGGT-1,lca_lo,NT
rca_l_ACGTACAAGGTCGAGT-1,rca_l,FB
lca_ld_ATCGTCCTCACCATGA-1,lca_ld,SMC
lca_ld_TAAGCCACATGACAAA-1,lca_ld,MP
pcsk9_lo_ACTGTGAAGTCTAACC-1,pcsk9_lo,FB
pcsk9_wtd_AACAAAGCATTGAGCT-1,pcsk9_wtd,SMC
2wl_CATGCTCCAATACGCT-1,2wl,EC
rca_wtd_ACAAGCTTCCACTTTA-1,rca_wtd,SMC
rca_lo_GGTGAAGTCTAGCCAA-1,rca_lo,SMC
lca_ld_GCAGTTAGTTAGAAGT-1,lca_ld,EC
2wr_GGAATCTAGCATGATA-1,2wr,EC
rca_wtd_AAGGAATAGTGCACTT-1,rca_wtd,SMC
lca_ld_CTCCGATTCTCACCCA-1,lca_ld,MP
lca_ld_AGAAATGTCACAACCA-1,lca_ld,TC
2wl_TGTGATGCAAGTCCCG-1,2wl,MP
ctrl_wtd_CTTGAGAGTTACTCAG-1,ctrl_wtd,SMC
rca_lo_CGGCAGTGTGTGGTCC-1,rca_lo,EC
lca_wtd_CAACGGCGTAATGATG-1,lca_wtd,NK
2wl_AGCGTATAGATTAGAC-1,2wl,MP
lca_ld_TGTCCCAGTACGGGAT-1,lca_ld,MP
lca_l_AGCATCAGTGTGTCCG-1,lca_l,FB
lca_ld_AATGAAGTCTCGTGAA-1,lca_ld,MP
2wl_AGTCTCCAGCTGACAG-1,2wl,EC
lca_ld_CAAGCTACAAGATCCT-1,lca_ld,SMC
rca_lo_GGGAGTAAGGATACGC-1,rca_lo,SMC
2wl_GGTAACTCAAGACGGT-1,2wl,EC
ctrl_wtd_GGGTGTCAGCAAACAT-1,ctrl_wtd,SMC
lca_l_GAGATGGTCGCGTTTC-1,lca_l,SMC
lca_ld_GATAGAACAGTGTACT-1,lca_ld,MP
lca_ld_ATCACAGGTATCGAGG-1,lca_ld,SMC
lca_fl_GCGATCGTCTAGTTCT-1,lca_fl,MP
lca_ld_TAAGCACAGAAGGCTC-1,lca_ld,MP
lca_ld_GCTGCAGGTCAGGTAG-1,lca_ld,EC
lca_ld_ATGGGTTGTAGCTGTT-1,lca_ld,MP
ctrl_lo_CACAGGCGTGCTCTTC-1,ctrl_lo,EC
lca_lo_ACTATCTCAACTGGTT-1,lca_lo,EC
rca_lo_CAACAGTAGTTGGGAC-1,rca_lo,SMC
rca_ld_AGTGATCGTGAACCGA-1,rca_ld,SMC
lca_lo_ACTGCAATCGACCATA-1,lca_lo,SMC
ctrl_wtd_GTGCTGGTCTGCCTGT-1,ctrl_wtd,SMC
lca_ld_GCCAGGTTCCGAGTGC-1,lca_ld,MP
lca_ld_GTCATCCAGGCATGGT-1,lca_ld,MP
rca_lo_AGACAAATCACGACTA-1,rca_lo,EC
ctrl_lo_TCAATTCTCCGGTAAT-1,ctrl_lo,FB
lca_l_TTTCATGCACTTACAG-1,lca_l,EC
rca_lo_GTTGTGAAGTCACAGG-1,rca_lo,SMC
lca_ld_CCTCATGAGATGTAGT-1,lca_ld,MP
2wl_TCCCACAAGACATAGT-1,2wl,SMC
lca_fl_ATTCTTGCACCGGAAA-1,lca_fl,SMC
lca_l_AGAAATGGTGCGGATA-1,lca_l,SMC
lca_lo_TGATTTCGTCAGTCGC-1,lca_lo,SMC
ctrl_lo_TTACCATAGGAACTAT-1,ctrl_lo,FB
pcsk9_wtd_CAACAACCAAGTCATC-1,pcsk9_wtd,SMC
lca_lo_CCGGTGAAGGGTGAAA-1,lca_lo,FB
lca_lo_GCATCGGAGGCACTCC-1,lca_lo,MP
lca_ld_GTAATGCAGTGAGTTA-1,lca_ld,MP
lca_ld_CTAACCCAGTCGGCAA-1,lca_ld,SMC
ctrl_ld_CGGAATTCAGCGAGTA-1,ctrl_ld,EC
lca_ld_CCAATGACAATTCGTG-1,lca_ld,TC
lca_lo_GTACAACAGAATCCCT-1,lca_lo,FB
lca_ld_CCTCCAAGTACGGTTT-1,lca_ld,MP
rca_lo_GAACACTTCAACACCA-1,rca_lo,FB
ctrl_wtd_ACTGATGGTGGTACAG-1,ctrl_wtd,SMC
lca_l_TGTAGACGTAAGATAC-1,lca_l,SMC
rca_lo_TAATCTCGTCGTTGCG-1,rca_lo,FB
2dr_TTTATGCTCAGCTCTC-1,2dr,EC
rca_lo_AACCATGGTGCTGCAC-1,rca_lo,SMC
lca_ld_CATGGTAAGCAGTACG-1,lca_ld,MP
2wl_GGGTTATCAAGGTCAG-1,2wl,SMC
rca_lo_GGCTGTGCATGCAGCC-1,rca_lo,EC
lca_ld_CATCGGGGTGTACATC-1,lca_ld,MP
ctrl_wtd_TACAGGTAGCATGAAT-1,ctrl_wtd,SMC
2dl_AACAAGACATCGATAC-1,2dl,EC
lca_ld_AGACACTAGGATTTCC-1,lca_ld,TC
rca_lo_TAGGGTTCATTCCTAT-1,rca_lo,EC
lca_lo_CAAGCTACAAGGGCAT-1,lca_lo,SMC
lca_lo_ATCCACCTCGCTATTT-1,lca_lo,FB
ctrl_lo_ATTACTCCATAATGCC-1,ctrl_lo,FB
lca_ld_CATTCCGCAGCAGTGA-1,lca_ld,MP
2dr_CGAGTGCTCTAGGAAA-1,2dr,EC
2dl_CCGTGAGAGTGCCCGT-1,2dl,EC
lca_fl_GGGACCTCATACACCA-1,lca_fl,MP
rca_wtd_TCGCTTGCATCATGAC-1,rca_wtd,SMC
pcsk9_lo_CTCCCAATCATAGAGA-1,pcsk9_lo,SMC
rca_wtd_GGTTGTAGTACGCTTA-1,rca_wtd,SMC
rca_l_GTTAGTGTCGTGTGGC-1,rca_l,EC
pcsk9_ld_AGACAGGCAGTTTCGA-1,pcsk9_ld,EC
rca_lo_GGTGATTCAAGTGTCT-1,rca_lo,FB
lca_ld_GGCTTGGAGCACTCGC-1,lca_ld,MP
rca_lo_ATGCGATTCTAACACG-1,rca_lo,FB
lca_l_TCCTTCTGTAAGATTG-1,lca_l,FB
ctrl_wtd_TCTTAGTCAGGACAGT-1,ctrl_wtd,SMC
rca_l_GGATCTATCGGCTATA-1,rca_l,FB
lca_ld_CTCCAACTCTAGATCG-1,lca_ld,MP
lca_wtd_AGTAGCTTCTGTAACG-1,lca_wtd,DC
lca_l_AGTCAACAGAGAAGGT-1,lca_l,SMC
lca_l_ATGGATCTCACGGGAA-1,lca_l,FB
rca_l_AATGACCTCGTGTCAA-1,rca_l,EC
lca_ld_GTATTTCGTTCCTAGA-1,lca_ld,SMC
lca_ld_TGTCCACAGCAAGGAA-1,lca_ld,SMC
rca_ld_GGGTGTCAGATAGGGA-1,rca_ld,EC
pcsk9_lo_AAGCCATAGCTAAGTA-1,pcsk9_lo,FB
pcsk9_wtd_GCATCTCAGGAACTAT-1,pcsk9_wtd,FB
ctrl_wtd_TGTCCCACAGCCTTCT-1,ctrl_wtd,FB
2wl_TAGCACACAAAGGTTA-1,2wl,DC
lca_ld_TGAATCGAGATGACAT-1,lca_ld,MP
ctrl_lo_GTTCCGTAGATTTGCC-1,ctrl_lo,SMC
lca_wtd_ATCCCTGCAGACACAG-1,lca_wtd,MP
rca_wtd_CATGCTCAGTATCCTG-1,rca_wtd,FB
lca_wtd_TCATGGAAGGCACCAA-1,lca_wtd,MP
lca_ld_GCGGATCCAAGTGCTT-1,lca_ld,SMC
lca_l_CTCAGAACAAGTCATC-1,lca_l,FB
lca_lo_GGGTGAATCTGGCCGA-1,lca_lo,SMC
2dr_TAACACGGTCCCAAAT-1,2dr,EC
lca_ld_AAGTTCGCATCCTATT-1,lca_ld,MP
lca_ld_AAGTTCGCAAATCGTC-1,lca_ld,MP
2dr_TTCTAGTCACCTATCC-1,2dr,EC
rca_ld_TACCTGCAGCGTGCTC-1,rca_ld,EC
ctrl_lo_AACGAAACATCCTCAC-1,ctrl_lo,FB
ctrl_lo_CAGATACAGAGCACTG-1,ctrl_lo,SMC
lca_ld_TTTGGAGAGGATTCCT-1,lca_ld,SMC
rca_l_TACCCACAGTAACCTC-1,rca_l,FB
lca_wtd_CATCCACGTATCACCA-1,lca_wtd,MP
lca_ld_GCAGGCTCACTTGAGT-1,lca_ld,MP
rca_fl_ACACTGACACCCTATC-1,rca_fl,EC
lca_lo_TTCATTGTCACGATCA-1,lca_lo,FB
rca_lo_CCAAGCGGTGAGTCAG-1,rca_lo,FB
lca_l_GTGGAGAAGTACCATC-1,lca_l,SMC
lca_ld_TGACTCCCACAAGCTT-1,lca_ld,EC
rca_l_TGCGGCAGTCGCATGC-1,rca_l,FB
lca_l_TATTGCTGTTGTTGCA-1,lca_l,SMC
lca_ld_TATGTTCTCATCCCGT-1,lca_ld,MP
lca_lo_TCTCAGCGTGACTATC-1,lca_lo,FB
rca_lo_CCTCCAACATTCAGGT-1,rca_lo,SMC
lca_ld_AGAGCCCTCTTCCAGC-1,lca_ld,MP
2wr_GTGCAGCAGTGCACCC-1,2wr,EC
lca_ld_TCAATTCTCTAATTCC-1,lca_ld,MP
lca_lo_TTCAGGAAGCATGAAT-1,lca_lo,FB
pcsk9_lo_GGGTCACCAATTGGTC-1,pcsk9_lo,EC
lca_l_TGTGATGCAAGCACCC-1,lca_l,SMC
lca_ld_ACTTTGTTCTTAGCAG-1,lca_ld,MP
lca_ld_ACAGGGATCTAGCCAA-1,lca_ld,MP
lca_ld_CAATGACGTGGCTAGA-1,lca_ld,MP
lca_l_ATACCGAGTACCCGAC-1,lca_l,SMC
pcsk9_wtd_ACATGCACAACTAGAA-1,pcsk9_wtd,SMC
lca_ld_TCGTCCACACTGAATC-1,lca_ld,SMC
pcsk9_lo_ACAAAGATCCTCTCGA-1,pcsk9_lo,FB
rca_lo_GGAAGTGGTCAACGCC-1,rca_lo,EC
2dr_TGTTCCGCACTACAGT-1,2dr,EC
rca_l_GGCAGTCTCCTGATAG-1,rca_l,EC
lca_l_AGAACAATCGGCTCTT-1,lca_l,EC
rca_lo_AGATCCAAGGGTGGGA-1,rca_lo,SMC
rca_ld_TCACGGGGTATCGTGT-1,rca_ld,EC
lca_ld_TATTGCTAGAAAGTCT-1,lca_ld,MP
lca_lo_GCCGTGATCGATTGGT-1,lca_lo,MP
lca_l_AAGACTCAGTGGGAAA-1,lca_l,MP
ctrl_lo_CGTTAGAGTTTCGGCG-1,ctrl_lo,SMC
lca_lo_CAGATCAGTCGTTATG-1,lca_lo,SMC
lca_ld_GTCACTCAGCAGGCTA-1,lca_ld,EC
2dl_TCCCAGTTCGCGCCAA-1,2dl,SMC
rca_lo_GCACTAAGTCAAAGAT-1,rca_lo,SMC
rca_l_ACGGAAGAGCGATGGT-1,rca_l,FB
rca_lo_TTAGTCTGTAACTTCG-1,rca_lo,FB
lca_ld_GCCCAGAAGCGCCTCA-1,lca_ld,SMC
2wl_TGCATGACATGAGAAT-1,2wl,EC
2wr_GTTAGTGCAGAACTTC-1,2wr,EC
rca_lo_TCTTAGTAGAGAACCC-1,rca_lo,SMC
lca_fl_TCAATTCAGATGTTGA-1,lca_fl,MP
rca_lo_ATGGGAGGTCACCTTC-1,rca_lo,EC
lca_l_ACACTGATCAGCCCAG-1,lca_l,FB
lca_fl_GGCTTGGTCTGGAGAG-1,lca_fl,DC
lca_ld_ACATTTCAGGATATAC-1,lca_ld,MP
lca_ld_AAGGAATTCCGTGTCT-1,lca_ld,MP
lca_fl_GAATCGTCATAGAAAC-1,lca_fl,MP
rca_lo_ACATGCAAGAGTATAC-1,rca_lo,FB
rca_wtd_GACTGATGTTTGAAAG-1,rca_wtd,SMC
2dr_GAGTTGTCATGTCTAG-1,2dr,EC
lca_ld_TTATTGCCAGCTATAC-1,lca_ld,MP
lca_ld_CAGCCAGTCATGGAGG-1,lca_ld,MP
lca_ld_GGTGAAGAGTCATTGC-1,lca_ld,MP
rca_wtd_TTTATGCGTACTCAAC-1,rca_wtd,SMC
lca_ld_CTACCTGTCCTAACAG-1,lca_ld,EC
lca_ld_CCCGAAGTCCTGTTAT-1,lca_ld,SMC
lca_ld_ATGCGATAGACTTAAG-1,lca_ld,SMC
ctrl_lo_GCCAACGTCCAGTACA-1,ctrl_lo,SMC
rca_ld_GGGTTATTCGCTCTAC-1,rca_ld,EC
lca_ld_CCATAAGCACCGCTAG-1,lca_ld,MP
lca_l_TAACCAGAGCTGCGAA-1,lca_l,SMC
2dl_CTGCCTAAGTTGGAGC-1,2dl,EC
ctrl_lo_ATCACTTCAAATCAAG-1,ctrl_lo,SMC
2dr_CGGGACTAGCATGCAG-1,2dr,EC
ctrl_fl_CTCCATGAGGCTCTAT-1,ctrl_fl,EC
rca_ld_TGGGCGTGTACCCAGC-1,rca_ld,EC
lca_wtd_CCTAACCAGGTTCTAC-1,lca_wtd,MP
lca_ld_GTGCACGTCCGCAAAT-1,lca_ld,DC
rca_wtd_CTTCCTTAGGTTCACT-1,rca_wtd,FB
pcsk9_wtd_AGTACTGGTGCCCAGT-1,pcsk9_wtd,SMC
2wl_AGTCATGTCTCTTGCG-1,2wl,EC
pcsk9_ld_GACAGCCTCCCGAACG-1,pcsk9_ld,EC
lca_ld_AATCGTGTCGGTCATA-1,lca_ld,TC
lca_wtd_ACCATTTTCCTACCGT-1,lca_wtd,FB
lca_l_TCCTCTTGTGCCCGTA-1,lca_l,FB
lca_l_GATTCGAAGCTATCCA-1,lca_l,SMC
pcsk9_lo_GCTTGGGCACACCAGC-1,pcsk9_lo,SMC
rca_l_ATGCATGAGCAAATGT-1,rca_l,FB
lca_fl_ATACCTTAGTGGAAAG-1,lca_fl,MP
lca_ld_GTTGCGGCAGGCACTC-1,lca_ld,MP
lca_l_ATAGACCTCAAGGACG-1,lca_l,FB
lca_l_GGAACCCAGTGTTGAA-1,lca_l,SMC
2wl_GGAAGTGCAACTTGCA-1,2wl,MP
rca_lo_CTGTACCTCATGGGAG-1,rca_lo,SMC
rca_lo_ACCTACCAGCATGGGT-1,rca_lo,SMC
rca_fl_GCCAACGAGTCATCCA-1,rca_fl,EC
lca_l_CCGTAGGTCATCGTAG-1,lca_l,SMC
rca_l_CCGGTAGAGTTGCTCA-1,rca_l,EC
rca_lo_ATTCTACCACTTGACA-1,rca_lo,SMC
lca_ld_AGGCTGCTCACCACAA-1,lca_ld,SMC
2dl_ACTATCTGTAATGCTC-1,2dl,EC
lca_ld_CGCGTGATCGAATCCA-1,lca_ld,SMC
lca_ld_CTTGAGAAGTAGCTCT-1,lca_ld,MP
rca_lo_GGTCTGGCAGGGTCTC-1,rca_lo,SMC
lca_fl_CATTCCGTCCTGCTAC-1,lca_fl,MP
lca_ld_TAACCAGGTCACTAGT-1,lca_ld,MP
lca_ld_TCAAGCATCAAGAGTA-1,lca_ld,MP
pcsk9_wtd_CACTGTCTCTTTGCGC-1,pcsk9_wtd,SMC
pcsk9_lo_GGTCTGGAGGTCACCC-1,pcsk9_lo,SMC
lca_l_CTACAGATCAATCGGT-1,lca_l,EC
lca_lo_CCTCTAGTCGGCCTTT-1,lca_lo,MP
lca_ld_CGGCAGTTCAGACCGC-1,lca_ld,SMC
ctrl_wtd_TTCCTAATCCAGCACG-1,ctrl_wtd,SMC
rca_l_CACGAATAGGTCGTAG-1,rca_l,FB
rca_lo_TCTCACGGTCTGATCA-1,rca_lo,SMC
ctrl_wtd_AACAACCCACAATGCT-1,ctrl_wtd,SMC
lca_ld_CGTAATGTCTCTTCAA-1,lca_ld,DC
lca_ld_TTCACCGTCACTCGAA-1,lca_ld,MP
lca_lo_CGGAGAAAGAACTCCT-1,lca_lo,MP
rca_l_GTCGTAACACTACAGT-1,rca_l,EC
lca_l_TACTTACGTGCGAGTA-1,lca_l,SMC
lca_l_TTTACTGAGTCCCAGC-1,lca_l,MP
lca_ld_ACCGTTCCAGACCAGA-1,lca_ld,MP
rca_lo_CAATCGAGTCCACACG-1,rca_lo,FB
lca_ld_TGCATGAAGTTTGGCT-1,lca_ld,EC
lca_ld_CCCGGAAGTAACTAAG-1,lca_ld,SMC
lca_ld_GAGATGGAGCGACTTT-1,lca_ld,MP
lca_ld_TCGTAGACACAAGCTT-1,lca_ld,MP
lca_ld_TGTCCCAAGGTTCATC-1,lca_ld,MP
rca_wtd_TTTCGATAGGACGGAG-1,rca_wtd,FB
rca_wtd_ACGTCCTAGCCGTTGC-1,rca_wtd,SMC
lca_fl_AATGCCAGTTACCGTA-1,lca_fl,MP
lca_lo_AGCATCACAGTTGTTG-1,lca_lo,EC
lca_ld_GTTGTGAAGAAACTGT-1,lca_ld,MP
lca_ld_GTTGCTCTCATGGATC-1,lca_ld,SMC
lca_ld_TTCGCTGCAAAGACTA-1,lca_ld,EC
pcsk9_wtd_CCTCCAACACCTCAGG-1,pcsk9_wtd,EC
rca_l_TGCAGATAGTCAGGGT-1,rca_l,SMC
ctrl_wtd_TAATTCCGTACCACGC-1,ctrl_wtd,SMC
lca_ld_GTGTGATCAATTCTCT-1,lca_ld,EC
pcsk9_lo_AAAGAACTCACTTGTT-1,pcsk9_lo,SMC
lca_lo_TCATATCAGAATCTAG-1,lca_lo,EC
rca_fl_GTGGAAGTCGTTGTAG-1,rca_fl,EC
ctrl_ld_GGAACCCCAGCCCACA-1,ctrl_ld,EC
lca_ld_AGAACCTGTGTCCAAT-1,lca_ld,MP
lca_ld_GCTGAATCAGCTGAGA-1,lca_ld,MP
lca_ld_TCAAGCAAGATGGGCT-1,lca_ld,MP
lca_ld_AGGATAACATATGCGT-1,lca_ld,MP
lca_ld_GATTCGACAGGCCCTA-1,lca_ld,MP
rca_wtd_ACTTTCACAGCTGTAT-1,rca_wtd,SMC
rca_ld_ACCTACCCAGCTTTCC-1,rca_ld,SMC
rca_l_AGTGTTGCAGGTTCGC-1,rca_l,FB
rca_lo_GGTGTTATCATCTACT-1,rca_lo,FB
rca_lo_AGGAGGTAGTGCCTCG-1,rca_lo,SMC
lca_ld_TGAGGGAAGACTTCGT-1,lca_ld,MP
lca_fl_TGTTGGACAAGCGAGT-1,lca_fl,NT
lca_ld_CCTACGTCAGTCCCGA-1,lca_ld,MP
lca_wtd_CTGGTCTGTGTCCATA-1,lca_wtd,SMC
rca_lo_CGACAGCAGGGAGGCA-1,rca_lo,FB
rca_lo_GGTGAAGTCTACGGGC-1,rca_lo,SMC
pcsk9_ld_TTTCCTCTCGTCACCT-1,pcsk9_ld,EC
ctrl_lo_TCGACGGCAGGCCCTA-1,ctrl_lo,FB
rca_lo_TGACCCTGTTGACTGT-1,rca_lo,SMC
lca_wtd_CTCTCAGGTAGTGCGA-1,lca_wtd,FB
lca_ld_GACACGCGTGCAGGAT-1,lca_ld,MP
rca_lo_CTTGAGAAGGATTCAA-1,rca_lo,SMC
rca_lo_CACGTTCTCCGTTTCG-1,rca_lo,SMC
rca_lo_CCCGGAATCATTACTC-1,rca_lo,SMC
lca_lo_AGGTTGTCAGCTCTGG-1,lca_lo,SMC
lca_ld_ATAGACCCACAGCTGC-1,lca_ld,MP
lca_ld_TCGTCCAGTGTAACGG-1,lca_ld,MP
rca_l_ACGCACGCACCGAATT-1,rca_l,EC
rca_l_AGATAGAGTCTCCCTA-1,rca_l,SMC
lca_f_AAACCCATCAGGAGAC-1,lca_f,EC
lca_l_ACAGGGATCTTTGGAG-1,lca_l,FB
rca_lo_TAAGCCATCACTACTT-1,rca_lo,SMC
lca_lo_GACACGCGTTCAGTAC-1,lca_lo,SMC
rca_fl_GTAGGTTGTATTGGCT-1,rca_fl,EC
lca_ld_TATCAGGGTCTGGTTA-1,lca_ld,EC
lca_fl_TGGTTAGCAGAAACCG-1,lca_fl,TC
lca_fl_CCGCAAGTCTGAATGC-1,lca_fl,DC
2wr_GAGAAATAGCGATGGT-1,2wr,EC
lca_wtd_GGGACTCCAACTCCCT-1,lca_wtd,MP
rca_wtd_AGGGAGTCACCATATG-1,rca_wtd,SMC
rca_wtd_AACCACAAGGGAGGTG-1,rca_wtd,MP
lca_ld_CTTCTCTCATCCGAGC-1,lca_ld,SMC
2wl_ACGCACGGTAGAGGAA-1,2wl,MP
lca_ld_CGGGACTTCATTGTGG-1,lca_ld,MP
pcsk9_wtd_GTTACCCGTATATGGA-1,pcsk9_wtd,SMC
rca_lo_CACCGTTTCTATTTCG-1,rca_lo,SMC
lca_lo_GCAGGCTTCATCTACT-1,lca_lo,SMC
2wr_TCAATCTCACTAGAGG-1,2wr,EC
pcsk9_wtd_GGAACCCCACCGTACG-1,pcsk9_wtd,SMC
lca_ld_CAGCGTGCAAAGGTTA-1,lca_ld,MP
2wr_GTCAGCGCAGTGTGGA-1,2wr,EC
lca_ld_GAGTCATTCTCGGCTT-1,lca_ld,NT
lca_ld_CGTAATGTCTAGTGTG-1,lca_ld,SMC
lca_ld_ATTCAGGAGGATTTGA-1,lca_ld,MP
ctrl_wtd_CCTCCTCGTATCGCAT-1,ctrl_wtd,SMC
rca_lo_AGTGATCAGTGGACTG-1,rca_lo,SMC
lca_fl_ATGGATCAGTGCTACT-1,lca_fl,DC
pcsk9_wtd_CTGCAGGGTGCCTATA-1,pcsk9_wtd,SMC
rca_ld_CATTTCAAGCATGGGT-1,rca_ld,EC
ctrl_lo_TCTCCGATCCGTCAAA-1,ctrl_lo,FB
lca_lo_AAACGAATCAAGCTGT-1,lca_lo,SMC
lca_ld_CTTACCGCATGTGCTA-1,lca_ld,MP
pcsk9_wtd_TCTCTGGAGTAGAATC-1,pcsk9_wtd,SMC
rca_lo_TCGTCCAGTTAGGCTT-1,rca_lo,EC
lca_ld_ATTGGGTCAGCAATTC-1,lca_ld,EC
2dr_AGCTACATCGTTCAGA-1,2dr,EC
2dl_ATGGAGGCAATTGCCA-1,2dl,EC
lca_ld_GTGCGTGGTTTAGAGA-1,lca_ld,MP
rca_l_TTTCCTCTCCTATTTG-1,rca_l,SMC
lca_l_CACAGATGTTCCGTTC-1,lca_l,SMC
pcsk9_lo_TACCTGCGTCAATCTG-1,pcsk9_lo,SMC
lca_fl_CCTCACAGTGTTACAC-1,lca_fl,SMC
lca_ld_GAATCACGTCAGTCCG-1,lca_ld,MP
lca_l_CTCCCAACAACTGCTA-1,lca_l,MP
lca_ld_TTACAGGGTCATTCCC-1,lca_ld,MP
lca_lo_CAGCACGCAATAGTCC-1,lca_lo,FB
lca_ld_ATATCCTGTCGTATTG-1,lca_ld,SMC
lca_l_TCTACCGCAAGCACAG-1,lca_l,FB
lca_fl_ACGTAGTGTTGTTGTG-1,lca_fl,DC
lca_fl_TCATTCACACAACCGC-1,lca_fl,DC
lca_ld_TCCTTTCGTGATCGTT-1,lca_ld,EC
lca_ld_GGACGTCGTGAGTGAC-1,lca_ld,MP
lca_ld_CCACAAACAAATGGTA-1,lca_ld,EC
lca_ld_GGAGCAAGTTCGGCGT-1,lca_ld,EC
rca_wtd_AAACGAAAGATGAAGG-1,rca_wtd,SMC
pcsk9_wtd_ATTCAGGCACGAAAGC-1,pcsk9_wtd,FB
lca_lo_AGGTCTAAGGAATCGC-1,lca_lo,MP
lca_ld_GATTTCTGTATACCTG-1,lca_ld,SMC
rca_wtd_TCCCATGCAGGTATGG-1,rca_wtd,SMC
lca_ld_TCTCTGGCACAGACGA-1,lca_ld,MP
lca_ld_GCTGGGTAGTATGACA-1,lca_ld,MP
lca_ld_GGATCTATCGAGAGCA-1,lca_ld,SMC
rca_l_AAACCCAAGCCGTCGT-1,rca_l,SMC
lca_ld_CTGTCGTTCAAGGAGC-1,lca_ld,MP
rca_lo_CAAGACTCATCATTTC-1,rca_lo,FB
ctrl_wtd_GGAGGATTCGACTCCT-1,ctrl_wtd,SMC
lca_ld_GCCAGCAGTCGTGTTA-1,lca_ld,SMC
lca_ld_TTCCTAAGTGCCTTCT-1,lca_ld,MP
lca_ld_CTAACTTTCCCTGGTT-1,lca_ld,MP
rca_lo_AACAGGGGTACTAAGA-1,rca_lo,EC
lca_ld_ACAAGCTCACATTCGA-1,lca_ld,MP
rca_wtd_CCTCCTCTCAGCATTG-1,rca_wtd,SMC
lca_wtd_TCTTCCTGTTATGTCG-1,lca_wtd,DC
lca_ld_GGGACCTGTGGCTTAT-1,lca_ld,MP
lca_ld_GGTGATTGTTGTTTGG-1,lca_ld,SMC
lca_wtd_TGGTGATTCCTATGGA-1,lca_wtd,DC
lca_l_GATGCTAAGAAGCCAC-1,lca_l,MP
pcsk9_lo_CTGCGAGCAAATGGAT-1,pcsk9_lo,FB
lca_lo_TCATGGATCCATATGG-1,lca_lo,MP
rca_lo_ATATCCTAGCTCAGAG-1,rca_lo,SMC
lca_ld_CGACAGCAGTGAGGTC-1,lca_ld,EC
ctrl_lo_GCATTAGCAACGAGGT-1,ctrl_lo,SMC
lca_ld_TCAGTCCGTCGGTGAA-1,lca_ld,SMC
rca_lo_TTAGGCAGTTGTCATG-1,rca_lo,SMC
rca_lo_TGTAAGCGTATCGTGT-1,rca_lo,FB
lca_ld_TGTCCACGTTGGAGGT-1,lca_ld,MP
2wl_TTACCATAGGTAGGCT-1,2wl,EC
lca_lo_CTCATTACATCCGAGC-1,lca_lo,MP
rca_lo_AGCATCAAGATGCCGA-1,rca_lo,FB
lca_l_ATGGGTTTCGTAGTCA-1,lca_l,MP
pcsk9_wtd_CTTACCGTCGCACTCT-1,pcsk9_wtd,SMC
lca_ld_GTCTGTCTCCAGCCTT-1,lca_ld,MP
2wl_CACAGGCTCCCAAGTA-1,2wl,TC
lca_fl_CTACCCAAGTCCGCCA-1,lca_fl,MP
lca_wtd_AACAACCCAATTCTTC-1,lca_wtd,MP
rca_lo_GATCACATCATCTACT-1,rca_lo,EC
ctrl_lo_TTTACTGGTCTCTCAC-1,ctrl_lo,SMC
lca_fl_ATTACTCTCAGTGGGA-1,lca_fl,SMC
lca_ld_TCTACCGGTTCCTTGC-1,lca_ld,EC
rca_lo_CATGCGGGTATTCTCT-1,rca_lo,EC
lca_ld_GGGCTACTCTTAGTTC-1,lca_ld,MP
rca_lo_TGTAGACTCGAGCTGC-1,rca_lo,SMC
pcsk9_wtd_TCAATTCTCTGTAACG-1,pcsk9_wtd,FB
lca_ld_AGCGCCACATACCACA-1,lca_ld,EC
lca_ld_CCTTTGGCAGGACATG-1,lca_ld,DC
pcsk9_lo_ATCTTCACATCGTGGC-1,pcsk9_lo,FB
rca_l_TACCTCGCACGTACTA-1,rca_l,EC
2dl_ACACAGTAGGGTCTTT-1,2dl,DC
lca_fl_TAGGAGGAGATCCCAT-1,lca_fl,MP
2wl_TCATGAGTCTGGGAGA-1,2wl,EC
lca_lo_TATTGCTAGATGACAT-1,lca_lo,SMC
lca_ld_GGGCCATGTTCGTAAC-1,lca_ld,MP
2wr_TCTACCGGTGATACCT-1,2wr,EC
rca_f_GCTTTCGGTTCGTACA-1,rca_f,FB
lca_l_GATCAGTAGAGAACCC-1,lca_l,SMC
ctrl_wtd_ACAAGCTTCAGCTGAT-1,ctrl_wtd,SMC
lca_ld_CCCTCTCGTCACGTGC-1,lca_ld,MP
lca_ld_CCTGCATAGTCCGTCG-1,lca_ld,MP
pcsk9_lo_GAATCGTGTAACGGTG-1,pcsk9_lo,EC
lca_l_CTTACCGGTAGTCTGT-1,lca_l,EC
rca_wtd_TTGGGATTCTCACTCG-1,rca_wtd,SMC
rca_wtd_TCGTGGGAGTAGAATC-1,rca_wtd,SMC
lca_ld_GACCAATCAATTCTTC-1,lca_ld,MP
lca_ld_CAACAACCACGGCCAT-1,lca_ld,MP
lca_fl_CCACGTTGTGCAGTGA-1,lca_fl,TC
lca_ld_CTACTATTCTTAGGAC-1,lca_ld,MP
lca_l_GAAACCTTCATCGCCT-1,lca_l,TC
ctrl_lo_GAATCACGTCGCACAC-1,ctrl_lo,SMC
lca_ld_CGCCATTGTCTTCATT-1,lca_ld,SMC
lca_lo_ATCGCCTTCTTCACGC-1,lca_lo,MP
rca_fl_CGGAACCTCTATTTCG-1,rca_fl,EC
lca_ld_AGGTCTAGTACAGCGA-1,lca_ld,EC
lca_fl_GAAGAATAGGGCCCTT-1,lca_fl,MP
rca_l_CTGCGAGAGAGCCTGA-1,rca_l,FB
rca_lo_TGCGATACACATGGTT-1,rca_lo,SMC
lca_lo_ATGAGTCGTGTGAGCA-1,lca_lo,FB
lca_ld_TTCCTAATCGAGCTGC-1,lca_ld,MP
ctrl_lo_TCAGTCCCATTACTCT-1,ctrl_lo,SMC
lca_l_GAGCTGCAGAGAGAAC-1,lca_l,EC
ctrl_lo_TATTTCGGTCGATTAC-1,ctrl_lo,FB
rca_lo_CAAGACTTCACAGTGT-1,rca_lo,FB
lca_ld_ATTCCTAGTGGCTAGA-1,lca_ld,MP
pcsk9_wtd_TGCGATAAGCCTCACG-1,pcsk9_wtd,FB
pcsk9_ld_CTTACCGGTTTACTGG-1,pcsk9_ld,EC
rca_lo_CATCCGTAGTTGTCGT-1,rca_lo,FB
rca_lo_AAAGAACAGAGAGTTT-1,rca_lo,FB
pcsk9_lo_ATCGGCGAGTGCCCGT-1,pcsk9_lo,FB
lca_ld_CGTAGTAGTTAGGCTT-1,lca_ld,SMC
lca_ld_CGTTCTGGTTCACGAT-1,lca_ld,TC
lca_ld_ACATTTCCAAGACAAT-1,lca_ld,MP
pcsk9_lo_GACCGTGGTGTACATC-1,pcsk9_lo,SMC
rca_lo_TTGCCTGGTTATCTGG-1,rca_lo,SMC
rca_l_CAATCGAAGGGCTAAC-1,rca_l,SMC
2wl_CGGGCATAGAGCTGCA-1,2wl,MP
lca_ld_GTCAAACGTGGTCAAG-1,lca_ld,MP
lca_ld_TGTGTGAAGAGCCGTA-1,lca_ld,MP
lca_ld_CAACAACCAAGGGTCA-1,lca_ld,SMC
lca_lo_CGATCGGAGCGTGAAC-1,lca_lo,TC
lca_ld_GCCCGAACACCCTATC-1,lca_ld,SMC
lca_fl_AGGTCTAAGACAGCGT-1,lca_fl,MP
lca_lo_GACCTTCCATGTGCCG-1,lca_lo,SMC
lca_fl_CCCTTAGAGGATACGC-1,lca_fl,TC
lca_l_TAACGACCACATATCG-1,lca_l,SMC
lca_ld_TAACACGAGAGGTCGT-1,lca_ld,MP
rca_l_GGGACTCAGCCTCATA-1,rca_l,SMC
lca_ld_GACCAATCACAGTGTT-1,lca_ld,MP
rca_f_ATCGGCGAGGATCATA-1,rca_f,EC
lca_l_TAGGGTTCATACTTTC-1,lca_l,MP
rca_wtd_GCGGAAATCCATTGGA-1,rca_wtd,FB
lca_wtd_ATTTCACGTCGCAACC-1,lca_wtd,EC
lca_ld_TAGATCGCAGAGGAAA-1,lca_ld,MP
lca_ld_TTCGATTAGGATATGT-1,lca_ld,SMC
lca_fl_AGCCACGTCCGTTGGG-1,lca_fl,EC
pcsk9_lo_GTTGAACTCAAGTCTG-1,pcsk9_lo,EC
lca_lo_TCCTGCAAGTTGTACC-1,lca_lo,SMC
lca_wtd_CAGCAATGTCCGTACG-1,lca_wtd,FB
lca_fl_GTCATGATCCAGTGTA-1,lca_fl,MP
lca_ld_CTGTACCCAAAGGCTG-1,lca_ld,SMC
lca_ld_TTCACGCAGCAGCAGT-1,lca_ld,MP
rca_lo_GAAGCGAAGCGCTGCT-1,rca_lo,FB
rca_lo_TGCACGGCAGTCGCTG-1,rca_lo,FB
lca_l_AAAGGGCTCGCATTGA-1,lca_l,SMC
2wr_GCGTTTCCATTACTCT-1,2wr,SMC
rca_wtd_ATCCCTGCAGGGAGAG-1,rca_wtd,FB
2wl_ATGACCATCTATACTC-1,2wl,EC
rca_lo_GTGCTTCTCAAATGAG-1,rca_lo,SMC
lca_ld_CTCATTACACTGAATC-1,lca_ld,MP
lca_fl_ATTATCCTCAAAGAAC-1,lca_fl,MP
2wl_CACTGAAAGCATGGGT-1,2wl,EC
lca_l_AACGGGACAGAGGTAC-1,lca_l,FB
ctrl_lo_TGTCCACCAAGTTTGC-1,ctrl_lo,SMC
rca_wtd_ATCGTGATCTAAACGC-1,rca_wtd,SMC
lca_wtd_GCCAGTGGTCTACGTA-1,lca_wtd,BC
lca_l_CCCATTGCACGACGCT-1,lca_l,FB
pcsk9_wtd_AAAGTGACAGAGTGAC-1,pcsk9_wtd,SMC
pcsk9_wtd_GTTAGTGCAGGACAGT-1,pcsk9_wtd,SMC
ctrl_wtd_CGACAGCGTCGCTTGG-1,ctrl_wtd,SMC
lca_lo_TACGTCCAGAATTCAG-1,lca_lo,FB
rca_l_CCTGTTGCATACCGTA-1,rca_l,SMC
rca_fl_TAGACTGTCCTTATGT-1,rca_fl,EC
pcsk9_wtd_TCGTGCTGTCCCGGTA-1,pcsk9_wtd,SMC
2wr_CATACAGAGGTTGACG-1,2wr,EC
rca_l_TCCCATGCAATCTCTT-1,rca_l,SMC
ctrl_lo_AGCGTCGAGATGACAT-1,ctrl_lo,SMC
lca_fl_TGCCGAGCACGGGTAA-1,lca_fl,DC
rca_lo_GCATCTCTCCATCTGC-1,rca_lo,SMC
ctrl_lo_TTACTGTGTTGGATCT-1,ctrl_lo,SMC
lca_ld_TGCATCCAGACCAAAT-1,lca_ld,MP
ctrl_lo_GTATTGGGTATAGGAT-1,ctrl_lo,SMC
lca_ld_TGTGCGGCACCTCTAC-1,lca_ld,SMC
ctrl_ld_CTCAGGGTCAGCGCAC-1,ctrl_ld,EC
lca_lo_GGTAATCGTCCGACGT-1,lca_lo,SMC
